address,gft_balance
0x7c0629bbbaf7d68ffaa393e3fedc9b633679fa5f,407960701654779006000000000
0xf977814e90da44bfa03b6295a0616a897441acec,200000000000000000000000000
0x8894e0a0c962cb723c1976a4421c95949be2d4e3,147085944121109108656715967
0xe2fc31f816a9b94326492132018c3aecc4a93ae1,46460942795659020000000000
0xcdef28fe85ab08a6632c97fd90534666c1ae96a3,40926864297796490674998809
0x0639556f03714a74a5feeaf5736a4a64ff70d206,28213037207848334896000000
0xe86d5619ba46f4f3915d9572792e5a58840a2d5b,27999926000000000000000000
0x0d0707963952f2fba59dd06f2b425ace40b492fe,25692630093518392204048754
0x53f78a071d04224b8e254e243fffc6d9f2f3fa23,16951815665198229800000000
0x91dca37856240e5e1906222ec79278b16420dc92,11471428987087310000000000
0x95e63f78bd2fd5ea8a0d58182f3d998558881fda,10205999000000000000000000
0x4982085c9e2f89f2ecb8131eca71afad896e89cb,8067888438894302686806653
0x9239df3e9996c776d539eb9f01a8ae8e7957b3c3,7383836492676790000000000
0xd6216fc19db775df9774a6e33526131da7d19a2c,7378868068403734379099924
0x32e3e876aa0c1732ed9efcf9d8615de7afaef59f,3918152117055373005036862
0xdd3cb5c974601bc3974d908ea4a86020f9999e0c,3847502028258651870231776
0x0389776e4d48384160cd5acde2f61ab9359e757e,3736510843441631156312874
0x17a30350771d02409046a683b18fe1c13ccfc4a8,3077345856959230700000000
0x575b54cbe458fb924c050e92584675fc052d1884,2928998448487650000000000
0x035ae7d933dcbfe617ffba194a88af0c2867b90c,1993670584150940000000000
0xb8e6d31e7b212b2b7250ee9c26c56cebbfbe6b23,1651294273230511620000000
0xa35ebb4568cc4a291a9adf441b925b5419da380b,1450606044306040000000000
0xc156c1b0478f5b12b38f44a132a71a0199baabff,1423477786112162669585295
0x37cc1cf35997c560b3cc4c0c2240fc89826c675c,1351167904000000000000000
0xa72762c89a802887417bbaa92f652c6162f0a3ac,1300000000000000000000000
0xafdfd157d9361e621e476036fee62f688450692b,1201767000000000000000000
0x1e7d6327163978d954a838d0c286c88a8d74eabb,949837149677760000000000
0xd38cf87f114f2a0582c329fb9df4f7044ce71330,819801482087650000000000
0x20b19876d86415f6e452a8b23117d08ef49e17b5,813227156223880000000000
0xaba3002ab1597433ba79abc48eead54dc10a45f2,693383486478683453331790
0x7e68e04390a7d4e714891a4ac54a34cb5f8b4067,659353264150940000000000
0x4068626796a4ffb573452d5297db134371a33a1c,535837375097626286588273
0x0eff0a1d75eecc386b1ab76c2aea9fe0daedfc30,500942921230020000000000
0xe4fe4666939dc2eb39867c7e2348d90593b37bce,500018000000000000000000
0x52a14220be8d961ef20cda813e7d52ff10a0d196,426461289645600000000000
0xb0566e4df2c9cfc07b8025ae651daae673a13307,399837791819889992201216
0x06b75a9288d08583534d9c5f299e469fbf9921a6,378085696999980000000000
0x8611026ff15fea6b96fa81f4a8b9a7a97d3a879e,345460334989950000000000
0xc0bf98352ce9b1778b0127ccf5399471527cece3,336771269818800000000000
0x582cb75f971bf66e154e83f0a128d6fa45fabcc8,314492796367060000000000
0x0bc8b4aa82d4b1aea0e692daf2861ae7a96ce1a0,287158000000000000000000
0x5daf8f20b372034127c918890138d866453d8caa,285147000000000000000000
0xfcdb9a8dbde4fe8c9515b54b0b1904fdcc67c8b1,264261000000000000000000
0x8a842d956da4c7a43a8da685d3475f08f33e74d4,263010700000000000000000
0x2982bb64bcd07ac3315c32cb2bb7e5e8a2de7d67,260805328367267395198272
0x2b42b894876086490de134aaea11893e7cffe045,256728496000000000000000
0xd673f2be47e626fa0768c7bcdb46e4c60fe7954d,252818869432980000000000
0xd9c0f73ebab8a6c676b9bb659a0d26a6139e8218,250010000000000000000000
0xbf957e1c121fa769580d29bf320ee8bff138ad12,249860667314250000000000
0xcaadc58d6370961df05fd35000b1f911a5fb4df3,236170614000000000000000
0x2407b9b9662d970ece2224a0403d3b15c7e4d1fe,211258910000000000000000
0xc420252c944e51c01067013fbbc79134cf77fca8,210970515561182939900944
0xb55a0fe37ceda0ec389d4be0a23f569697389730,201376150000000000000000
0x2401f38b7258e8cc75ea0cf6e23d9a632cb96cbe,200954000000000000000000
0xa82592094a84b5169281c27f9e9ac818551d4d9e,185001100000000000000000
0x2500843b5bfaa43b56f704a9c0422156d7cc7d7b,159742825573177150678846
0x61f18ef74b421aa4dd5821b3e01ad526fe864dba,153647464000000000000000
0x7516e7d47b1c2adac14df78b0fbffbe24f6d0a0a,149995709099999999557632
0x116b429a32dd2a397493b53b995706f81fcb7004,149956956900000000000000
0xd42f209d453988e4910a76503063c0b2c79c82eb,148835216000000000000000
0xf7211973c00b83f8e0c97a4b16a44e73b1c7c4f5,134223187900000000000000
0xa06b985d8973011dae0e0d0877016468115fe85a,124198633500000000000000
0x470217ae3e078aff5fd10f09258fcc620d53ad65,120867106841070000000000
0x452d7b8e943a2b0d5b57a89166470f567a719acc,120500468646000000000000
0x74efb55793f6993050597a0c42cb2f6e111376cd,112205143486190570850809
0xeb6ae478454ff55bb527a4f29a92a8b27da146a9,109332484000000000000000
0xe62a7c3ea518222128109f9edd2019eda2787157,107656483144280000000000
0xed61d313c6f97bd77bac0b834a12d668fdcc0f0a,104563608266250000000000
0x2030ce990b3d0244ae7ccfbf92b9a5f598e3f8d7,103308065303800000000000
0xd89118382bd401a231d2d267f5b1ef1e3a240de0,101202621000000000000000
0x0bd2199ff12dcda7bc14174dec2c922a31fee171,100008793503030000000000
0xbf786d2c25f1373858302efc18aa0a25c9f0bfd9,93763105049481885011592
0x44258aadac1652b629ac377805f277dc813ff429,93734399534950000000000
0xb2be6744a14173912d087e37c94073c6ccd951cb,93649266403579974064128
0x9ea950db3fb712f5aca4521925d33e162bf2930a,93348406001310000000000
0x497ccf666b25f1193153c5875cde72140f4b4c5d,92664748000000000000000
0xdb3ded7731c781224ec292e2163d9554c094fd7c,92281943070560000000000
0x609c9c8529c868f07728852800dfdde5d6b31956,91842000000000000000000
0xc13419ee66a7ac3e0695fec0bfd800ca320fec6b,90512230000000000000000
0x45cafef7b55bd9e3f8fc16dc2deaffd7e7f4ce88,88318370052600000000000
0x53103795fd1a377f9b7ffe46b459b1cc67061522,87905934000000000000000
0xe0d76817fccc4e7b3240c471017e258ff6de0aee,86165653000000000000000
0x8ef4c165ead32c95cb1595a6d1036610f78a077d,84009106298140000000000
0xe0526bff2aeacbe5dd2a0c98b0276144d14f932a,81562480000000000000000
0x10df938d201670f855157a34a32864729b45c7ea,81554908000000000000000
0x12c7435a8b725d845ca2b1b64fa43b404cfddd05,80297212563460000000000
0xd5c5170abd9bd0be1e8783166a46521c685d23b7,80091724500000000000000
0xf147528f482b8ce87648026f93067cdd316ef167,79053137000000000000000
0x09dd7b7dc31e8bcaee6d8dbca3e5162cabfcdcb8,76141020000000000000000
0x8ba6e1d513fd4b560ce2df120608c37c33d7d365,75552357999999990104064
0xdb2c4c44e1bd76cf62814e4b9967f64a0ed814c6,75070720320000000000000
0x6914c2b6749ace2f1de0b1bcdf64b231db0e058e,74287675490750000000000
0x7a83f35c3857bf0cb1f9495435338dd70bc81bc3,73754164000000000000000
0x4fde0dc7e7020225f7bee60394ba454ad6f4934c,72699030000000000000000
0x51213dd3f6774d10611c3709c44c52cbd4fde793,68755320199999999982569
0x08151d144b50553d220fe53002cee0335d0df668,67116323700000000000000
0x3e595694c4284f9dc89555e2c2ea37fa445a00e4,66427710857600000000000
0xa9623d7b245ead78ce8d1a6953d5803212ef9816,66081607397720000000000
0x48ddf6d748aed851a19aa33916b3d05f179a18d5,64452426800000000000000
0x5049c322307d019915715acff5a52727c2fd9851,64071000000000000000000
0xb16731ca39b5d90bd0521e3edca94ce8c3725657,63371553000000000000000
0x135d0ed66301573a70c989333277e36a79330d96,60917787727020000000000
0x26f564d49cb704fac7f57cf3fa17eba3343e0338,59999610200000000000000
0xd74926d621da12fb92547352cec94ad9f5781450,59507800000000000000000
0x67d9042e81905ec8776b55edb363cf8d810b173f,58493994000000000000000
0xcbed523fb71be0a6aed2ec8ab9e8fdf7baf4f6c0,57474336000000000000000
0xd653849100fa1a5f19a4bdc385789300172d69ca,56912430721870000000000
0x9ea0e565e92946c0ec23134604d2d9ed9688c3a5,56582714000000000000000
0x1fa949ae5197e81523c53cd748a590541227f17e,56550112502000000000000
0x091f7cce3ef2fbf1adeb68ba3e15cb47fad0270f,56111812600000000000000
0x5a1f97e9574c0c66a8e114ee04bb59912cf4d2ac,55739250000000000000000
0x5eecc7985aa4f5730ad90062bd7be77ba1eff6d3,55629731800000000000000
0xa2a54f4b8375b576283405dfe67dd9a2f375ee14,55255700000000000000000
0x14dfc1b5b966b9b2904471b8dd1272767c1382fb,55037467551760000000000
0x97a4c4515c3fd15e7e5679856357cdd4dc9075f5,54675000000000000000000
0xbc2c39f478aa3073b2621c9cb51ba728e44325e1,54029132366130000000000
0xde18d830347411c39311964f43bc4fd864b54c3b,52497026000000000000000
0xa1244f21348df6a2b34f6cf34df9ba1de5964ec6,50478000000000000000000
0xa9607e6de683d6cd7bb5b11aff008b8b558061fc,50016091000000000000000
0x34b2e2cd3868d85c5b6ead12ae5cee3b44cc73d1,48421000000000000000000
0xcdc95a137f6d6c81d46cab67826b3f209002261a,47308703456310000000000
0x85bda7199edb65eed4f67aa0d52fe3816b243deb,47011172500000000000000
0x75dea7ef89490684957bb021d9cff88aa9877f63,45779000000000000000000
0x3205d73745ae303e63c421b6703f03e127d4a92b,45626953636080000000000
0xcf7441343ad2060a3d77ff6b09ade47f8f1283b3,43990000000000000000000
0x0852709bf9c95fd322ca8000b93c9ce7bf0a9963,43455596362000000000000
0x001564c8db025288ef87ad9711b0e58cd4c7c0f7,43151760520000000000000
0xeb29ea53419ffd1d497af99eb1037d03ba63baf3,42007258550250000000000
0xc8760c901e18206ea8673288865c2381918b1390,40925516739160000000000
0xabd20852b58c73d7d83c1e1ef9cc569822ab4096,40159502000000000000000
0xfb3a4b79aaadc9e95e5f4ee6689bd4aa0be12fb5,40084824051616607627963
0xd5e82e5e5724a36c159d37adff3a4fbde7c3670f,40013789818740000000000
0x8492ee9adabc106bd072c7f716b5a6d30fdd85a6,39736250600000000000000
0x45642fe12434326defb96294ecd8325969b8badc,39638660000000000000000
0xa8e6d49154516bfa100f9e06b4a4b4dded5dfc34,38964000000000000000000
0xef7365a73dca5e2c40a475e82dd7d1b463777851,38836080896270000000000
0x70268bfa0639d68599ba3870238ac2bd79b9b8d6,37935177366150000000000
0x68c37f11b91e75ff5d6d5613010c59936fbfd067,37854942000000000000000
0x9bccecd8f2cfea72518a5965c69b945fbd3feedb,37850868490730000000000
0xa96be652a08d9905f15b7fbe2255708709becd09,37590450239660000000000
0xa56521e6739cd05a8f08449e6edcd3be409832ab,37234763730000000000000
0x54ba44cae109e1b27e05e4eb024821ae987fa84e,36986126303240000000000
0xb713d2439ec2d528f0e10e08d91449b0bb3ebbf2,36279110000000000000000
0xded3158a9c4b3effaab3f364188e439b6e1e8aea,36237371782500000000000
0x96d1e4a4869ebcbf4a35b9d21321ef6ed2ea787f,35488629599999999934464
0x45efa0dee56c1bd77bd4d46af11acf1c1a727042,35383829900000000000000
0xc4990a4431f38382600a1fec51a99dcbba04f6e9,35359068000000000000000
0x6574ef92b00a3da6f1f4ae5cabab6145d3f5cf2e,35089822000000000000000
0x6e322c19c36d6a80b76c5d5f5c44148fb7217dba,34925264200000000000000
0xa1e03569d7b385f805b6a528c2b02dc1cabd5e8f,34181403235080000000000
0xff751c562594aa381f6274b4b15cf2e0e84b84c1,33551977000000000000000
0x1910cd5336003bb4422432c57e5cc3d2aecf3b4f,33501588045950000000000
0xa2279adaf97d96879da7e86d8992d09373b1ced8,33431854274040000000000
0x808bd86aff7ce1f3ff20368c3a1c4cd8d695d8bd,33369319989460000000000
0xcc362d90be3f62748c0efbfaa991516d6116a317,33302140030000000000000
0xb5f88c01ed81d7289ad9a00be04c899c09d1be84,32766859972930000000000
0x14e76f21f2049b7cc454d9b7e1deaabded7e1603,32752790399990000000000
0x35e418db7861e8587d3cfade5b76537f819a2755,32468495336670000000000
0xcd7d734061a0156f66f39dc7fe00a1ba127b93aa,31578338000000000000000
0x5ef0af4d84d85a61b7f07be83d6edfe8b9f09264,31553120000000000000000
0x3668eaad27cdd2abdfab5c0e7556b30b5cca02a2,30919849000000000000000
0x3119f3597f7c94668f07178770c0b6cb11938b8d,30315879000000000000000
0xfe0f6cec14b9af7dc71084d1443219115aa99832,30028925000000000000000
0xdf314d9d97399f7eae4629b65657e816416a06b2,29827116000000000000000
0x562b6797fb88c491d0091e7f9975af48ae5f8086,29430810000000000000000
0x27a04756601c8c918e0539b6ac94a983bd33c8fe,29359068401620000000000
0x2c577c2e60cc6523d8042aab3aff526bc709db15,29273000000000000000000
0x58008aa92b6de1c672249e954068be4dc7738e66,29223680000000000000000
0xe96006451c7c40bdbf0d569443ff2107b4c727a4,29199296500000000000000
0x01a6f6caaf1f16c7d8912f4f7cffbae1abbf7822,29173000000000000000000
0x4b3f5b3862d5367e1de6d9a42cf11c6b35eb08dd,28824068000000000000000
0x90b6d9d101998000c023ec9185ab09904394da32,28609407654610000000000
0x58f2d3ff3864d4b8582e8c9f61b616f2be9224a7,28291447580000000000000
0x8170311b08c8a36e1687a54470fb8e6e2b4e5c1b,27945840000000000000000
0x4786fc5cd0186ca7a283d08ae0bd021e78b4bd29,27866643227600000000000
0x05abbae89b5fa0b6415083ed9c7b25aa65d8e9f3,27846103000000000000000
0xbca33005b4dbc8717efce7f01b06c890126c8ee9,27607386000000000000000
0xdf488dc28f0939be4877daa4a4eebf9e724387bb,27352880000000000000000
0x3ff19baea007b2f0f74dd1dcb4e7a24b7bdcbdfb,27184928304112154622969
0x99ec9e88208fa4702e2b2c489d789405d3761fc8,26925500000000000000000
0x395a9185a3b8cb916039a614e359cd52eea02b33,26525400000000000000000
0x45a414007e029b8332aea8b2718b4fa6a7f9b6c2,26163718575920000000000
0x2ce5ab998f479ccc49f3cdab21c61cc28a9b8490,25787276000000000000000
0x6bf18baf7819bd6232879d1cef883caf2dcf7e95,25748294039600000000000
0x91ad238549193acc27913f3e076a029bdaddfa6b,25740171352450000000000
0x4e8d3f495fbd45541dfe0957519dd6d9825f1761,25468145028920000000000
0x30103a71cbe9c8d965c4d6c86a1673160c647b32,25397368000000000000000
0x9582209a80aa363d3501c26a7d752af99bd49904,25090949800000000000000
0x3ce8cffb0706991ed276b3eb27d7d9c384ef7954,24927686582947232963009
0x4ed6cf63bd9c009d247ee51224fc1c7041f517f1,24909185440700000000000
0x7fc724169bfd8a55baf36ae37405092fce95f4ef,24641525300000000000000
0x1879851f0f89b14df436abf42814575060faefa1,24326879000000000000000
0x8112d9298ca8dc8fe795d48c05980ca0994e6c71,24214563629480000000000
0x9e8b6d994da0b41a0833edf3566c83729de732ae,24030741600010000000000
0x20516e530c4060805ecefac28896abc50f5a8af6,23257640000000000000000
0x33e02a6994aafe3961fc12e10167a42e82629496,22827909700000000000000
0x4c422bd28125a7f092228a4b8382779be0235b26,22748654672900000000000
0xae494661a1c01a5570963e38a613087cba748c8f,22718798600000000000000
0x093d33e8badf9604257a9f6710d643a192741a6e,22654066411040000000000
0x200e4bb2a43c93bd534cbbae4ad8923c4f8c4f8b,22415520000000000000000
0x9f5ea6af1ce2e330c369b67bf31bdccc1e9a1123,22303478190000000000000
0xde07bfacec341b1da70a1d2c4f519a87b9b6a51e,22149000000000000000000
0x36a953125a59f796d9c45798b571a9d4dc4f7991,22147916000000000000000
0xdc08a0bae372ddeae476f4e8377bc8178c6e8ddc,21792033500000000000000
0x29ce69b33945c5833abfbef158288b53bb20c2b5,21672000000000000000000
0xd3cb20c05362e308359e4a545e6f5939eb5089a9,21613556514920000000000
0x51e79ea88129bfe606e59f657029fde222fd370a,21279108574200000000000
0x889d33097e61db7146b7d04d7eb69cc5c548bdea,20762699500000000000000
0x6d9c09bae58e32c07471c8b1a58f05a0017456d9,20654944400000000000000
0x25fcc74e83ee7e6a9cc0b2c0286fad83a9ce2c51,20559665600000000000000
0x277c9151001acf0c781780bdb271692e4b1ebaf7,20383131701090000000000
0x02faadcf229457412c302e7374edb28b4999a128,20260458100000000000000
0x055a3b37957bfbd3345bed9968e7e8dd56d67066,20176199973448601503350
0x5e57508ce9ad4790f3d6e605a1c3434849dce2d4,19987915014806191538479
0xef1363d4ba7e0551283f6856c9e8346654573eab,19982000000000000000000
0xd3561b37ecb372d7e999062f3de9d8dbc3082b9f,19625366742430000000000
0x8fa23f4a309c77de7e67ee0ccbb1328464820ca1,19519613192050000000000
0xc3acaf4cacddf82a54da10cc2da736fe728ede1c,19466958312000000000000
0x051175a4b8cdb305c54c120776247dc3db4c9669,19340468000000000000000
0x6d2cafd03bdb61631f39ea825ae71c5e508a3ef6,19202706000000000000000
0x4e157fb19a0f8843c92612010dd7e17c834200aa,18989176840000000000000
0xea7c2f7885930ed7c61628f51ac523a629b3e8ae,18884370000000000000000
0x6c95df02c4da9c5c38f8b7de2d12e547208de9f8,18840346899990000000000
0x02505a3f9c7a09baa0f13d8564f8446becf1f55e,18823956800000000000000
0xf3bb5a77194f015cedf81eafee8ed7821cf17f58,18340917700000000000000
0x35a48771497d60366c54ae6527ccaa237848087c,18293390000000000000000
0x57ee575becd38f89f6776d6426dcf91d16f468fc,18291251400000000000000
0x190eb40aa9729f2c476d14b37ad3ef0aa9ab8bc6,18239853800000000000000
0x093104d546e36531c91c632172fadd1c8e9e9f6f,18207840000000000000000
0x2bf678efb4fd492cfe365e75bc78ca6ee5f755d9,18158826836000000000000
0x94e175781785ddc9b716f01db46dbce8dbcb9700,17998830000000000000000
0x77c4f3dd56ad0ababd2f40fb4438e3b1523db72f,17894119175300000000000
0x0a1b51584da55e8ebb9d632a17511543fc63922c,17738583884940000000000
0x0601e9431bfccb7aa93cde8ba4d91ca72cb2ff5b,17651260349910000000000
0x91059147e7f0bc437a6e68b0be5d062d69367742,17246755647210000000000
0x249caf3fc4c2b84ccb59240e5e9b6700c9f05f16,17074032000000000000000
0x5b8ff14f1d2ff96551bd8fbabaaf1cbdba9a9f31,16943948305730000000000
0x868f027a5e3bd1cd29606a6681c3ddb7d3dd9b67,16553617181962619120792
0x047e569ab3b399c5fcfcda6615a3c95c716f8637,16501000000000000000000
0x2c79219e6a35a156ac79441f4e09a8fea6b16d58,16419490000000000000000
0x0b48681b9a37f5aa075ea3fe851faf9b945ca5d6,16401415826000000000000
0x1e1be2a06c7e56d17be9aae8cdea69d976a58712,16289050000000000000000
0x3b6827b9f98b3234a16923a5d95860053f9681da,16241520000000000000000
0x5545e09736272e94c524afcf96eaef95885e3ac5,16136811000000000000000
0x60b5efe6ef4c79145121b0c1c5c001bac37355a0,16088569000000000000000
0x912a893e7f0fbd510d83824ef5e139f1367537e5,15996360000000000000000
0xcf0c41f5154da68668db7aaafd25b16361cf7fd7,15982930000000000000000
0xe362122c0a2f9e6784972cc83d1d58669b2bb662,15925697200000000000000
0x75f59c8e78f87a17846ec74058ade3dfae856e0b,15892987492960000000000
0xcd6b2f67abc1f1a78941c486d319228c8ee2c8f2,15839000000000000000000
0x86496f60635b9f8957fc21c2aef96ba5d6e53d2a,15463962807550000000000
0xf922681cf32c7e6a5b5957db7eff47af35910b89,15458000000000000000000
0xb2ae6003a1528eba3143334b133b6367b972638c,15235000000000000000000
0x85685f2a05099e1c2ac9c690ccf3f200e097239d,15160400000000000000000
0x2a169ac1325b8801ced9b5399baebace81641ac0,15000000000000000000000
0xefdcaab48c3ec26d24205aac8078b8343afd4c06,14983840000000000000000
0xb3580dc0ee83abc5528468e74162fa8141ae3e71,14973770000000000000000
0x9c4dbaaaba87d1bda519a78c6615009389d8b0a0,14960000000000000000000
0xf8da637d57838dbbae1f3fd0c150f508cfb000af,14933606054510000000000
0x091669ec9ae59ee7394573506d21959a351f81d6,14912000000000000000000
0x3228b919f259b5740a1ea08e92e64fcf4ce6fd56,14887066000000000000000
0xfe537e0a13e9e729a4d8fb0d786b6226b69d0e3d,14854110900000000000000
0x94a64537271ccb2af7253cf0904c80336af55722,14667230000000000000000
0xdc6a692b8c4165392d0b84e9561a5a5bdd9cb4a5,14645514000000000000000
0xcfa6853f2eb93972bc97168c126f907fc0c07aa5,14471000000000000000000
0x95009a59be03af0a7dacf8f056d2411fbae628a8,14460350270254693386308
0x1e25749d4b3cda3eb8540b3ac4516331ebeade22,14359906340350000000000
0x0ece3b6746666718343d7449c51bc29a5315b208,14264689000000000000000
0xb9856f5499384af1e577a6764b0f06bae6542034,14256306470216054835308
0x65d555e623b79754c12022babf76957bdb043c50,14229448053100000000000
0x841167cf6fe9bbcf4b1f08b4559ca473a580a713,13915950100000000000000
0x2dfa1d5abd3df5654e28f1bb4552a305bae511d9,13855327000000000000000
0x5d7a28c9c83c0f28f9d7c1bf90e935589b41fce7,13707412500000000000000
0xde9179acde9b039bb342cda5f826aaf932dc580f,13669601000000000000000
0xa89185e6acda7871daec12f57724a9ff36be8f59,13643800000000000000000
0xa634f9d4d4e07d1f634757c9b1f7d0d12f067a69,13573221777360000000000
0xa6c2cd9cfa317f0dc0389fc592baee510ce68b61,13380537921700000000000
0x1be224e52064dafdb9baf2259c209ecea7ffaaf3,13334000000000000000000
0x4800a856eeaa43fb95af3497e465c2af9abe7046,13174805800000000000000
0x191c5def6808a3c736ac9535fb99a9d6ec9f91dd,13166913130000000000000
0x37253b5fe482f284ef9b24dbd612dc3998ef1388,13134650056980000000000
0x3d1ad5b2f9619025cf7d02b13b368b16f09ed84b,12959286635249029691666
0x6db6558c07ed0b7c207c3c935584caa83ded415d,12900456000000000000000
0x1f5981ac5614920adb5f5266fd929e4473df7a17,12738889960680000000000
0x75f1048721986b8f7b06ac862bbfb6d3a5f2cb79,12710536844780000000000
0x72ff5742319ef07061836f5c924ac6d72c919080,12632686305840518702965
0xfb701c417f95505faffabb926a06b8979e829781,12615336000000000000000
0xd65448affe1475f101378a744a62c00f04cf50d6,12548171956810000000000
0x70469a6e4c5971beb91694263d211fd06ee0366d,12452499000000000000000
0x0ca9740508886929ba5e127e2f75928ab263c31d,12286714600000000000000
0x31fe7a5f938187ca1e9112c60f3ee2cdbe86dced,12278700000000000000000
0x2f539065f636040881979bd9891ae9a2fbb9cf86,12166660000000000000000
0xf83a567e2b7cf4db966291c64013b28d7a4493dd,11832944100000000000000
0x59a2f07c6dcfaf90dc39edb945358873797bcce2,11615827975430000000000
0x3bfcf8f64a1101c55cd551964a4d0683bc005434,11551634600000000000000
0x26d9eeb9da0cceba8d655ce7836d2e8ac83e07f2,11499295285400000000000
0xf3e0438b9b83c32958227c39374bd446931e187f,11301709243580000000000
0xaa225debba41f3fe900ab2229d8c7aaecb5f2c18,11193886379780000000000
0x56ac716d5a37ab9fff3243606107e7eccf291a10,11154948333465703615046
0x3039e3372bb58fe79a23e0a589c1cd4f5721a019,11010075200000000000000
0xc4028594506e5779f87c86f1261262fefc0cfeeb,10993878100000000000000
0x8fb1a7cd66c8ae40ea480f937b5d54b0eec52563,10895920000000000000000
0xf63e24b98135c038a01b85f5a2ef139b056fb690,10798175000000000000000
0x291c436bbc73a5c5d25ae1f55ad258df98e0a94d,10705300000000000000000
0xff7a2f4a9f2635fb6038d32125f616a954fa3b17,10681320000000000000000
0x9fd98e2d5cce2b768e6745cc605bcd7c6f14b405,10611000000000000000000
0x790d23992a9709737070033e254c3bc21bc668ee,10586019000000000000000
0x692a1d3521221017e61a9733aec86ee3612a3126,10510000000000000000000
0x575b2d901ddfc0f5dc615d80264cc2a5d5107b4f,10417840000000000000000
0xf9d5a2c7665e9a126e58ec59c68bf931121b55fd,10336726300000000000000
0x6b91c6555ba6cfc2f2be20b805b22efa93bfb7c1,10241934382910000000000
0x43c660889d5cc2b50b898d7e8b15a92abced1253,10225947000000000000000
0x359c634ba5b7a56b3c58107495765311951f68f7,10197373982530000000000
0x8ea970324761a3569b86f65259e52883be5ff3f7,10175000000000000000000
0x4de2769420ac9e19617be0ba516b7ee36cca4957,10166959600000000000000
0xf6b875659515af9699b6a4b01d8120a9f2ff8f2d,10163000000000000000000
0xa3e48777f436012aaa1cdc6cd0838f729b04f7c5,10155916098310000000000
0x8ae54d899f4aba981d83d6f497c9b1d8f739eded,10155651991940000000000
0x01bfe67feba60fc4ac148f22de45876d3700a291,10119749600000000000000
0x1653bf0b0eace0edd7e98d48b02d30d3016b3e9b,10097585419520000000000
0xfe0ef03c4fcbc1dc956f1497a7c53be2a9370c1b,10029539107590000000000
0x20968044c1e200a2ed49dbc57e5fa02688739073,9999000000000000000000
0x13c27277e4f1e9e984f1179388024b5433482adc,9974391677030000000000
0x5eb95a642149e96a315828f551f286e55a421dba,9969000000000000000000
0xe62a2ee36a9b9dcd72452b91e72a2b645f5bcb3e,9968998700000000000000
0xa6026a7d0601a3cc5ba48484d156fce22806c307,9957000000000000000000
0x4f96807271f121106342ad3246679ab7a3601bce,9900000000000000000000
0x6f9cd95dc0b280a87d71cc79af40241364c90c15,9842639550900000000000
0xf0b7c1b822516410d0d98c930d79da3d5f40714a,9829166399990000000000
0xcdbca2fc635b919671683df467f5d64671198a2a,9808500000000000000000
0xdc16dab9eff8269e728dabaaeaeaa130f17000a6,9797185734940000000000
0x7c6f96e56fce91733712f22f6d2a13d32f48629e,9717780000000000000000
0x067e8c34c405019662dd4f7d19e46c687af2547f,9682550700000000000000
0x0e807d9ceecd86271356f824967be21999826f25,9680015500000000000000
0x6658b002aef120bda860dfae3bfc509e956c3623,9611064026070000000000
0x96db907bafc84d2bee2d45f31db1c8ad88c90f85,9551654212109927605108
0x470f2f1503945a2f92e69ed4dc42044cf41e124a,9527711027960000000000
0xeffe60ec0bd219760eb40e8b810c54dd2eddc351,9521445000000000000000
0x5aaf6ed9de37a3359e0409ec148212991020facf,9497319132750000000000
0xac93bc5d46f356e3fc990a4d68dec60f4a64ed14,9409481200000000000000
0x420b06b8d730767105e0fea2e2693305b8676c15,9395600000000000000000
0xb0b35f3b0d379f0602c6ee05110862da05480e9f,9350321900000000000000
0x8c01ca84397b5a36aaa89ab4d6c243075a963efc,9297931600000000000000
0x51d6467e6c665c969058a133fde2804865438383,9209391188234119575218
0xdf1542620a93dd50554c10f7761b15846631083e,9173562370060000000000
0x094326955668ace0d139872351b3363dda48a3ad,9167398300000000000000
0x73b823510916a63dd19cadeea04787ef0da60529,8984845000000000000000
0x13e6a46c7e97b307b9897e5ac7038575496e12fb,8946115050000000000000
0xfdd259f1e1bb1c13f6ab226c914135d53f35f9af,8929107800550000000000
0x18e02f4dc132e390d49da00501e607d89e1596a3,8908000000000000073703
0xd1d60f8b03ab3621ba9b3663c741ddeb9e276023,8822000000000000000000
0x1f6419bdc7811efd536d04171a02afc1a6b19856,8794622000000000000000
0x6537287462ffcb977906f2b895ed718384287315,8726128100000000000000
0x17e0ba512244479d807ef2ceb39dc5a4a9600b09,8714932770810000000000
0xe320c8250eb2e372495b82b98d9aabf1cf83df2d,8658709180580000000000
0x80fb78e376c4d1692e77dce7152a17284b633628,8593587454440000000000
0x30aedc3b9865c87da9c98a09dfdf9266a523d966,8558294000000000000000
0x648037a6a7e203207da83bec065491488d138c6f,8500797200000000000000
0x743a3588828d00937700ea482d6f6529c40eea27,8500000000000000000000
0xcb2aa86023d55e17e55d38949adc73681e54fa5c,8479439999990000000000
0xb5cde8b6d0016df68411eea17e84e849e9c2acea,8474183785960000000000
0xa3589968b563aa2a30b735f8ae5116feb06bfb93,8444588599970000000000
0xb1f6a92a7da876c09c1f099ca7738d280c71fca0,8428302100000000000000
0xf5f73b3bc16134d5dc0bcae886b198d197198548,8416345073432443313152
0x59870bf2f094b71c6125b32f3c790a64caeb53e9,8384358356205832911039
0x9a05342e25f1481e59baef21028cf9ded5c3d4a6,8350062739160000000000
0x7cb8e2896234cbc8494f858e05be30b13ad5ddb7,8185362800000000000000
0x1a7f35c5f96191a1fd4969a94b983b61bc65c854,8136040000000000000000
0x5d28469a7fa7333043974f4343b9f4857ed5e033,8038820000000000000000
0xfbf2f95e75adbe00708788326f25b06ab74effb4,8029120000000000000000
0xda8ee83fe1a9b9cb9161137151d7827f1b3041da,8019753402290000000000
0xd2aaec01357fc7f0db413e01e35ecd5655f61c43,8000000000000000000000
0x892fbf9def2e509eef1c03e7fa19edd9474abf64,7985311594629306208928
0xd0d8244531e5782f66a6c2fac78ee1367abcbf5f,7901055000000000000000
0x25d574697f0496b4014a9e822af14d72791c1ed3,7878000000000000000000
0xc63c5feda3f1382f73f4360ea4fb2626fb46466c,7864900000000000000000
0xd744fedc117d2c2817c6abb6493769a994c528c6,7851182700600000000000
0x2783e81b32e97d021ea002c1346b53212fa2f3f2,7809117280000000000000
0x749b67a4a64c9839059d53e73f2ed095fa53e0c0,7727159500000000000000
0xaceac2576bc74ba793e27ac218b69222767c6c22,7721583817930000000000
0x532fa7cb2bcec5535d7bf1d75263a8c0035211f8,7656227400000000000000
0x7378038ed57c66b52e8cfe38a67713ebfa234198,7590366000000000000000
0x79af55831a14b83983912f29fbf385dfb65bd4b2,7590229408080000000000
0x72414076cb472de4e28d1f20a41b731df45e571b,7570000000000000000000
0xe6d5cf6734986784fe0b05368b254fbfdbb0b59a,7531456000000000000000
0x183bc8ea6dbd323a37c51e6e023ab15928e605f4,7517411556260000000000
0xe7a2ac24d9f1cdd0e3f44424c3317bf7ec524fd1,7498855300000000000000
0x313c6e22035f3ff7a1b10e9fbc4a2e0220439d4d,7472000000000000000000
0xaf91c50f3aca59fd773b6a29dd5569d528285d2c,7468440000000000000000
0xbb6a66d9534973997ee4c7ab0ac73baf315e5aa8,7388996410000000000000
0x5cd52d8ae9ccb58ca4a30d7942408f41a0b83db4,7370946000000000000000
0x2a3590773426cf2470feff65118d15396d2f02b4,7366532000000000000000
0x02514b6a6028b8adf80aeb39875ce7513a981aca,7122580000000000000000
0x595d2659be12d5edad1e5d2756402eb3ad677519,7118000000000000000000
0xed78379ff9015def6f4680a281b3f62011361e02,7075725000000000000000
0x564fd4e060571cdff214c32fe5f6d2f5d8d59419,7054049313020000000000
0x5281695ca03ac194538d4316d83e20c3e8f63aed,7045060000000000000000
0xfdf50fc12df827b161ab79b59091920dd6bd43ea,7002145979630000000000
0xcb7e342ed35b6ed0bf68cc1f8873ddc1ed7ee69d,7000000000000000000000
0xd2458d3bf01aaa57ad776638c9cb5bd85728a460,6993963000000000000000
0x77a1aba3e638120dac7b8aa09b2f95945d135d9a,6894800000000000000000
0x953cedfea542eaf4db813a6a32871f4c69551403,6872509085000000000000
0xe0622ce1a9a433c12a4d7f1d8263f7581ecd2c73,6872186807180000000000
0xe77b3bf63ff0fc6e624d1d61e3ff8f49273a0bd5,6845310000000000000000
0x0efa098229d8a8ededc355f3b5884612253db30c,6839870100000000000000
0xd86229b7ff0c6ef351b17e2395f18769739ec91c,6824840000000000000000
0x91345e6613e1fb06a7e904f8d2921c8c235ed6d8,6809970000000000000000
0xdeaee439991b848142ef1f260669dc73231d1e0f,6807450000000000000000
0xf79d97516da2695fd0c5d4cac00bdf7939222aee,6768189000000000000000
0x88790763acd251c7023fa25ea3cf9b7684177653,6753456141400000000000
0xb75a0530a852892cd5271bd1acecc5569a4623a6,6737076800000000000000
0x3933b049d9630b7610599851bc678768954651d6,6671405000000000000000
0x1043abb88e1777d70cd598033abea0194efd66da,6645915000000000000000
0xdc92f0ec48b08188ec656e8ac7b35c523acb4302,6639759077140000000000
0x3a861b4f98d3dc151feaaefd1971e95651302f3d,6602400000000000000000
0x57e6b071421f95a8837ee4b0b57328838d803a2f,6522000000000000000000
0x368b0e2c42dc4a4107cce2a3be2a20157f3d126d,6505470000000000000000
0x33bf07f6edd06cfd2eb41824a8dbb0de24886e97,6504073154310000000000
0xe79265526cd10ae7f8e580639b5a66a3a9bc3379,6498914300000000000000
0x2116fda9c42837d12de24812d4800835d3b26200,6473853744130000000000
0x000f6644a8013f809dcda0e0f9d6cccb0cf6a739,6470825000000000000000
0x2c4685dd78f6879931eef75ea8ac4f298c691fc5,6467016600000000000000
0xbc1005bfa094aefb7a59ba8302f541ebb3861929,6434113520879171904960
0x129458b41c2b5aa37fda428a7c74ccab650c5d64,6407000000000000000000
0x1fbf1a0684542e4949e4af0a6ad228134c464b06,6323946783440000000000
0x020facfa7b49177e4ff565a912ddb98fa8a8a80f,6319657000000000000000
0x4d727a91bf495ee9323a16d88ddf76a469d2552b,6242700000000000000000
0x0c946362214fb7d4ab86f4a102393dc1042d525c,6193040000000000000000
0x7ae10a88c235f11e207c7595aaad1003b863641e,6121527800000000000000
0x0904d4632be9a4fe55c6f8b91eac94de23336a34,6104859000000000000000
0x56a9d2b2a01bde143fba5022ebbd9cefd9bbeb56,6083870000000000000000
0xb489ef70be48c0d2aa497f80a58e709816eb38b9,6083413700000000000000
0x7c4474ccf36bd02d529c0c34599528eda349b859,6051484610080000000000
0xe605e3723338b6d7e4f936e2ca0813444a70037c,6029042600000000000000
0x7b0acb1b7b75be1eaffaef7dac5a4bbed15daa77,5992840000000000000000
0x983906e7d7fb03a24f99e1e9bc2652954835e6da,5968132665110000000000
0x80ef236dba823e8b34e6f902b7f1fdb4d39e84f8,5912289323390000000000
0x8aaf58960c51b1230f039d9e06fe582593429e27,5893000000000000000000
0x4d49850d2cf362fcb37068fbd962dca892e7d6a9,5874946400000000000000
0xf8a8d59e4dd573320c1f8b33c3aad34a95bcf885,5866393434850000000000
0x0f6f25e12f15cac6412c6ea4db6de72010a72a1b,5840740000000000000000
0x9d20de967c5264d7c5194638a0f71a4001342038,5812988000000000000000
0x8269efcd0209aeb4817d0df4bf28c06b4018f93b,5810205599990000000000
0x73c42737e3e163db577a04f6408cba19dba53f69,5791849299990000000000
0x002cbbb4e49d9267a9522d6283715e483d110b59,5779100000000000000000
0xc12655de192710d78f275ab08532416db4026c1a,5765029600000000000000
0xa65099da95da272be4e2e371a990a7ac8a0ade9b,5755000000000000000000
0x2a940ba165891d7b70bde0aa73530a148881234d,5724412661500000000000
0x979315ade83aa816dcd5c60b0bd360bedafabe4d,5720653637300000000000
0x70fbff17e9496bb1837c721ab47324a0d8057d80,5717940581080000000000
0xb097ae723c4f04088ebbb20d63a894c8c4e1679a,5705058022330000000000
0x040ffe02ef521c6ba42619667d64031f73557b90,5679040000000000000000
0x383d3d9ed80789d670d17cd0cb8de8e749048655,5659875300000000000000
0x483df3a59da0fd7b624431d18cde154f9a3621ea,5644189000000000000000
0xf3e4440ac1b79586e2a4bc652d4ac63940ecd18f,5592840000000000000000
0x4ba74857dea75cd435379f9fd1804b207199c1e3,5546568778000000000000
0x0197040760a840fab7c89fab73dafdb5d175c817,5542188999600000000000
0xf372c96b30db3b0c9aea8a605faf36b2e14aa5b2,5523029900000000000000
0x763b3ec5d3a72347426ea7acf71c0ec8f811a27b,5521520700000000000000
0x6d3fe07c56cee7a7efcbd1676868809f41710b80,5521039500000000000000
0x18720d7d8245dd6b4de76e24d4c7da8eb6402848,5506337500000000000000
0x3ca35413788f5beb30983b88cd95d6ac98004d30,5505623900000000000000
0x6fc4e805e42a92c494579eee12d1bd3e3d9711fd,5438334300000000933888
0x6d5e8a634396e9185573dd6a30a171947046ee39,5432790000000000000000
0x77c86e090b0a34cd87f460602adde616ba4ea317,5404421404310000000000
0x49a361cfd51b21fa16db96443431fbce8cb3728a,5400000000000000000000
0x0d09a061cb78353750d52eb30cfe6ea1136a956a,5360360000000000000000
0x6a7a27ca6fff85a70640dbbf2705ad5b076a25aa,5351016000000000000000
0xde043a5d46ed763fa56d0c1cdbca00b03f8f91fb,5267000000000000000000
0x09dd49824af6bbc0594be4dff60e5a94058887a9,5262745100000000000000
0xc41bb4f6b7d88484e6226232124aed473cf56961,5237000000000000000000
0xb814f4ab9647020637aec24c4bb25a9b60a24e03,5229453300000000000000
0x155c1203c9f3071df8a6e15468f97973caadb126,5199000000000000000000
0x2cc81e3e0c9a6b95eaee4525cf835035ba87a776,5174828000000000000000
0x47fa0c6b40b4dfb925ae81f199c3e7ccbfdf0497,5172389604440000000000
0x2dce8c072457fe4ff69a655378a1421008911b06,5167820000000000000000
0x0557e5f4ace42d0a8de59437938398350abf2144,5158557413158877450116
0xf1dc4f4fbc3476adf772d2db0ff1dd2da0be8941,5153263139990000000000
0xc0edefe56f74861038c7945d1fea775a8b2889d0,5142361000000000000000
0x350c4002e4ab1d29a28f2d3a22a5a789e8a5bdbd,5137099136360000000000
0x35a8900ea2cafd2e73ea5f1969e84932ee1c67b9,5119640489550000000000
0x8cf6c62638160757f0d83bbb96b252e57dcd6325,5118351920641825517820
0x9e9ccd67c10996f67666ff6fc68115b046599acb,5111945065030000000000
0xe23ba26f7591323960e2cddd641ac9f5c850316a,5103718240640000000000
0xffee54cf1ca3e99cb85523f5efbce6ac5757c0a7,5099476900000000000000
0xaaf663e75998757d724abe7dfae7f7c2d56a6948,5098940000000000000000
0x571d18767a3551f4c7904a85b507b780f0d122b7,5093954900000000000000
0x9885c7543eed8a7f384c5cb4e854d5d659cce454,5092871800000000000000
0xc21535b6a905a0c66cffae41341737e53df0ece6,5090919970000000000000
0x530072425d4cb833c4fb3456320ad85c94a42a1d,5082704000000000000000
0xf38c0db6652afc770ae6b02da9e66c0a225690eb,5067781140000000000000
0x8fa9b68a5047574e09f780328b2e35c3475b6ced,5059325369350000000000
0xa498285b1cfe9db2197b5516c1a5c286403fa6bf,5010023999980000000000
0xf0361fd4658a5dd30ff2821d5790be072356dbac,5001895124830000000000
0xa610e03780c129092f1ad20d29be23301628f9b0,5000000000000000000000
0x8d86c82f6a696ac5d5b4082b15280b23b9e4b958,5000000000000000000000
0x18c4bf7c470069b9d18b6a5670e457de3983c299,5000000000000000000000
0x41a69df0e760cf50bad7a4f0d9177a8bdd11cab1,4998840000000000000000
0x3a2359bdf83eeefcbe33a4d317cc19b3a90897b9,4998840000000000000000
0x9c00e84f44e9f068e88152afea3ff9161c5a8c9b,4993240000000000000000
0x6de23b8a2c940ceaee0261262a6a8ca4ce9a5868,4991000000000000000000
0x1ca04cf76835fa55f4299db410455de12eeaea27,4989386570000000000000
0x51b68a28d65d855be85216fca992e5daf0fc5842,4986984000000000000000
0xec2985cfdeb7eb4dcc7a788ed5053276e8dca757,4979360000000000000000
0xda332a2390825a4c5345a1055a1e64ef520102f4,4974627300000000000000
0x8236aaa34bc13ae95853160f7269dd95ba7394b2,4964343535892053289284
0x39d82801deddd9b9ea7acc5bb29cf90761cc0843,4964014000000000000000
0xdcf900f0dfdfc57066507a6b11c3927acc3603c8,4944601251016777971872
0x6b38b15cbb61cec8b085f7b01b5c24cd1589455a,4925267600000000000000
0x3cd144b0d2f59bcf6a87169b4ae7559dccfe2c90,4921684000000000000000
0x90b53a6b55093c2dabc1f0e54ba7fa51d3ebd192,4909075000000000000000
0xedf55cf8608434472fafddb88a417199428e4010,4905570500220000000000
0xb6433e64d8dc95e0c86182e0626a281aff424b88,4901753653390000000000
0x5c3a65a22c1e9c266606ab3d96f8447358054229,4900430000000000000000
0x0819aea9ec5e2b38aa093af7651aed78f59b2584,4898978300000000000000
0xc7fb282ec6f09f002eecd3d90aff8ea2c1cad4c2,4894389309400000000000
0x337d8b5ecf8267f52a9373ad91397cc37512bf08,4886523349520000000000
0xd4f9cb7524b44faad139a9b4496a42a1152577ab,4876072160000000000000
0xdf043dfce77fc54ea9d5b1bb88792571024ca44d,4872500500000000000000
0x610f1b47b205c5a4e6d0254daa9229fa7c159365,4865753688160000000000
0x34df4bc75ac6d673c6a7750245855dfd50e4f154,4855798187800000000000
0x33d14b98f5e9ed1577063c30087af32247a5e8fa,4849822000000000000000
0xa781330c9cf387fefc9ee9b189c29611a079e48c,4847497087300000000000
0xc857c0317973f5161ae48de7529144a3ddac2aac,4844030000000000000000
0xebbff7ca08be3944c1764668ddfb37c9a269cb71,4835472362543991887195
0xba041a1b5c44ad45a713a3ac1330f4cda4f6d015,4832190202070000000000
0xdefa806357a893c00f792bddacc08fe91ea215b3,4821840000000000000000
0x00da444535d73bd9db754bd3cde1a3b72505463a,4821770000000000000000
0xf2bfa0261b121e812ca58f22b071612c8ef04579,4815000000000000000000
0x348d175ea03127a2e96423817109a5ce045e8146,4814824557730000000000
0x27be4bbda0c18a58891ee0aff3f163e1c318452f,4798000000000000000000
0x9000154f43d2381c9449b3d4ed9fa95b7a507795,4794540000000000000000
0x53af47e6db226c64e980879f3b05851a4888cb32,4791150500000000000000
0x310b17dc7e8d7b7e380cb65e14b28a275651150b,4785600000000000000000
0x6312076f053f46dbeec56a09d04c5a50ed7499eb,4766465260000000000000
0x837f7431e56b53fd2e9800cadf339a49af4c06a3,4765458100000000000000
0x772b3996899a253a2d1f4a8eb5ff610f5c3589fb,4754530000000000000000
0x08ccf8cf09d41aa1f51d0267d62e5dbc3fe2610e,4746724096940000000000
0x8c77878f2a2c42fc2c1f09d69bcdd32182e51c16,4744300000000000000000
0xdefb1f50ce78bd2c529f2c35b7cb496499e523a0,4742900000000000000000
0xd13b4111f706d6c025d1d9e6380e44ed85200fc0,4730767000000000000000
0x006e6eae86d599846950463173bffe53f8bad988,4723413000000000000000
0x779e634af91c7585a2dc4b5206204dff65325ac7,4715365000000000000000
0x61fdadb6f5189a82294f62d57fb67d31427f993d,4699872913180000000000
0x77a9207866ef9fd392d8895232c6652b7131a2eb,4696143000000000000000
0x09372c2104754fd23cea6d921262d825b3f46814,4691510700000000000000
0x7b70fb24c64f8e72403d2262c6c29a343b44e810,4687033670000000000000
0x9b97af5a073cf5ddf19e0a79cf945e543035629a,4684332700000000000000
0x83b258d828d7bd2939806b73b64e25193a6a0dc2,4677547236320035440761
0x93febfb727c5812d8191ccceef9c6cb277b309f5,4667362043800000000000
0xbdfd4ded3aa3808ac2bb8e73118ee76f36e4a0a0,4666572000000000000000
0xd10dcff2ca7013311e1435faeada51c65a3a3125,4666520637892688960000
0xcd3eb650292702c739268d2402ad22d2f7e025c2,4645876026950000000000
0x702ddec38957c757418ec009058aecb22cd10f18,4637661000000000000000
0x0797e52239e316e6b0d992cd1cec1a2b59327107,4637323213388013161370
0x96b70ce150c83334aaefb0b662759733da7a81ee,4630462343880000000000
0x4d67c10b9ac508df7330c4165d511cc54a1d7b47,4629490100000000000000
0xff7d298ba0750d60c4eba5b3e264ed8aba50e1e5,4626208000000000000000
0xbfc842f52a75d89672dbdc14985768997713f83e,4622140200000000000000
0x37d457d0ecb79b3f54e7056cdb0e11e22af5267b,4621320000000000000000
0x1ce68c235dd182e4f8440e6e0d8fd015246aeae7,4617491719830000000000
0xc07247c401b146c1c8b99bce04517e1ab79dab0f,4607250000000000000000
0x8d37a5341266428e247d4263c969917cd8081f27,4605000000000000000000
0xdcc5c11c4028a1edbcf491144d8a2499802e2696,4600723900000000000000
0x48a83363e189b89db812155b27d83ab448382ea2,4592968300000000000000
0xe757dd7308719d8631fceb4656854a51c4d72482,4588641000000000000000
0x71266d416709552b8cde0d627b5d909ba8108a25,4583130000000000000000
0xda309b8fe2776cbe4845ac9e16bc9795894eb06f,4579000000000000000000
0x75470877f7da41fe6fa5562e71e437bc2b88e711,4574855000000000000000
0xe22ff295a4cbd8678fa4babf61b057fad1b9155f,4574348095480000000000
0x0c856bde9933c5a08d6185ca78dd943c4af02dc1,4573553654500000000000
0xf55cd0e9e97d8d95acaacc9bac90060b9c5101a6,4559901500000000000000
0x53414ff630ab42522ec7cfd41147db698b80b03f,4555497082560000000000
0x7be761fd3d768899d7b1a65c1047bf1e6e6879e6,4545842283480000000000
0x9cbc3cb7ebed2a3491e9c0670dcfe33b8279821e,4517372607200000000000
0x0341df171814b82adbc36a536db523533fbbc327,4516210000000000000000
0x370982cf412946f3fd31e43eb69118fa86a9462e,4514834400000000000000
0xa8aae5d8f4cb20c1097c1773b051716f54aabfbb,4509220108580000000000
0xe9de8933cbb70036ede0044f8511660fd4e41737,4507224600000000000000
0x1aa8bb8711271541a80ca23d1a06468850cbeefb,4500000000000000000000
0x8ae2f5f86064e79c0762e60bfe72c5561d4f6b67,4499670000000000000000
0x51c556a35e134cbdc08bd275763a65bda23df91e,4496350700000000000000
0x1d32bd51498a2b747a3c689af9a470b3f86f77e9,4486238800000000000000
0x77d0de6768c5f9800955dc68d5d09e078edf4cc5,4485162906500000000000
0x3da1d718a276adda7481d4a5e7bb5275fdb01a6d,4484000000000000000000
0xf730eed91deb14cf8dfbaba829731d7df136ede3,4477359500000000000000
0xac5a58fb6e4bb48e246017cec63bb0a517d35af7,4471000000000000000000
0xf8c566db709d92daad5ceadfdd09597484e5f753,4464133488563311229870
0x9e27029a9ef1e17660d46d5db3aff47e8b18d6de,4463235259300000000000
0x264b60a072566d0e2a1a06c69d95336a5ed49470,4460566540000000000000
0x23732fc12f91a470e1e605e8f9da7c9c7a7eb2c9,4460564784820000000000
0xbceee1fa4896f88845ee610e27f7d68fbe3dadcb,4453306000000000000000
0xf05da71569b5e7aba3c0311fd957a0b09490a521,4444356120000000000000
0x79099f68ff4c23228bd92dfc1a163a9ce20d3d2a,4443687460700000000000
0xea615f58ea0691c0e1b40ddbe40ed9cf1e0a4dc1,4435786500000000000000
0x09032c34346797e5b42665a6ab3a5e5b6d1a6476,4432751684060000000000
0xc2431ab25b22913b7f35aaa5669afff1a70acc78,4432331457720000000000
0x5e7f6f906abf67338a27baafb84a3b1fb8126cf8,4423721583730000000000
0x5795d37196c62ba48dff44ac56ae3888d51bec4a,4416810366530000000000
0x00716012f35066eb5b658faba172b9b13a122a7d,4413480000000000000000
0x0d1d8b4edac81d77836d85ee4c66347be13f6e08,4413200000000000314572
0x29308155c02491660ef00d8117a59d4ba0e30446,4411628734450000000000
0xe1a5b93e6547f87debfc0566cabe4037cbbbd0b0,4407559000000000000000
0x75f560eb3fdc1d65302e6029575a90c4747c2cc7,4405195000000000058723
0x86f927c0d697cd04e30c48eba7cb331ed3a3189f,4391622546940000000000
0xbed5aa03e2fa9a72804d29fed0b9dcf96658feb9,4390382900000000000000
0x238c12d7c076889c2daf788b235862f04c77b36e,4388300000000000000000
0x4aeab85e76b4a1340bfda0fadecb2015fa6d8b07,4379290000000000000000
0xdcedd6d73cfb528b1c2d99c51db1a9f02d1773f2,4375213000000000000000
0xec2595cbbde40162124b1d8e34f26512c32d8cf0,4363236900000000000000
0x209a7152a6b668041985cd7516faa96406f5916f,4362210000000000000000
0x70bffc683d95d5600bfa2a108c0083c453848f33,4360600000000000000000
0x7823a8218124dcbdd6b9874b98e23a25ede16c76,4343886000000000000000
0xcb00dd2a9e7a0d33ebcbf2be41f4c3227e62473f,4342726000000000000000
0x2cbfcfb73604bf27ba3263d632834225aa45f63f,4329676000000000000000
0xabdfd1cf11f574fbd2ae65f76c14e981e55bb8ce,4319934288746576689886
0x8a14b1e2ac1008b2fb0460f70d0fa292a35cc876,4301280000000000000000
0x0cba90ec1727a127e083ba9b152c656fb6666678,4300000000000000000000
0x0fd3cc6e66bc3ecbd43863ffd7487b7b9f19073c,4293781003580000000000
0x22d2beca5dd0b2b83a42f192955a7b83eadcdeb6,4278295518220000000000
0xebf84e9a65b3a7f2ff5a2b43ece14ef7141a3922,4269000000000000000000
0xd1130008d5e0cc77005d0337fb225ee8c8038899,4262810000000000000000
0x4147f915dfb91373dbe30158787d78df0665b1db,4262770000000000000000
0xeb0659c2705865f5d4aaf940b94f6917c15f24b4,4254088525660000000000
0xe16282e28800a2f5ac8617b3790deb67d38b28d0,4252172000000000000000
0x3e5352d24d0de90244644720a3889f04aab729da,4249840000000000000000
0x89502ac32153650a47b474e8c31a6085599df028,4243000000000000000000
0x0cdd7abc0f8cf9a355ffb5057237717ccd1fc7e5,4239142969120000000000
0x7022b91fc9dc66ca6c96d9babcc41823863e9d4b,4227474000000000000000
0x9ae8930990375b39ea5e00ae3abe73dd8462b569,4226749000000000000000
0x5c7a4b9aa7860343881f5591042a5465814b00be,4225499000000000000000
0xbe1d89400b939b167ed441e4fc23bfa7f8a59108,4217590000000000000000
0x33199039ec8a70581d08eda1b442748c5c25df78,4214564800000000000000
0xd174ddbc950224ad07968aa11c99a07d985ee0ab,4208549800000000000000
0x0affebb0fcd8d147ef65a8ed1543297900a90381,4201960000000000000000
0x6772fddb2b68c06ae91fb978fe25fa75f7b7c1ac,4200773000000000000000
0x1ba4f3318ca79eaeeab028a5b455b1bf53b637e8,4199682400000000000000
0x2ae988d5470327bdaea6bbcbd62738f7305cb27d,4198774000000000000000
0xf2800fde17bf045422da4cfea05c5aa376672052,4197778000000000000000
0x1d7c566226c0b5cbabf4eb734d09f1e3d59cccf9,4195916480000000000000
0xe6da82091dfb6904ebadae1c7d2e3c8d90db6f4f,4185437400000000000000
0xc8ad96c4b286d341c9824a0a87880b7f66db5e15,4175251469498879117091
0xdc5f8fb3d1c73d721c10a7324af0f4e33ce9dbdd,4169766000000000000000
0x30a2111d2185bb13394f5fcd0c35d763ebd1832d,4169265156280000000000
0xd26b84808cacb4f074fa576d3010081d0604a236,4160670000000000000000
0x88757bfa1cef0955ffe445252a9cb5f03edcc263,4157548775270000000000
0xca03c5a956c7051ce28534a5311df598afbcf3c2,4153825211360000000000
0x933db776399ff3b8b3693411c7d98e58d7fb19a9,4152591200000000000000
0x0a8a7c1a33006a81929ad96c705175f84590fc92,4148000000000000000000
0x836c3e1b37bf20709a745d82617788c525164b44,4136511772780000000000
0xeb78470b2bd5d731e0bc2c13c768872f908a0311,4135840000000000000000
0xb5982fae1529888d0549708d81a13d864afcc76b,4132104517750000000000
0x7a5cf6076395eab514b2b888af74f20225171057,4126825900000000000000
0x552c9a0d5235b1d120be17f59f3c4a5265e0b65c,4123698998880000000000
0xb6b43b193600e9804681760dcda2dc15b1bae84d,4120000000000000000000
0x3de1985f72c433e8f942a77cd19bdff319195888,4116207500000000000000
0x01993f05be093463e1298f98da3072b07c9652ac,4110000000000000000000
0x30833776b0e9e9f3f2fe03e8ef1d965d57f21f8e,4109417070070000000000
0xf219888133d49cb47cacd4519a10c8df93855a29,4105716717718608159479
0x7353f0565ab738309ce07a3845566649eaaa555f,4103220000000000000000
0xba426801ce2ed55f934872fccf092ce707f00967,4099840000000000000000
0x5298e1f4b6dcf33d6df604359390bb62765cce6a,4099439000000000000000
0x7a7a53c946729411e2fa3570e8ce5254f12b17a3,4099338063037536670372
0x74833ee143b1de01cd8054ee90afb4d0286082eb,4098876000000000000000
0x7178c68c823f23d5044892d5e6a107b9113585db,4091882000000000000000
0x83ee6e674850d17c48198bde71581c2080ae3df4,4089195300000000000000
0x928c7b20372f2ad39e14f80444d931bd89796759,4088969000000000000000
0x5cce435d0b335c5422c09b7ed78a051bd5c07dcd,4085534200000000000000
0x7c8b612b0c839904a552f7af458d5183e03e73d4,4084222370510000000000
0x8521bb970746409ccc880cbda0d85cc2a61ff48b,4079881000000000000000
0xba2506f784701e25852cbf550e0be08559a72b59,4073740763980000015878
0x6e4f21142cceb4ac5681379ab4f422903c90bf21,4072956617813611947149
0x8b531e991b84a09c2b7f98d3bf713eeacb41f7bb,4070850900000000000000
0xf8415e06f1caf134e912d8543ba09b68a2e3254f,4069430000000000000000
0x98533a95d3ea865b33219b715512876a657f468f,4068742033720000000000
0x741eadf66e6229f2841d60391cf5b2f19cffc1ce,4056520000000000000000
0xc5bf41df02f80d4066fbf553e40c2943af5087c4,4043265667138582932373
0x991df3fa9b042b4a9ed5d00af1d8bd7dc1a9253b,4043256746200000000000
0x0c5c6085b700feacd0d70629dc676a6f41f52d61,4041023000000000000000
0xf5e8e75ba25ba12476ff2b9c6d1d2ff70b233793,4040919000000000000000
0xfef651faad593268c8e0a398075b302b560858eb,4040682127230000000000
0xd2afdf5fa7870cfbe0d15be0f7aa7d47cd63c329,4035080000000000000000
0xbf47f4fc29a031e916d8f95775757e3accedacea,4032000000000000000000
0x2a9de63a67c5806547f005fc871e4959c0bc93f7,4011132154330000000000
0x8b48731d23161a9d49f16fd5fcdc884477caaefd,4008348600000000000000
0x7792653e4fcd308e342e843e0fb65cb2a2c6c1df,4008000000000000000000
0x6c2402814ed7e4304655531b0e8024b84599b48b,4000779830000000000000
0xefb2dacb194a912e6c6157181685dff911e71f53,3997680000000000000000
0x2ba5152e87355e9c74ff168f39e75dc51090634e,3994853653630000000000
0x9628d328ed3515554eb31214aacf3cbbc2394111,3990038680000000000000
0xbc8d35bc2786d05b8b9bc83e52de6eec55623faa,3985769000000000000000
0x616a6d38dac04c42530d556c54ba2816cc2466ba,3985480000000000000000
0xf0414eab31f21e34a56e7581f7784f27a036ed4e,3985400000000000000000
0x4b0d31edb2319114d9751592bf2fd041dac28d35,3982155200000000000000
0x24ef8839da199097742e29eb286b3f7d15a83c97,3978140000000000000000
0x9bdad5e7e3595f12535c8953b71abce2c28d3984,3970839000000000000000
0x4fed9b0ee185293a8594fd8908487377bec8c415,3959105500000000000000
0x451a1e3d6fa07b2d6637a632c4329e825619d6b5,3948516500000000000000
0xe7a6948cbd6e2ab5c244a6e9ab046267be277a48,3943645516000000000000
0x38da871e588d77627f93c05c1e859bc319bbf38a,3942174300000000000000
0xcd74dcaf189800df61a538ce557633934c8036c3,3930840000000000000000
0x833ac276d75276d2c545915bdacde1b92816fca6,3930551760000000000000
0x94bd7c899302c61afd500a49a60f920cc2182d5b,3928461900000000000000
0x62dc206a8e6e537f048ead1ecdcb6c3d7cc4a347,3923800000000000000000
0x84582dc436676f7b7ff70749b68efd881038ee2c,3910069000000000000000
0x835c0c8bfe0b0b0d312245b866498bdfab36d950,3909236828760666976218
0x0644f2304830157ad41bf3abfecdefda1988094b,3905775492550000000000
0x0aa2334700d712149ee6d16364968f05c3e02f9f,3902932000000000000000
0x50cc802a77e82a1294390c2854c8f381d326ed19,3895304800000000000000
0xc3261f6b79580dbbfba9811369cee9e1adc930bd,3886269193390000000000
0x7cb52a38cafeacca457bea1cea96c1a5f47e8f29,3885732701040000000000
0x489dbff528dea1287af5f01e89d08cb46f45287e,3876500000000000000000
0xeb1eaa3edd394dbd6ddc3b4bad2cabc949b6ed90,3860589076324256894574
0x7d896f559decf78341ba705c9fc1a72d7dc546f6,3848486500000000000000
0xad9accb685f4be7a775fe3ce2fbfd6aa868d2f64,3845744440000000000000
0xd8670eec7fc5b5f76268ec7dcd38652af6236533,3844415004300000000000
0xbe439c2b666514b29dacbb4cc1ec13168bf2c8cb,3836000000000000000000
0x15c577f4b9fbe66735a9bff9b0b5d3ea2854bfaa,3826445188322890000001
0x1811fa37ea454a34448e9a6334faf750c8e9f749,3816815554910000000000
0x7dad15ba0130ce79426bc74bd321064c96b9b5a1,3807996800000000000000
0x5e78b8ae9c8c3be376f66e9bb389206efcd3ecdc,3806551337300000000000
0x6ae876f8d15aa7c4525a4b15f8c1a375913b6e1c,3800421000000000000000
0x2fee0f50735d5135869d00c651f09e775902a221,3795000000000000000000
0xeb7d97bd7142f373871ed0be856436b548bd5664,3784141000000000000000
0x3477dc366f215589270174fdb16c3b3beb99b53c,3781788225200000000000
0xf5451c28eb09bdb8fe764b99316aa89f118eaad2,3780644188714444119394
0xc35f840a3711545e9a5c26e84156a4f546bd3997,3778840000000000000000
0x08d3c154743f4fe297c3c6a63e82d9bff9bc6614,3771691358800000000000
0x96f6e1c7ff82101a4298974c8f15759acafe8463,3771470000000000000000
0x68e1ea6f0b479816c697ff1b46470faec3aa3359,3769822458840000000000
0x2c3055408cbc632a2cad80cc1d2ad7ff7f69641e,3765691227844645948076
0x51e56366b8d7bd3701f2104b66e139bbea62de71,3763231624240000000000
0xc8c3502c9e03b31a92c2a57f489801de34c37392,3757739000000000000000
0xa25fe9b128f88393d12104843d4524dfd7437bee,3750192000000000000000
0xb3d1216c3df690731dbe20b8e19d91a7b13ba71b,3748146022000000000000
0xe37c4b00d4cddb92a9437e27221ad37d7f3670a4,3738740000000000000000
0x3944ada0e4158c77508a9d1d09ddd37717bd90e6,3731088774090000000000
0xaac3b24469fd9eece4f537ce009b503a0480f60e,3729589920000000000000
0x312e6875f7acfa7df3c953e3e144720945c1d548,3726131345330366599040
0x50b33c6e73ed8106a538a2d22d6d5d9febaad819,3718576000000000000000
0x17eda7b0f9be1835a9ebaa8c688e8a12f34ee9fa,3713156968340000000000
0x3ff9b94e769b419a4ee858642805684ce3802602,3712436000000000000000
0x3abf9a1b800c1eba60bf01d9c803dc369508f3e8,3700000000000000000000
0xf42e1509e54ee9b2022d50f6265c7eaf94973c9e,3694100000000000000000
0xc76ab759f4a7b120afa6aa32f72709655607eaa6,3692279000000000000000
0x6557d7dd94d29053d71bde344b5d808b25976492,3672425600000000000000
0xb90490a41b71d5214630637f83389414862ee890,3671716956320000000000
0x4951226a08cdcc61b33d3d52bca49a14fc1c19ed,3669949000000000000000
0x1370abee254c7dfdc68921f799c97a02efbed591,3668324205629594812179
0xfb3026e1be5e128562a7f6dc110a46dcee38e996,3629840000000000000000
0xd6b6d731806477fa9f27d150f5abc62090711d34,3617762487200000000000
0xd7bb5f029e4c357f8a017593e9feb94a95efae42,3614342681880000000000
0x52842142cb56d1bafe5c020d3e27f30c72aeb411,3610000000000000000000
0xb8fad98b8151bcb65438a9479900247ee03637c8,3599308801750000000000
0x36777da40be273fa7c04bfe5e61d507e28633252,3596300000000000000000
0x2a9e6083fa26272bf9ee690e6814e7864802dc98,3595240000000000000000
0x462401db3a08961e75ea7dcad3f4a8fabfe5f286,3588861479930000000000
0xc8671e8c868f3f1a56ce194112b2d3cc1708d153,3588000000000000000000
0xff4c7a236123ec87149c1a1bf5d4ca4f33de6ad3,3581800000000000000000
0x517053e52f2d3691dedd20a8d438df629b548ab7,3555773484060000000000
0x44b1ad51838d457a14dadd50352fd35fee926de5,3553414000000000000000
0x7833341fff5bbbac5a0bd0ca28d6d9fa7d094601,3552657562665684966155
0x9b232f7d88b1c68c0c423399b8472a9f798063fe,3551571000000000000000
0xfddf2cc5ac87d4be20acc36db670575db3e73e57,3546170293360055383834
0xd52ca1fba5a3dc79351e07e73f1c4c17b0d0b01c,3540214504649625275543
0xf0e61cfc779fe4cdf53c725fe949ea5b019539e2,3522060000000000000000
0xdbacb82beed52372d1fe5ca696fdde9779a97013,3512696480000000000000
0x035debc8f3c9ae1ba7b86d5e2fd8b8d098c6ab24,3512652980380000000000
0x0c3515e20213094b1ef49336b363b3ab2010b460,3501483000000000000000
0x3eec8cec76c346d41e05dba768d5abe79af8badb,3500064000000000000000
0x815f860f335d15aefebee9d0f3fa05f6425b779b,3498970000000000000000
0x32db17ecea2a374ddfac9a12fda581724d6cdd75,3497790000000000000000
0x8f3d7599aa4bd3c2b0abec6bfc1945a93d5013f7,3494908630230000000000
0x7015bacfc1d33eb18f50c4de52e5b83222a7f1d9,3487700769230768675216
0x6908c82d3f7968c3e9fb38ca36d7cad38cca6fb7,3483951168600000000000
0xac2ec1cf067e0c7a8d820241eb33534d8908bc76,3482879900000000000000
0xeabcd27ef821a2ea14f9b856cfdb2a6c0008fc3a,3481978186560000000000
0x3672637a601c144f9205d897f2bdbe9da47ced9e,3481755937710000000000
0x4c4edf931ccffee78c8b85d29fecd2af699680aa,3479313180000000000000
0x3eb201557d547a85c3cc4c507510ed9ef6f4c59f,3475520000000000000000
0xff9690b6f303504c4367bc596a7c38f5e50f4edc,3470819400000000000000
0xe79a178cc1c6d6e457c36c341adf4a4c4cee568c,3459876668900000000000
0xa5e6e6fb808bd0ae063ba1e6e011ecd33aed5ec3,3459604027210000000000
0x29d908549f48d23597ea5a874c08be2db61b175e,3459126400000000000000
0x3d6972340e9fd0ef0b3a0a1a83aaf123c27f11bd,3449422050013096227559
0xf8bc6aa276151bc2a37a662a0231848c20338035,3448000000000000000000
0x731d0d58da674a0446348312130fc6bdfd9d64c5,3447992000000000000000
0xc031e67213f69e21ba772bd2f6def154f5d555bd,3447451923159382179629
0x9424441e17c9a5b196ffc6961430ec0afbc35ce5,3435910000000000000000
0x6e438ad1c3c1e681b085302d140efa8ff4530b74,3435867500000000000000
0xbd3b0e33d456c91b92420f90125ca8c79252cd39,3419880730789171614130
0xe6a727fd76c393c55960226f19bda1dfd0f3ce17,3419553932730000000000
0x3563c7c8abda1d8ede52a97f27873c926c9d1e4c,3410268300000000000000
0x40dcdf2db074d0a2f10601b9387cbf8c5dbd086d,3407095740156265677547
0xcbeee8ab315bfbd65cfa0aac3f3c0f273c2566ed,3403930000000000000000
0x26750d71d69bbf9bfbca8554200785575f8c3a6b,3399469050940000000000
0x401eb5e53fecf9496c96d6a00947b8f39f5d5944,3398433475400000000000
0xe5e25ef62c3f7929be4b21d1faad5923b6a5585b,3388989000000000000000
0xf88c8a2a26cf03e69c1893a0482ef0b9d519e92b,3376298000000000000000
0x96f45ef6b38db9ce4641c81488637950314747b7,3372005600000000000000
0x6db9318dac020a01d284e02f112211323e7ba474,3371740000000000000000
0xbcb92f24c2548c4ce9e8e074aed45441107415e9,3352000000000000000000
0x1d5c1c24d9422bb116a7a07c8e9c5724ced7d997,3345752297600000000000
0x60370e0a6ad7bf81352cb66d81fffa86bebecf79,3345242521630000000000
0x2c79a24e1ffd198f7dd696fe6d090636f9d42f2e,3344766866010000000000
0xc73ac2006c66b05e9811d59031c570b26c9d7e22,3344000000000000000000
0xcafc81d7eeacad89b83878a298e7dca68ff0aee3,3336936833440000000000
0xa5054d13a9665fa37cb8ffc510fa65034361b253,3322221900000000000000
0x3a6180be4af0dc8e699396bcb956c1c62ca193a2,3318140500710000000000
0x2fbd56c03c2705023dc7277d104b8db7d069c4e4,3316663000000000000000
0xaf13125662417ae9704d6a5d05609f62bf9e2f15,3315000000000000000000
0x7976da263e23aa8dff86db07a00146af02d9c85c,3312386500000000000000
0x52252ce17c35cac52f28c3e50223904dc338ad32,3310542296550000000000
0x399dd60bc287a56b1b81271f0bf689dce952638b,3297300000000000000000
0xa2f59da930177559697e8dd2fc6335e5de1838eb,3295870000000000000000
0x7bd5375f3cecb6c84e05c15fdf5917329861dc44,3293221100000000000000
0x320fe7dd150cffeb37c19ca1a4fa6837014a270c,3287840000000000000000
0x15c734ffd2e4a00498d19f37eed265d377443f39,3274712800000000000000
0xc92b3a39dfdb206054dcfd41677950ffe879522f,3272667000000000000000
0xeaf151fea344592f0f4fa6f7dc33da8241c4938c,3269880689970000000000
0xa6b5e763c978a508e7bd6f0e757d1f5535b3c742,3268840000000000000000
0xd671915c103830069593d9dd178c853fb5679332,3265772411427808370079
0xea06fd31ff138baa99c5bf0389f71ff349a428b6,3251000000000000000000
0xda16cf5343f6b38f6f6419faf85019860cac8d03,3247588000000000000000
0x869da2fcac8b437767bf1ca39c482f16daacea22,3243244272500000000000
0x8d67b566fdc0de2bbe84293ed5c4ac3ae2f77835,3232207555180000000000
0xd9ac07256fe8170548a37ccb253536704124ded2,3212121912898906628463
0xb5a6aaab1302cf39695030af26453cf922855e09,3201552047290000000000
0x1c57aace0afe08c31c9fababff0e322235f8e305,3198840000000000000000
0xe180bf5be848a230fe059c14a134b672360abfee,3187093728130000000000
0x3bec8ea1232748533cdc8febca656a4c4788f9fb,3186669800000000000000
0x329352f3995f70ba04080507313c37b38b14aa46,3181000000000000000000
0x2cbbdca0f506ef6138fc9c4619b12c641128fa5d,3176736339860000000000
0x6babe7cb13fa8aae7001fa3d70bf11dabae5a9cf,3176477000000000000000
0x04773d488c7a03ddfb2296ebde95a0caa5b5fc6e,3155848205530000000000
0x1137c5c01c53333e029478824e4248f4bd24a651,3155040000000000000000
0x0d93b28debca31270e6525d2ee1eb6a8ecbf3a5f,3154671749509738516638
0x0766890a727761613daec8476373405b2cd086af,3152148000000000000000
0xd181b9c430134c95e4880d15c45cae0be98da28b,3145100000000000000000
0x107647a1fc14b26d833938b698da2a2bf2335e57,3145076000000000000000
0xc8b401554de63220f00bb9901d5094771400bebd,3145028065300000000000
0x3ca1aaf3822afb0ca7b869f5b90f570dcac5fbc9,3142840000000000000000
0x539ceb71d74154c7fc00641074219d0a5ef85523,3141730300000000000000
0xc029c578d9ac2e7634a04e0f6c2d870abcac6f90,3141111299890000000000
0x0059e1e75228dcb39e8b976d5865dc4fd589a404,3138972423840000000000
0xab553619084eea868173de14e2688bbe00826b45,3137440000000000000000
0x1782efe57469124373e75e263cb72044c6e80660,3136055000000000000000
0x9af993794da5741cccfe18b1d53e17d9615970ce,3120564209750000000000
0x1c59bde59ec235506adfe87ee740b74b085d7f67,3115025000000000000000
0xbdb0099aef76898b87f713da0cd619b201ece9fa,3114205000000000000000
0x8bb0605358d8e2170e8079de4e8fcc278adf0210,3113928000000000000000
0x3f75c84215338dd90c415519751a9e6f267a0ce2,3102010000000000000000
0xed3a999c7bf72157ec5aec3b754026af8bc58170,3098093784620000000000
0xbd33807537f7441026688cce207fc0f2a1bc6305,3097738000000000000000
0x0f8a655e0cc392d4e21fcec2614a7ee15a35c65d,3096210100000000000000
0x888e87e6390618e3ca4a9c7ddb1a9a2d3985d9cc,3094195214050000000000
0xd1e2535947a0c94ea7ec01ee48b86f32d343bdb5,3089447570810000000000
0x144f0d82b276199873c3d9769a4f4e284edc18af,3089218480000000000000
0x46a9fd39c97bf5f94aab75c7d09934fba5e96bb9,3089000000000000000000
0xcda0f616ca346ccdd3c6679c7c25f524e755c386,3087706331600000000000
0xcb45a43f6212fc8d4678c9dc89f766c4874a20a3,3083717279900000000000
0xa857ead9ef8f0819b6381995f6f9231a29608d8e,3075968400000000000000
0xd4f02a1c94706b8b9123f2be11125bff772ac4f0,3075760000000000000000
0xb4bf2ddcaa42ab61437f8c6d6b323d2afcd29ef7,3074783337120000000000
0xa08bfdc9983f42cecaa08fc71f7d5331f7598406,3073680000000000000000
0x87fa2ccc3b76b066bb64fc8a053593105689fb4a,3070000000000000000000
0x292fd1e8b3283ea3029e296f5f3cbda92adf81dd,3068840000000000000000
0x4320157a3f803ed10b9f87eca697c9e4e000b8ad,3064799746820000000000
0x0195b9b01cdec17edd9603f4f815abae7cd7c6fd,3060327677030000000000
0xd08042f9d014d50923fab75c6c27f4895f45172c,3058588510000000000000
0x82534a3a03b04e581290f5aea14829a2c12f01e6,3056553141229852411769
0xdeb61dc8af40b2022af2ad1a20bec3659a238483,3056520000000000000000
0x2dbe72a19b1ac3abee2c232216a6f67e34d67012,3051784000000000000000
0x3fc677ee1f8b5705f2cb562a4b877bfac23bbdbc,3046076600000000000000
0x4bfae39be8ce5baabf8f7dea0d512b4fb4afc35e,3045008000000000000000
0xd867c38985a9e6d555c914abc9dd1159c39be8bf,3041018937800000000000
0x1f040cb02d072706cbcc42224a6907fb372a4d76,3036994875740000000000
0x5e8a47fff7cf2819af7236936714ca98a1d956e0,3024977951790000000000
0x1c17c2f55df55d93291bfe427a171b6623895f4a,3016750210600000000000
0xb16e6ccf6fef51218f5d48acf0d822aa0a794437,3013000000000000000000
0xb0f63bc1d35fbe2e20346a1f69a747e8d62762d1,3012446300000000000000
0xcb066956505c8525454ffb5b49d484ee4d4b92d8,3010425168798266386853
0x7eeabf8359c8af46d12b16d0efa8f06fa4d2b516,3006888879636911915215
0x729bad7123e2a2ac5eb0d9aed8004085bd93fd12,3004497000000000000000
0xf83db703586c34014b5db9acb3f04000f3d5e09a,3002782000000000000000
0x86a25954910414c91c006b8048bd898f96f062d5,3002250000000000000000
0x55fbc49c2effdcc608a9742c40155ae27f9395a5,3000000000000000000000
0x1298229d58919955418329f7728f60368f7dbbe2,3000000000000000000000
0xe7fdc9c1bccb7279f15c56f3302d91ea920e5f1c,3000000000000000000000
0xc72f2d1831f9a9ab03e76332878a3529533bde5b,3000000000000000000000
0x315f355dd777c4043993822d830ed2f788059f3c,3000000000000000000000
0x2a647d28472ee5fb3d5d0e2df4ee262b634ea5e9,2998840000000000000000
0x360adbd1e6fef6fa3f7aec3d3fbbdf5c3859faa4,2990988000000000000000
0xbe9908a8bc5399f626ed80d39b3532fa215dc14c,2983000000000000000000
0x3e33934c3f66900294c2ab39088440069d13dfa8,2982250000000000000000
0xaae58cbe2f5ec0360825f7a1b812d82a024cab67,2981000000000000000000
0xd98ee065bc2071d8b129053cbca0bf3cf63b16f5,2977038881520000000000
0x6cc719b321a342b6d051b581c5413e678aed11f5,2975038740370000000000
0x250daa6b20ad16d81a06b21a7bdebd0fdb7a1730,2974324600000000000000
0x33882287083dbb797853a609f7c7ae77356ff8a8,2969948480003866628223
0xe7692236583720baaa379a02ea053bd45c23720b,2968059958488130631841
0x33688aa6d4d9981f58643f63e9b60e7de56788a8,2963961000000000000000
0x837698a9528d7b6eec1826e8d0672555a9d7a0aa,2960875000000000000000
0xe9e0a7177791d2037492a8868df33571aaee2540,2956153181440000000000
0x94eada94172d71df17de854716f0d7340952bae1,2949880000000000000000
0x059261fa25d69ffe4c89e79ae30a3d6397e90baf,2945015000000000000000
0x83371dbce150d5fa3b1d8dbe6a9dd70e66b6b745,2938217200000000000000
0x823942301be0048022f77bb1a2abfbfca4d4e989,2930054000000000000000
0x3e5cede8b5a3b0a0ac36086c13bc36eff8f5df41,2929602141200000000000
0x68744f862078cbfebc4d6ec15c5bf450a031340f,2929411387520000000000
0x8663a6d158328e2b44c0592b3291b09eddc666d1,2927369500000000000000
0xcef5bd9d5cb7ad9bae25d75f0074b3df06993c90,2922066600000000000000
0xcdcd6113025d7ad61365562d3a3ee2ef9682e12a,2921000000000000000000
0x7368580e00d88867954dcc71c444655e41a9e0f0,2920536100000000000000
0x6805c64ed6d6306cde9c45f636062de4880e9b4c,2915420500000000000000
0xce2e2303f5ef190bff84b1baa633f4ed6eafa055,2914428400000000000000
0x8157115748ad5f4eb7edfa92e2bd9c01e16660d3,2909058000000000000000
0xf01ec7651af61742cf510807897f516bb1a4e946,2906840000000000000000
0x183844119de19ede3e49415276ea2d35e5ab9a97,2890914858150000000000
0xed6e0dd8b421079826a19f73414db8a8239330d4,2889000000000000000000
0x783bab1efd4335fe5ef9861cdc658b9ecd041b2a,2886600000000000000000
0xdfced96b4f0d9906fd7a523228e61a77078820c3,2885091000000000000000
0x15839b18363e53f341a9ab00d8f0ff4165a036f7,2879107700000000000000
0x39abcfe61e78caac411ab442eac606ffdee27a37,2878324483920000000000
0x952f26d3298a8f0a0ea91db2e9966a86c155d224,2876000000000000000000
0xd5b34ba657e70cfbcc72586a0d2ebac0f2b3fe78,2876000000000000000000
0x5fc7915a353b165e0b2ac85d0dcceabc2ceccebd,2871776300060000000000
0xb2e4f3180bea5a613e8a15400f95df6db1cb0deb,2871550000000000000000
0x37af1dc5653e25f57035c985e1dfa73d206dc20a,2869388900000000000000
0xc104a7dbbe46455c353213019d2be4c076c21ba1,2868967000000000000000
0x84d6f4f952b1ca4c0d5b202bb4ed2f25975d1f2c,2863680000000000000000
0xa4fa388cf43d101de5eb8c602453852b6973fe52,2862153496090000000000
0x4cb959bd10146934e9965f6a3186b6f37f681e37,2856273000000000000000
0x5a98c1f169122941bcc56b8786ce6b8865c18067,2855422000000000000000
0x68fc075a0dd6d7cfa3e56f59c8d946d5a0b955d0,2852000000000000000000
0x6dfaa1ab690241f45a883d0234560ee21f037a6f,2851722271540000000000
0xdf6349920943a2588040a82b2ce1ac077d89453a,2836840000000000000000
0x7ab7535a8562d9373b380123dc8828322ef43a2b,2836541681500000000000
0x5fdb8788072a1f62c5aa020b2b9af52bb55b2653,2833890462050000000000
0x6629bc80173af764a607a081b6f1e8e19c296f6b,2831486000000000000000
0xc2aa2952f69d9f707ab7ad8d90f7ba0cb5ccd6a9,2822725051440000000000
0xd25b823f24085f0b8cab1aa9178026c499fed378,2822600000000000000000
0x165f0b5bde2745a7c4d934ec645d6d54f1abefee,2818901868982747584291
0xf1c6c3d0bcd35a358c7f4150b2d5273acb58c00f,2818000000000000000000
0xa4129f11778100f4687af70696c7258bdbaba2fe,2817310626240000000000
0x45574cde78d37e6943ea57b674bec228690f2627,2817112892990000000000
0x4ae0f61e4ad960a559bc489ea0cb2ffb3ed50546,2816800000000000000000
0x2e3734a72db14895f6069bb384a17b4ff683f706,2816057481170000000000
0x487fd5053ab912110d089808ea46b68bcddbf13b,2814454990000000000000
0x7c912a0157521a88429cf51914bd3a5e0efa5087,2812055440090000000000
0xb6ea2e2ebefa178ce5f1bcfce3405763d1e1126a,2811000000000000000000
0x65cbcc5a93f7b3036ffe9c3ae1da8e2f22262030,2808022774600000000000
0x793431c2efb7649b662b06f59affcd4274633518,2797941700000000000000
0xf527044be65a0bf0206ba2a96671e50425a8a1f9,2794597000000000000000
0xda3e6e76437b2eaa6cb6b94a805a09634de66d3b,2791728000000000000000
0x55a36295c5aa3fdf0d04e03ff3eaa3fbf5a0333a,2787882052320000000000
0x9d9486555e1d30eeb6d46b1053d17340a121bb3d,2787820150000000000000
0xb31eba1422f83450e3bb2a793ee7f0a6eddbf207,2786430185300000000000
0x72caf60f54959996fef756d12b7f11760f358fd3,2778569403050000000000
0x05c387c0b58ebf551f9b73624580454b64985fa2,2778285193330000000000
0xa951cad5e47f741d944d5adc38d9aa45384eebc9,2777579000000000000000
0xea6bbbf308805c62d9083e436657a5a089a5e0f8,2769000000000000000000
0xbd138fea7e6feda13e0df679e5afa4ad2db37d41,2768783267283508406283
0x397b72c87d17ac18d0476a6b92dfc69a3f374867,2767462164370000000000
0xee1590bc3ce2f449427b9c7611072d4ef7a49ee7,2766000000000000000000
0x621b4ca5a9f29bafcf583d87ec871474dc148843,2764279999000000000000
0x305414244f32b72998e2581d5392fd2be56fee12,2751688590780000000000
0x209a0a882dcdc924c0815bf9bd8771334021081c,2739380000000000000000
0xc0c55ff32d4f0d1bd400d0cd91d77ff1b432df51,2739000000000000000000
0x87d01f2a17af628d9ac768aaa3fa768fa1de110a,2726373910640000000000
0xee928f8db40da7759e7df4e7f774b8c6c73ef533,2723560900000000000000
0x635e71a142b4b3be1515105e09b0fcd3202d127a,2719397301320000000000
0x1e22d5a1270c1af9f2ec282a2f3bb4098bebebe8,2719258340615809576042
0xbf2ae375f75f261644d849d911feab8d6fdc2ae1,2718060000000000000000
0xcba64a4f522731212ee99ee005508233c26c1852,2717150800000000000000
0x1e0e73fabf219f5b9d29658beb973ba3618e7b66,2709866879690000000000
0x62d3a2974ef9598782cfdb6388922c0804fe08ea,2705367981510000000000
0x1a59ae274a47577dad60d0d16e8489ad10473281,2704623773235962179203
0xf783adbd0a396af1b4eb86023d76526f69b79bcd,2704245542950000000000
0x255df8ca954609f1e2af630565d562fd718cdc22,2700581100000000000000
0x1758f2b1c37e0d03dd0999b39d6d2093e6136965,2700283600000000000000
0xf34fad9311d8f20ad54cfd20bcfd4c55e05f905d,2699116000000000000000
0x7282c3835561204e445529956dfcd51b4fe4b2ba,2697179619500000000000
0x8dc2c12fbd69ced0407300886dd1339963e442b3,2695686900000000000000
0x717bb444fde0a32af606769430991e12589eb45b,2687955598640000000000
0x917bf4b3a39555b69a0aa2c83dc9da6cb90eef71,2687177000000000000000
0x6d5ee89a5dd55367ca9f7a6ecc9defef08dc18eb,2686870000000000000000
0x6e9eac7b7c1c823f603636f3573e174d6916c9f9,2683330000000000000000
0x75ebd7fe74b284e81483d72f7b61b0551244ab44,2678349000000000000000
0xe241d66622f1ad6b6ab9b62b961d301452bc6acf,2677400000000000000000
0x1eba33590a56ae09e10d88183587f2b2331d2ac6,2677159000000000000000
0x6cffa43a820bc4cb456208215ae2f5430175f4ea,2659550000000000000000
0x5a2afc7808c4c2a1ad75bc27e30647ac7e606dd8,2646220689710000000000
0x523f0242b35b335e83afedf67d73ae8b8bc25515,2644890175509821872720
0xbc3dafcc717b62b1a0763c3328910c79cade6d79,2639204070450000000000
0x8dfa528e61ec35741d83ed8627a86f7e3de40763,2629707500670645111798
0x125966ac8baeaf1b712a50e6b999d29e81fde2c3,2617450701740272082310
0xd78871cb3efc843a96291a4ab5c4259a15f1a0fc,2612823400000000000000
0x050ca8dec6742afd671b2790488ea0562d7dd9c5,2611933153871034075043
0xa1a1a4d09108b5ecde4f9701e3b2f5e1e8ec3f7f,2607000000000000000000
0x229d70158ac1fbb84187a10d1744f8f4713295a6,2605840000000000000000
0x0f81b0451917a69c773da168eb8acd4a177dd1e8,2603900424239890915715
0x5040717fa91d4084897c4b77a71e25f74a1b420d,2603370818771426215560
0x46b29f5a985ee26d72db12434a30e8b053728a60,2601527500000000000000
0xaf17bf7118f1d8bd55c7a860fc7e983d64659e17,2597034481000000000000
0xfd376927c9f6b7293e0bc31a3eb23af18d8717a0,2595788896760430516316
0x0d1339230ef1cdbf48e7d6cc3a937c019a20facc,2594965523262926137511
0x5bdeaa5f68377be3621f0bfbc176a193c347aa0d,2593500000000000000000
0x4f9cefe9cee826b47ba6eee11baaa956428a67ab,2592951277520000000000
0xfd82266a8be2294bb7bdf1bcbd8f382ca94bec16,2586479508180000000000
0x1d4cff72ba03dd787c2aa7c79a53de38704b174e,2580950100000000000000
0x08150e54f04d66d067ed458030b9376b93c30479,2580840000000000000000
0xd2fb08bed7553ee74de9ccbce2dd0a39fa4deea9,2579740000000000000000
0xd84e0c6dbb32ff49ef39bf35a06219f91de1dfa3,2569000000000000000000
0x711e4adb4a353fae7645225a9629675231b2a66a,2568388000000000000000
0x32b52f90ca74e10524206c421e699aa8bb0a6316,2566614800000000000000
0x8c15170b1d06abd0b7b4ad01846f9b77de7ec62c,2562578795493861360636
0xa8e810aff78898d6132cdcdd86d766d8effcc619,2559850619150000000000
0x55d5379887dcf82fadbe622ae301b4eed29c4668,2551929500000000000000
0x75d5673eabfb42add79d4d6c1ea3b3e1c5b710a8,2546954389070000000000
0x132f36d3b86f5e1ba9385a045479f5c13ad923ad,2545393000000000000000
0x7018cf554c65ba8e603ac7ba9bb5d92537456f32,2538445000000000000000
0x214368ebbcfdee222d6327d5ed9f488946954929,2537150000000000000000
0x8d2adac0f4c03430267120c161a2408e8ba46aa8,2535330000000000000000
0x442cfb5a2840b3cd7e7ad19f1da8f9526a08f7f6,2534986534180000000000
0xda0c219dba2cbb94f387cbbb1037059f98b638df,2534654000000000000000
0x8eb98dcacd0aa59275962c6313134de582a6a87e,2530000000000000000000
0xf2c697ce3f20425fbe3ce5c63057e4701b5fa585,2524453000000000000000
0x5aa19ae616fd4c0f8057c189156277870c90dc19,2523321186835636472015
0x4a13f82221a91f8969a28e73b7a74c79982432b7,2511101591290000000000
0xb65489d08e55df9e9d87ed9da32bc54ddca40baa,2510174004380000000000
0xb7241ca051f3e4bb932d5ad302a35da6f0870f12,2506043600000000000000
0x49c90b533d96850be4cb6890d86c3c33da8af8c4,2503637000000000000000
0x8aaaf3ceef46322e4ba6951ee765e4b6de806729,2503199684720000000000
0xbafbafbb3947afbff1c8cb66961411a24c6ebd19,2502983019520000000000
0x4e3a5aa2cd350155201e9298e7ffac602da793ec,2502259200000000000000
0x6128d3a0c1a7eb957ac01a7e5935853f5653bfb4,2500000000000000000000
0xd339bb1754dce1288b67c658618867a69a4af53b,2499676911630000000000
0x0a53b829813e37b2116e0d220b4bced5e58443fa,2498840000000000000000
0x9fc33802c08f48aee1f28639ea21173178f8e4c3,2498000000000000000000
0xc58b87b8b1ee59daaad6ab101f1688dde77080d0,2496340000000000000000
0xad4029856677b04b33d7bc88279b1e0c81195765,2494648660000000000000
0x5b3bc89fc8b19cc2afa26e50100a7a011b930bf7,2492660000000000000000
0x2ff5e6edb8965664ef028a3d10747e1c2caa1fe3,2492473592030000000000
0xcfeb2c1bd15e0f926624ee61fc96430b86f87649,2488513723490000000000
0x4f10b67d7316fee32f10e6866242ea59c556daef,2488064949960000000000
0xde70e15801f120839fb083f2810b9eae11ac81e3,2481000000000000000000
0x432511c37dec14e326fc41c814559e93c5e4a96c,2479650000000000000000
0x4ee6083a5b8d1034d2d1a20a8d94bfa87b0932c0,2478000000000000000000
0xa9a3be7bcb8fe9bfb71cb1428e524b16662ca6ce,2475840000000000000000
0x50e21f9f93d2d99badae8845a4e10c26050da087,2471526540000000000000
0x19dd96f493d6a9d2d0e7c41f3190b098d67a4992,2470366540000000000000
0x1c850848fd7ac3686775c367e2c197f0e054d43c,2469412100000000000000
0xe0853177320f2701cda4bc22fd1033765dc120ec,2467492550000000000000
0x5c8822efc236aa4a6169696d4014f55f33a2492a,2459675200000000000000
0xb51e65baa6121fb4ad9dec7e44f09b078e8b076a,2458620320290000000000
0xc9d7290837a3d3ea565295717762e1b7c331130f,2456669000000000000000
0xb8972c8a97f0caa961a1627f288dd693577fd92a,2455522000000000000000
0xf62d7858f7f82fa6b6633ddadf7767068a253239,2450000000000000000000
0x650dc7c3a190b444df345ccf714a3596283f960f,2448550000000000000000
0xf569de2625397a027059bcfead2ac1d17a3a52d2,2432720950850000000000
0x4a690f9d98cc49f373fcaf556197d1cefbe71d0d,2431747941520000000000
0x4595399b077098bdd63a21f28cf0d086d3a64f99,2428000000000000000000
0xa5555c1ab6947eb6f93bdcb85a92872aec0acfe1,2421840000000000000000
0xfbb381c5e1769cd921dd553168423ab014cce26d,2421000000000000000000
0x7dc874ed35c6a518d12e0b4d73702ec4f48c4ac8,2419697100000000000000
0x361bcdf2b5e706eadde36183f8c5eba5cdf1863e,2417324000000000000000
0x626f868766524fdda8358248f89b7084abd8780f,2409454049680000000000
0xb58b709a4a89b238cdd595973cf3c70b8683b92c,2408622000000000000000
0xeecff33a2849c4579a89042960b17af6b45932c8,2406329730450708673028
0x526e0a71637d3b4c3c1d01dde53ef9c40ee1b1f9,2404840000000000000000
0x0e59a9706acce6ebf3973b7385e22192324e24bd,2404000000000000000000
0x91618d4a5918134ca93fa0e7bb682123269355bd,2397827699980000000000
0xdf782281744155180b1b77bb484e53c510a2136b,2394909616460000000000
0xe2e7eca2b092dc5cfd727c6657347741b0df37e5,2390592545000000000000
0xe01fd4e9e9aa7f01713f6443ed4e0c7b176a11bf,2387073979040000000000
0x7bb22f6a886ef7918612588d1b899576cdf9cc66,2386984860680000000000
0x649965e23a2d1920476fb2fc094d4eab449a4138,2384706600000000000000
0x68caa40b1198401c73755fb6bc1395e4f67356ff,2383938000000000000000
0xea62b317caaee985f9885630488bf968b35626dc,2383523535579344586845
0x1e12d3239cedd15758b7f30af051efd5a6554e3c,2381000000000000000000
0xb884d6f7c43927d5f5cd28bd88279f74c1b17aad,2380804900000000000000
0x0cbd7e3685eb604e370eb1e50fb0820345664c8d,2379740978880000000000
0x07b93ebedfa7209080a0b6dfb2fb511b187c952c,2377642121240000000000
0x94ecfe22300a2934f9210fb13aa01a2457fd0767,2374422925090000000000
0x0ac9bd1ccb4cc36020d2412452c773a82add631b,2370000000000000000000
0x6f0e11887e4e61e4d85c7e8c202a838437c303e1,2368968408430000000000
0xfa008f258276b67719c43fc90fa218dbdefd9e45,2356000000000000000000
0x2b57ab4c88b780b74371093db43d0e42f251a641,2350063000000000000000
0x63d67b2c4422cfad9fb5225f65e334560c5c581b,2350000000000000000000
0xa116a8a5e0b1e06c77390712fd644c25c62ae630,2345628000000000000000
0x3a8cb4da9b3c0c66f1bb938b09d3c0197b021836,2345000000000000000000
0xdcceb214fb24f32858e6f5187e63d294c539615f,2345000000000000000000
0xe6f988a8837cd01af36d97139a2438819a4ad7cc,2343427158539694307475
0x1de0088428c0b5a368228691730e4239da0ebfb8,2343041600000000000000
0x7cfdc2fdeed342b62e2c6e11eae2b9899cfd5396,2336675991930000000000
0x9449b050845ad97e6d983ae062d92ae5f50f02c7,2332771577070000000000
0x984545cb4789474fbbccd4b1887c449eb3de2154,2330637229360000000000
0x626f2d48c3c56fa68594ae4b5dc6fafdf46b4be2,2326639000000000000000
0xfd365b469e8a7c8f8fcc90cef797d22b6a80fdcf,2319630000000000000000
0x8685d0fa70341d1ff6f8c19e5a239784518a2972,2315616800000000000000
0x667769592818004fb57e941b661bcecebdd19bd5,2313215064970000000000
0x125da02378c8905017dc828bf57141c58eb60f5b,2306990000000000000000
0x289530bfbb5f1f5d5c47add5e99c48b758927962,2303008300050000000000
0xc4f567037017d1bdcd26a6f1239bea93cfedd208,2297130000000000000000
0x20c89c3e322bce605a0522a14d9bcac829e9b3bb,2296840000000000000000
0xaf13ce30b2f9c7b9d8910b452916034367a8c8a0,2294154611230000000000
0x4b44f11355605f93929b2f62b6a375c124d7b2f8,2293690000000000000000
0xb568a00378215ee980041efc5747d829184fda1b,2283993000000000000000
0x6fe88f6319a90088e8b49393ad440e0dacd0bd65,2283220100000000000000
0x37867eb1c67cc410ccd988f2af773faef1e2b2f0,2282300000000000000000
0x27786dd0eb0382ec70c4c6608643dd1dd70d7254,2281840000000000000000
0x3d26428cc0fcc7ec257c84bb895f19834e88270c,2279418000000000000000
0x5277fd828a3a3dd8ff6c14a713c1367c4d7b7764,2278676764430000000000
0xc188dc5b56e47f49b39c10eef42dcc6d8571646a,2276591871580000000000
0x08e2c3284003bf0d5a63d48264c66d6a3684ac53,2273689500000000000000
0x1941146f21ccca1ae700fd3e69378bb2d068df75,2272040000000000000000
0x1ae2a3ef803484dacc42007f902a67a89099cf84,2268500000000000000000
0xacfe998933f8a172061891b637e1cfd77cd40d2a,2267450000000000000000
0x0d9ff681082a4365e1d1bbb5ad2e751192197e65,2266570000000000000000
0x5550931fea37f7e98ad145b8667909b974b1794c,2261655157623760000000
0xfcd0f509c532f57160c56fb5bf0e90ed85fcd00a,2258829000000000000000
0x783f08ad516188300d8ead9c6078204ad27d1ce0,2254526335000000000000
0x7a041667511e22329979f1185c6f0cf50495595d,2247487309590000000000
0x665d11a4396f892c3782e592c6f6c34a1f3ad951,2244840000000000000000
0x33c4bcc254c81badcbbc55fcbc2886439fdc7e70,2242605978160000000000
0xc6a6ede4cf92b70036e9b041a1732eaf7e846f83,2239440000000000000000
0x46738074a7819e50fb0039346a06407c208caa9d,2229767947170000000000
0x395003239f62ddf9e56d2791b1a4c989d8e65b0e,2229732000000000000000
0xbc2693b75a74625559b12fd50f2af70074be32a4,2229600719450000000000
0x32a604830b5d9339c4c90213842aeb724382ee1e,2229228890000000000000
0xb1a3078f728813cbce3477b5c68a686c4bca3078,2228097000000000000000
0xca7dd2fb586fed173f2dfadbc4bdc9401e771926,2225477862970000000000
0x319b41d289fe33dd6a4d050d7bb257dd8f74dcf3,2225422116560000000000
0x8d7cb8b164e78e83d9ffc3d842ea9d57dc197539,2225173300000000000000
0x1948f46a6d880e021f4c280195d9a39087d3db01,2222119700000000000000
0x6f555a5f9c3b4c479bab6df194343f85968b4a47,2221935733000000000000
0xcc294ae82efee6c3e590579e19d4a6410ada69f2,2221070000000000000000
0xa723155368dbdc762a9e08bfbcccf548e93fdd01,2220706110000000000000
0x4da40e87e2f157dd3ff71c39406686e146612444,2218172960000000000000
0x0c474e72441502220f5e4741040a136f4a4ecaa7,2217994103960848546078
0x63fe3bdf3fb1b14bee90d3da72ba86cdb79cb56d,2209850600000000000000
0x5acd4a6d3adaf38ed076efc3e70f1a8d4b1e506b,2206867153200000000000
0xc575d531454fbe90a6462041603cb736d7a12774,2206096600000000000000
0x0de3ab02a803d556981adbc2a6cc575f17eadfcb,2204641447593891244545
0x607be4215cb3a57de8a98a20c94191d739e17b08,2202613800000000000000
0xd78eb3a887d784a0cafc82d9a31d4bf9049d369c,2201591980000000000000
0x3d925be96d7b3395b57b3d96fb3ce653bc2e899e,2201040000000000000000
0xe3714bb25b8db1ad3e77e14d5d79ac54fba8b087,2200000000000000000000
0x01dd79a873fef71525b0edee8c9f670d4862958c,2197690000000000000000
0x6fe17ef90ae1dd1a0a95b33af11d2177ecc7002f,2196850628270000000000
0xe3d27e859626e58294a5ee7cf5ea9a0297721f67,2196622114190000000000
0x4bdef3ebd66277735983319f319a48202bc7b294,2190000109140000000000
0x4c2ab82e4a0c130cfb0fdb465afa5a3f22558749,2189918000000000000000
0x1e7de3b9318adbe4a31ec212be201f3468c1ab5a,2187950957900000000000
0x334bfe7203927d8bfab11eecc7cd67e9f15a5f42,2187622186240101771706
0x8dbc5fdf45b27e94d53e22d8dcc375f278caa115,2185450381030435163001
0x04e3b01144290afa42c60e93b6eb3b503286bcda,2184818900000000000000
0x44d43144032f7beaf68ec06c1e7f31c4e9c83338,2183900000000000000000
0x97957b02185866b290a684bce5dbbe51c7551e4d,2181096576220000000000
0x0f2f1f0b3ee4b4fdeda579a9a00d673bf3ffe41e,2179220000000000000000
0x888abc23acf6173bbc9fc8ac7304308d0d95e6a0,2173927736080400089900
0x9aed0734167cffdf863af298a7e55f47d004dfcd,2171783350000000000000
0xe574c4405b623005f4b7932672d3f5fa773961c6,2168378902190000000000
0x9bbe11c70bae0e60342f2805c552b0966d584e76,2167722555100000000000
0x5ad70e2776633bbfdc927451d1d91a6f87cfcae6,2166857454594691113769
0xd8c6c4939816dc79f8bcd2fa708fc14ea226d04f,2165023200000000000000
0xb0a7e326b157cc95d98f38dcbc59a82d3bc90600,2162556600000000000000
0x1fc6c23bfb40b7ea3cea74d7f16b913fd79c321f,2147631900000000000000
0x24b0cd60f7e6dce63281101b5d1a2a762e44034a,2144841000000000000000
0x6f5ca6691fb2c8dc286ea6d56244623c6d0cf254,2144352504700000000000
0xf453dcd18fd29523cbc45d60c029143abe0421e1,2138821500000000000000
0x53d3949feab7fe16c9e9e79c15915abf91caa1c5,2136199811018278598543
0x5c9c98df6a0e90815a503778c18a407595d5c9c7,2135472185010144983052
0xe123e31c5f1dfb926c0790eec8e72cefdb924c14,2135429808400000000000
0x774f6df4de43ede2f842ba22676005e073a415b1,2133100000000000000000
0xc6c121a7c5886a4a90d27a51c7d8716082415677,2131550424810000000000
0x9ab6457535d30fa89e4c638f6b7c708b845ddd0a,2130936000000000000000
0xdbc214313840fc57b71cd175e53f949eeb2c5bc8,2129277445804268055409
0xde374b5dfceb4deedc52bc916e7e4bd2210c8275,2125311000000000000000
0xf851b27ea09f5628ebcfbcb2eff96f9343a8a368,2121908956380000000000
0xcbef0dcc7ceca88ad19e398ced54e0cca7fb5d98,2117145100000000000000
0x2815a041d68343e0a0335fdf3ffd12ec7e5b0340,2114922000000000000000
0x406030ac316645d2e614959ebdb0c867db7eaacd,2113714195110000000000
0xb98c0ddb77fe27d369e2c7d2a51c8d13932ff258,2112678000000000000000
0x5857088e6f41af337260d0631da7f262115b8539,2111870000000000000000
0x181349a3643cc856603ea8d35ecc3a231d564e5f,2109434653680000000000
0x4730d5a03c088a8b97dc27cd87b77ffe1c6d5748,2109201840000000000000
0x5d5995b3fbdb123611ed37d61d797fe3e7695ffc,2106364737798008362718
0x05b0a12c60124d02f3d6e49d63511d5a3c15df59,2105712641475139204588
0x5b094bb88150d66772ddf667f23203901180802a,2105337054910000000000
0x679ad9d3992207c87924cd565825fcc1c9e2de38,2104622000000000000000
0x47bb630dd3b863ff7dace65275d649a06161beb7,2102082361200000000000
0x13ec8fc23fc07c981a4f65887e40cd21fd1e048b,2100000000000000000000
0x0834f5706bd44af13578a288f0dd7cff41ad95d4,2100000000000000000000
0x874471305318579e488b2998baadae1acbd4dc50,2098066432400000000000
0xf0baf18c4b6ce2bba4370c9d4c282d92313aae4b,2097680800000000000000
0x7aaa23244a2ce85705454c256b90f921fbe7c55e,2096248866952797472025
0x8e7f0f3e43839bccf151b25adb35399525b757cb,2093886000000000000000
0x94b4cb1fa85f2ee14c1f69b8f8fcd2429f6f34b9,2093622995809701213768
0xcbec7ade70267e6e73a3dec59e43152e42f6964c,2091154773462702369367
0xefd29e754ad7dcfc9e794bdaee0a03785f15168b,2087383972380000000000
0x4ac24983854adf51fb82ab4e4307d06577f4afb4,2086882000000000000000
0x5ae0863d7adaf692665bed3ea602a16d4a51c617,2086440000000000000000
0x5361b25e34434d3ed0e9b8d5862649e30ea236a2,2086405669690000000000
0xcb89e499ba35387776b5d5110de366f3d915b673,2078814447045598216092
0x8567097cbd70db49697a8cbea853f62bd5427c96,2076323560990000000000
0x55cee65cdc2027d466884630036ec5a8b9fe1110,2074910000000000000000
0xcb64e0b913fd9a5df047bcdaeb611a48cb9fd261,2071859000000000000000
0x34fe6bd496e991c1b96d3ca0a0ed60e4243ae9c9,2071169137440000000000
0x4a4ad47fc8ec9c4ed51edd1e5b9598f2522d5fa5,2065899000000000000000
0xa3d010372182ed113cb467e9b7137afa1149b446,2062610000000000000000
0xba92cfa3299869c385ce191dbda6b78b6f153bc9,2056525359830000000000
0x307af08d61f4067f31bd8b2fae7a72e4a4be6a09,2050786000000000000000
0x6295ba1f0bbf2c3fd2be3ca8c5e5b4e15dc0c589,2049490000000000000000
0x0253fde4f15824a420edf309045773044ea87310,2047406000000000000000
0xcf29524a24e70e49048691a6ae1b61d448e3c116,2046000000000000000000
0x5d29dd51fdcdedcbbc7df8725023cb133275faab,2044340000000000000000
0x450932c5e1413b72e5413de038b32dc3a75b6873,2042937000000000000000
0x399081168cedcfb35b0baf6853129630e09c1614,2041000000000000000000
0xb7df4b1254156f614613f9d6bd9af6c468991813,2038923000000000000000
0xa3578a01072a7179f197fb846c9a35254c153711,2032297085220000000000
0x077057a316e28a3c58f67204304ae425db7c3c1f,2032062500000000000000
0x2b76fa59bed227a20fa928b2c8d0c5169fb68d95,2031430748290000000000
0xb3ac813a03d77add9e4bcff81d3016974422c7fc,2030356200000000049152
0x5306e6cdc80c2a8a5dcd6a29478f3d37d4b6396b,2029915579000000000000
0xd2082e76b6df6a0fb96fdaa697c5c110526153b2,2025840000000000000000
0x3eb8e444f4ea77edceb15531557dfcb840094758,2025830000000000000000
0xefabd44ad9a2031a2e7a6148aa2b2ee739610c90,2025494010000000000000
0x77919728eccaaab42057a190bbc7da207ad9a505,2024955000000000000000
0x53de385f2de3176056c7a25c4aee79582e5ad8d8,2015954000000000000000
0x1c7370c14b695ddfd38541ebf50e945dc8eb0551,2015455339800000000000
0x5ceb8778828305e1c57fa3cf306075b8ed20ef0c,2008668954130000000000
0x4fbc6ceda348217aff2fcf1efda9158a90d3aad1,2008123936030000000000
0x7a05b65a79451f5c708d7992f25abf01740b8777,2007767505000000000000
0x46b5262f76619264e7a137b1c222493f61671dc4,2006663100000000000000
0xbf03e6f5c660e4f9b0fbd30f815504c0f54605b2,2006058471048473614903
0x98feab269dccb000362b8cbdc0de26387938492c,2005200000000000000000
0xdab4794e051a98cbef6c2af3e8035f0f9d7d8d1b,2005106008860000000000
0x9c65b58c768686dec833e8d18f8a7fbe4ffd8064,2005039822910000000000
0xa84cfb010955008d887dcfd24a671ac3930da937,2002914761240000000000
0x9ce4b3084a079c4838f1c0599b84c3959942e356,2002223260000000000000
0xad0aabedc57b543c290fe3628c9cbd1f2d38cebc,2001836000000000000000
0x512791a545324c88ddf268d73af9df97dfffe8a6,2000000000000000000000
0xc42c9fa62bc4e97b1ce77360fd3c12ae3374795b,2000000000000000000000
0x4553ff9c20d565290223214d5a7c08c1aa239f48,2000000000000000000000
0x80394e721918948a21354e675f37d6b0d33d2319,2000000000000000000000
0x697fd4d9f97cd9903c4c957fc8b206ded56603c8,2000000000000000000000
0x7f014a5b1d1241a3e8be89b936a1521757ba2073,2000000000000000000000
0x07abb32ca1325772c93a7f4053747e860a97c084,2000000000000000000000
0x5d8e872ed27babbc515f417ac4e999f8e51d628b,2000000000000000000000
0xcd91128e184f69911fce93c9a641fc4703174e9e,1999769921792127314689
0x749ebabb8da2ead99c5fcef115437e6941e07b4c,1998840000000000000000
0x2f166ae1760faff1d754a972134e22fc84b365c4,1998840000000000000000
0xdd62107b880489c9183b01bc231de0631fd050c8,1997166200000000000000
0x05a6d8ca0119923588cf5b97763b5904a5488e6c,1995000000000000000000
0x1f29c3258a4c617cff8cac19343c21f404d08d1d,1990991000000000000000
0x9eb28374aedb2d3deb1ff6b2e72f2e7f3b0dca71,1990000000000000000000
0x3787336679dc7e0908f2a105a66e1ab91c2ccc9f,1988074054360000000000
0xfce777b5c951e10f4bcd14c3dae528a462bf48e8,1988011668420000000000
0xbd79d600728de7d58c4453282343fb640b071463,1982680000000000000000
0x1f9d11ae83ed79d07f4e6daf7a84d45b43a81081,1979911000000000000000
0x3438b7f8a7db7e655603620928d56a9aec806948,1975633599700000000000
0xa5fe46210fdb9e08240b65728a81967bc98354f7,1974447461390000000000
0x67efc07c0cf2c2aec6e30565389599032a9c3800,1973600000000000000000
0x2b4f40efaf1bb6c4af918be60106280408c72961,1970452960000000000000
0x05edb82e27a29b8533c555cfaa57bdf511e9bd11,1970000000000000000000
0x9d7f0f8fc3f6ef600b36c4703642c5077343a9d3,1968733800000000000000
0x8fb98c830433359ab9b41e014c26ec87217158c0,1964000000000000000000
0x65ce9ae6a582bc3bb63da046358b2fe4ef33e2a1,1963371028700000000000
0xee2661a40501f9b422227f5213b2ab2875854202,1960000000000000000000
0xd71ba993e1316bef2513e13f1e5dab65c37dfb61,1958271200000000000000
0xafb5973de8d35b9c340f50dc76206dbe2837ca86,1957330000000000000000
0xb5c413c76777e77f46b5be0b11a59e2758711701,1954428809079428668398
0x805d579c52b87e7d480e3200418adbd347c9079d,1954260000000000000000
0x77bea8d4ece8beaf8efe35e1fe4608d7a79ef076,1953774200000000000000
0x20f08c266319359e11189fe4fca549f6e0a0f489,1953600000000000000000
0x3a842668c2aff5d26770067fbf10232c34afa72a,1952000000000000000000
0xf6f547e3e103c9f32c88f1875228f45e604afe66,1950584183130437696339
0x56a0775538ab5aaf3cdf94d039d894556fb6e0f6,1950470000000000000000
0x40c70d1b184f723187dc1677dcded2f6f3e23037,1949931882520000000000
0xb5ba18456975739daf2be5c5fdb14b7b4cbdf98d,1937872526200000000000
0x893eb3808840079550cb0d6361e0454d31bbe209,1931767913147535020436
0x95bc7fcabbff852ef7acb1aaff593e2e65999654,1928365677400000000000
0xbba9f30576e0b3b5e2b7071509a2b7672afb040d,1923960000000000000000
0xd3aff5b639c8d6ce15f95f97dca5142654714ed0,1922679443040000000000
0xf7cf2631a18b4b6037598d26e35637a251fec825,1919710047700000000000
0x1a4ddcc3cdc8ea847e9d8c8391069af6f43641dc,1918000000000000000000
0x36915fa408ca49ea034e006821a4fab28592896b,1916491430500000000000
0x74b996398c7e84aef993dc102008f9635ab8b827,1911938485615055642089
0xd71a6e3f2bfd54581feeac321d511ef583fa6178,1907610000000000000000
0x16fb4569250857196ccb1fd14fc77e5c854de034,1907141600000000000000
0x638b888b50c58950b1c8f198e8972eb818c386cf,1906765600000000000000
0xd1a376957f655e3927bad34a2cf5b3d50cdee25d,1904132000000000000000
0x693869d84a388f8a650f4ce769e11b23e347f617,1899210000000000000000
0xa2e2725bb8d4ac52b56b418bd4947cd62e704341,1897605245860000000000
0xa957729635fc1e10e88683931da4e1544d1dfba4,1892988380000000000000
0x91d2038b98f98357756567dc227d55e0f9f33185,1892052523840000000000
0xe984d1bd723d922a60797af03f0a40fd8ff8267b,1892023473140000000000
0x88fefa6460bcc3d0583b720066dec7757bc03a51,1888564050360000000000
0x7ffb972598678b23ab34c86c188f46c5b1b1c9ed,1888543534690000000000
0x47a8bbebdf929b8af935a378d1463adb8e4c4e48,1888000000000000000000
0x806e605bbbf0edcd0bc3aa70b0b033ffbda5cfb1,1880840000000000000000
0xe535b0e26d0dbf4aba7a3a7c34c7b3de69195cb2,1875603824610000000000
0x01d31643278cc12f57070b91174caa0d099bf334,1868834381940000000000
0x5163dafee3de5d6d56501238e9a0dc725f3ebc23,1867000000000000000000
0x572e1e2c4666155fc7d838f4e23f6c88852b0b6f,1866900000000000000000
0x791e28f75f16e0a2b203f0753afefd02dacdad23,1865000000000000000000
0x0d319549f3e73156cccf43dcd59641a3e8e110cc,1863687525800000000000
0x9673f4f516bec486098ee45f81a054533ced4e76,1850393137000000000000
0x43745cb511a7bb53176f8938f9f0f4bcd6996951,1849738700000000000000
0x3eb2c321519c9973ee420625f3f8af083b59f3cc,1846775000000000000000
0xead45e3d921338c5f943681b3522c0a999d30dc3,1841547635240000000000
0x208ad9656c1895a23465770a63c49ad3f96be620,1840251141170000000000
0x3d0453fa7cf0f71b18fa0a51946892558be57bec,1839726257116698882476
0x7cc4ae9c9ff3800d17d6f7b0875f3f0f48b0a25b,1833747500000000000000
0x9d29c27bbe8f0c9d6a40c3edd7c97b01ff7b100d,1832470000000000000000
0x6df58c752aa55a5e966a402773696af318644d2d,1831817800000000000000
0x9ad7afb8e6ebe9156628b455abd2730ec8db02c0,1830874500000000000000
0x6eb00f252bb02f3c6573e905dd9edbb9dc74ef6d,1829000000000000000000
0x661d9f6103b91f9828d16ac818a4c5470b26cc74,1827982995580000000000
0xc05bbf702028406c0390cd006c6d7a626746b549,1827185771020000000000
0x66850bd44620b9c4706972648844db76e72d6297,1826560000000000000000
0xab5c85698ce7abd807059d85f8cee31a49398eac,1823158000000000000000
0x4c4c37e8bab466eb053f55b74e64ec562eae1d5e,1821487000000000000000
0xa703c48ddb642cc50320ee8f124555a7a56b68ca,1819162000000000000000
0x339e9c31fb73b00780083dd14b7eff0d4b1527f4,1818583000000000000000
0x0bdd9230e71e8d46d2a6e797fcc3dead971a8e88,1817460700000000000000
0x1a2a26dca2a9a7ccf0257650a6785458b499a8ef,1817332646200000000000
0x2b9cbb0d4f454edd591d2b64abd621e1c695ca66,1815260550000000000000
0x3d8db435cf32f4510dcd15061d395dafb3e1c749,1813800000000000000000
0xfe48f83fa5292196de087066b4e5a6157a491281,1813393459040000000000
0xc2430f50e1bad96d9e20f190b5f40251fc5dd57a,1813378749000000000000
0x65b8a59bd972cdcdfc73b580ebe920a4497e6fb0,1812319945337137687541
0xf9f97c9c3f4835477eadf3cc99d64c00cd52bd0b,1808240000000000000000
0xde878427a0c8464ec4929e33a5f6e8799e128c84,1801451900000000000000
0xc8423cbe14273bbf95c9d3c80d0956099f9a550b,1801074440630000000000
0x6c2a69eebce5c645f4ba0c79d3bd961b96a6724d,1797597932361520079294
0xf8ae0d4fe7280a79d7fb2af15b31474d72b2776a,1795910000000000000000
0xff9f08d8fc07ad910c9aec6829606ec0d6698a16,1791531000000000000000
0x3da8bd9b5a7db9855810e41488730fc72de93dd2,1788300000000000000000
0x4e3d0e0f19649afb6db78c3f6200a3f0e837590b,1785587124500000000000
0xb6edbd86b5f139ccfc1b3032024fe59822ca04c7,1784546741500000000000
0x9480f1633513d1a66d6902ba3a0510bbe91a877b,1782055000000000000000
0x7dda724fc1eca9467eb04d38741fc47967ed38b7,1776540600000000000000
0x192456bc5f6937a94713828d76d4da2355d35e76,1776044324747586198163
0x4731405d8fa10124c7e090e1aaa50877fc3951a4,1775447293790000000000
0xfc61c89d49ff1e4bf2b4d61aeb3bb13125459d1b,1773000000000000000000
0x6b90e191d6282caf261c13c411ad5d61d2c78e41,1772214300580000000000
0xd2bca770ce3e74d9507bc52e8fe3c1b5607af00b,1771546715830000000000
0x453afc51a7ef454b44ba778f7e1f6b4848cc7768,1766126587230000000000
0x406a712e24c743d43c08d762e3d5e79d853f0fc9,1756304226200000000000
0x2abaf926eb436125c02b23f8bd17179d2401fcda,1755000000000000000000
0x30917003544b1731efa08e4c0f4074a70917ffc9,1753647145669802254710
0x172761dbe4754b1737a782cf33164c6a0bc09ce8,1746715500000000000000
0xa97f0b89166b602df8d99d4fd679f9bb15e4adaa,1745997937770000000000
0x35b989722c882e6f08e05df761eb9b8a94b4f01b,1742990144295768396479
0x9aa245aa0cbd9f4396d7ce565c9baad8136651e4,1740097000000000000000
0x3120293c145a8eadac9886c8ca9a75ec21396461,1739840000000000000000
0xa8a283a865f787b15878f26d1d67745fa750f44e,1739337399990000000000
0x4dee0e13e9f9d7213eebebe4092cf7cc67985f4b,1738137500000000000000
0x322b1b4281bf8199457954c0923d6840c90f6416,1736000000000000000000
0xfe7c78a8840a9237af3cdc28701129e7f729c749,1727426107190000000000
0x70b61203bc18e41db97910db45d494e08d8cc2a0,1725153940800000000000
0x7c90585d1e0b118b9c8edf942743cb117d7fbb9b,1724840000000000000000
0xa68b5eb1e2145c15973e48459709e53fea4eb932,1720498800000000000000
0x7113dd3e00d506a7fab8554a3ca478f92e279b74,1719073330920000000000
0x02f79449ab9e48ff354f97dafa5ea05b2312f403,1708162000000000000000
0xf52bd3956f536e8678c2bde807fcef14f9e2c101,1706460920130389052651
0x69a31c02fd7b6cab496c1bd592239a6b9a1451dc,1706257000000000000000
0x59578a1f6a44b24aec5a4598b3e49a9541edc2e4,1705926300000000000000
0x0c42be5250cec04764fae52710e61027ca652b4e,1700183259310000000000
0xf59e0ca5f3af558772014620ef0ca99dfecaac64,1699623000000000000000
0x87a5506ada3633354af1c3b62d551181a3eb485e,1697982054544568787547
0xf654fc8e8618c47e9cd37a4f59362ec02f74f592,1697701891100000000000
0xbd4ddb1d45df209fcc844dcdea831e7ab320d2ff,1697377005550000000000
0xb073dde69d51f13c237a21e0c3d34f37be9b65e3,1697140000000000000000
0x3e891c100eb6d881c84d1a83d3ff43f5c386c950,1693160000000000000000
0x98af2d4756c135be2bcd38a14b6e7d92202cefda,1692737812722904422603
0xd09924f422f3131de986dc443ee1a5abf86cda9d,1692000000000000000000
0x892e4a5a832134d8c4c78e25c6993b030aaf8ffa,1688630493360000000000
0x9ded4d2b30c387f8d515a072f7ce986290f67b04,1684060153100000000000
0x251f041abe9563496362e5854078c3068cad57d6,1683360000000000000000
0x6f73552165ecfc06c48ec0fe598435dc424aa620,1681881639270000000000
0xf57371515e3c0321ffe7dfbd308fd11ba597dc6b,1678435594000000000000
0x4ef14d441c8eee51f6c372e23012c70aa4385b7a,1675000000000000000000
0x85a208cdfc0ac110f5873574ec1c7bd827d39e5a,1673581640000000000000
0x4f5aaaa39ccb89f8e627e0635d095b159d3db135,1673000000000000000000
0x9d2118decff3ebe25b1000de9fdb931e58c12226,1670400000000000000000
0x47ac28bf81b963442d4f6fa78a50dedb2d4d9e5a,1669974299730000000000
0x4c57b13feb261723376c5d5e9def9c0910c38154,1668876000000000000000
0x9e0da05057efa83e9e155abe9863f1bd4eaeb79e,1657948734400000000000
0x6f586805fa69187c4f2572f76f0f1174906f6b98,1655107200000000000000
0x5ea4f15400ff2fc1edbae11e81c70049e3e23d6d,1649962000000000000000
0x9921c15fc061e371b45077cef76b7f6f8f1cb059,1649462000000000000000
0x47546ca7f644731de66ed9b32dad764648784cd5,1647403210100000000000
0x19a892d5330dbdb604f14cc9472d4a768675e0dc,1645975764063838681898
0x2909dbdfa57b7ad2573734feafe9f4a434599116,1629368620000000000000
0x8e6e714453bcb2371c803af2124c57a9c9f03885,1625180000000000000000
0x8f43551310a219a0b3f3416bc9041f9a44a7b809,1623475072930000000000
0xe54ac2fd92510dab0f924d8c03c21b514632a764,1620300000000000000000
0x248a90f3ef5b47814604710fe2f4eb44839207e9,1619351000000000000000
0x3990450d34896bcac7ec3c068c25e6049951fc47,1617280616141087157220
0xfaca17e3d2a4835130403673c5bfac8da009aa1d,1614531478500000000000
0xb318a74a9d3c60c96e38f543b416938d480fe9a3,1614140000000000000000
0x9faaa468dc028d18c3a4e89580338a955d46d0a0,1611300000000000000000
0x45cda4910b113d095464697a72c27f811f80ab53,1609346059605933326175
0x060b858251169ec5257dfbad28f61314420b2402,1609228000000000000000
0x91edd1d674802635a273379849c8854a44c57c50,1601361000000000000000
0xd505efef7455bc72d01b8077f7832d03f57d1526,1600400738120000000000
0x7c27d4411dd550338a211bd1269c4b704db05f06,1600000000000000000000
0x0c0fd44eea5085dd36f3ee30d25808bebca9ba16,1598840000000000000000
0xf39086fe20a1e27614f89e8862420dd2abccc20d,1598186000000000000000
0xacb13a4199e5aedbf69d4f19e85503f0a61efb1e,1597540000000000000000
0x40def4f82fa6a5c3cad8f536f91a35749c9e9555,1593780000000000000000
0xf3e75f4c2a918f8f5c2a57c17b20e298a5f11729,1590170624630000000000
0xc9fccc5f300609bb8905d746d8aeb4a5ce6b5e5c,1588661000000000000000
0xdd78f952b0db1300f09b38588f8fa723b09faaed,1587968701169187116827
0xddcd52263c7be824eac36ac22e294e873a5a3883,1582790000000000000000
0x14d5be26164d193cfe3249ba9c7eead3c3784a2a,1577612025700000000000
0x75849295b77576b344faf3d983d47aee80ebee04,1577058885130000000000
0x20d3a7783855c456bb7eea6ec22176225d60d2f2,1576270644540000000000
0xe5122236e0c0b6f5e55f834cf156e7d765059785,1576115800000000000000
0xe5fa207feea7a07309bc9b230d7efaf36f52a871,1576049925000000000000
0xf8e2619457bd8be0859a8d430d88be63d99b6196,1573240200000000000000
0x3f85061db9528ab3488fb33941f4452f7c388b65,1573000000000000000000
0x1030eb982e219c35e227d23794eadad24dac86ee,1570840000000000000000
0xc97aa8f2cc69a4de03c0a304a02b3cf182e7af31,1568840006780000000000
0x180bf3c002ca6415cc0f05a464bd05832192fa48,1566760000000000000000
0x928998beab6693733e42fc84e336221624481279,1561818700000000000000
0x9c08726ab687d8fbdb4a93484be1c4784d443bd4,1561761000000000000000
0xbe256f7d98bb7973f339f95ac27c48410b7d7e01,1557000000000000000000
0xda5244022925dd674f2e2f8c4d34d0aac20080d3,1556000000000000000000
0x13634c0bf69a479405848a3c8b871a3a8c652254,1555000000000000000000
0x21a59c79eefb76e8ffe335acd5998818ee816df6,1552956900000000000000
0x89546e0290157d1a825fd0da0ac859f4c4d5a453,1551633479830000000000
0xf52a19b22741e8bc0e801f1dbaafc4c9cd85f80b,1545480033130000000000
0xc3987c236900363e641ed73e8051e1a2e82b878d,1545101989020000000000
0x2defcca11f0e3487edbb5b28004089cf7e29f34f,1542390000000000000000
0xe0e6521887f6a219f5646735338435d0dc9eeb66,1541070000000000000000
0xbb1f6b3923bdb62bb90071b3324efa38aa27185a,1533069203540401629678
0x259b35d71d04a1eb5d06740ee6a50d5c311df2d0,1532305000000000000000
0x5ed5af7d7c3ff4115458d19c5016f6a11a510687,1528760106055306946451
0x8212d8297fa527efeb7fa2322f63d3424e4c06df,1527120000000000000000
0x780e0ba0f3008458204b5eecfa66f61a34b50568,1526961020640000000000
0x52aa061cd468ac6885789c5c79ce46352466cef8,1526521900038769273089
0x02bfa316302a5d29d51585c46f00cc6ecff742bb,1524828000000000000000
0xeb9b2ed1881e916b26bf2ec03b39ab1f4c1d9ab7,1524750000000000000000
0x86a51aa19ceaf2a84b4cc115894a71e80900f9e6,1523404787500000000000
0x7dcec8b59182c3fbbbac3429f4984547f6b0172b,1520909704600000000000
0x4da4e5bdaaf64c5c311002a084d0d802ab0c4a3a,1519484400000000000000
0x6e9cfadbea54a917cfc33d4016db5de563c13bfd,1517840000000000000000
0x47d1e4501ad53228c8f63b51bb4c2e3502f0acd3,1517320000000000000000
0xa3d95a38bed70a53a6f1cec721dbf196b0113b58,1514223100000000000000
0x82b0faa0c9ab87d287100bd20c3015bd9a2af1e2,1511754522968074727538
0xc5bfb2480cbf1de5adef3e448d106d68c5a0c88e,1509695104677603214857
0xfeae899952d4dac5c99c108ceba4bcac71e8b37b,1507878205411533751046
0x31bd88f37e73bb12172c5cbeb9ff5627424b32fc,1505840000000000000000
0xd8883473e4b36a607192154b3f6894a02a3f5118,1505531800000000000000
0x399fbb5d3b95bc04df9424fb08cae6f35fe01cbf,1504000000000000000000
0x2b4653184886b3dd50d72a63ab81689f2a7d9004,1503884223800000000000
0x349677261bcee61c6e4f971c2be0a8b3f0926593,1503000000000000000000
0xa01250938506d32b5e03fbdd7fad86d100b9196c,1502400000000000000000
0x264407a0d85e07b1618d80dca47ef078d23f6276,1502287500780000000000
0x48d67406fa729259058a5fc7c12618435bf347d9,1500000000000000012738
0x7c62900a0e8eb2fb53accd62b1d3c5704a259620,1500000000000000000000
0x7a38ff35eca3e1cd5b1c30626e89d809c4e51e88,1498840000000000000000
0xee3c4aec337561d87aa2f8c36a29273b690e8932,1498488000000000000000
0x24300f0b649a683891f6c5028f35ecb1522dceb9,1494461862250000000000
0x01ab16f2550ef75588e50dc1be8e4de3bb1456f7,1492830000000000000000
0x8fd7c8a24aa00531b922df4c27c617bbbafca916,1492511759924577486587
0x89b1a93f5c8d3240139cd06be9e060e6599733c3,1491670000000000000000
0xf7ade7e50eae16c583a643159f998d9abf40348e,1487010000000000000000
0x1804117b83079ff682d89f6ace91c49452bed8ab,1486930000000000000000
0x6eddddffa030da04f20e469e15fad9427652a6cc,1485770000000000000000
0xa6ca69cfe09854a68363b65e93dfd80cf8cf8469,1484560583400000000000
0x2e1ee3bb65f24c2bd949e8d4a628193f7b4540c8,1482880000000000000000
0xb9d367d1a29c7496a42799ea0450b295b80008a3,1480500000000000000000
0xb7af6065b463e0172ff5c60130ccffa73a21d1d6,1477320000000000000000
0x08cfbe8a2128a012db3c1e713efb38191bd0f582,1476506000000000000000
0xf539e8a2f0b348b53ec3e3ae6dfc5facaa96b509,1476000000000000000000
0x098beff8783c74e991a73bf7ba8594b06c9612db,1475840000000000000000
0x81955ac02f2ced9fad7b533ed36bb81b0b590bac,1475418000000000000000
0x93ae27e3e73904c6e122fa4a690e39323f45dcf6,1465546500000000000000
0x21aaaf7fc32ca53fca4ec652973f95c2c899a25b,1464793109567230531794
0x8d70ab85f62254bf98da88f9aa7ffcc968a5708b,1463138280010000000000
0x825f4bc159cacdfa52e630116199acb33ac3e411,1462046444920000000000
0x212c587080c53fbefdade0d67a74b10388782a18,1460704100000000000000
0xcd04e54af20782a708796492ff8a6a3b5e39f154,1457754964580000000000
0x0fce3767c07a2913d9b79b3b9c438660cca45974,1452084760000000000000
0x343a07e7fb739a9c2459c256f15270da1e0d3a5e,1449360000000000000000
0xebc70f1cfc3ce931d26427552b4389c0d4c94b06,1447797200000000000000
0x8c01b3606761b2aa382afbc7fe4f9b1335fe0860,1438185470000000000000
0x46c77c7238768c4cc94082c8add69b383f8f0719,1434440000000000000000
0xc0f3d3aca3ee5cba26ff8093a9b877e7114036fd,1434261720000000000000
0xa77f619f2f76ff99e3a324dabe9c12dd3498d51b,1433318346850000000000
0x402a46f57f9702e36b6b22bd0147dbdb20059fb3,1430840000000000000000
0x6be2ca47320914eaac77ccb2b26963326ea70ab5,1430826976240000000000
0x6a0cb8355fa53d0a979a9bc21ac355c2a5867c1a,1428818293556142738967
0xa850c2e5a7c4c4cec16121d266688abec50ddcdb,1428000000000000000000
0x724a6ba5a515d2c36b014f14fbe5cc5f9a303c2b,1427410000000000000000
0x65426f1d02942b3d77d15de592c144f0a7cec3d4,1424495161672863174097
0xe7927f846b0d16aede88e6191ce67754e277d833,1423395000000000000000
0x61461538e5a6702e132d34fe4fae43e5d3a22e56,1420000000000000000000
0xab97694247a7c107e497cdf8a395aaff9d263274,1419828065880000000000
0x54990022c3c2760f3090dd3721102f0ef8c7a967,1417250317240000000000
0x8cfdcd3d8eb4091e8d8156b9fc6aafc12dce61f5,1417141500000000000000
0x952dbbf71292758a1a1e28aedff5fad381a49482,1412840808466046062035
0x29f54ea9a35dc71c6a73c757770834042c69d6a5,1408429000000000000000
0x20f1b13abb48b4a9f4facd17db9f1ecd59896da0,1406635500000000000000
0x34ec672e0ed989b3d407fe1366a394afaa786514,1401876400000000000000
0xd7a0cdd65e1cbe4ece64fc98f9db493f4b4e0b8d,1401257325800000000000
0x017cb36d60ead8f38f8478925117782068250548,1400668521800000000000
0x904ba3b57a3a896cf4438a18aca227a1362eaf05,1400661450950000000000
0x38e344a9c193a128e73d9ec637049ab00ba7654d,1400000000000000000000
0xbd77ad964d6c4ee012e9ac1b57247aed2978b4b5,1399353200000000000000
0x973f7fc7468502d105323cd6ecabff6caf4edf9e,1398972796471120985019
0x5cc1c40f012021fadb94b36b0b897d3657d411ab,1397720000000000000000
0x9f8d3196f976b21b14d67510ace6600e95b23ffe,1397172000000000000000
0xd0d87cbac52aff459b9695311229922e66559ae1,1393444000000000000000
0x0dbf4b99a628a0947ac097e6f60800321a944cfe,1392525500000000000000
0xbec8722036ffa4bdc1c1cbc198f4443890b441f2,1391550000000000000000
0xbfa789a90a285c15c12ff460e19712ca7652ae48,1389511915140000000000
0xbb97b9e7c9e30dd0f2a4772e8b22d0bea0b28100,1387566281280000000000
0x5076a6300480a52f337c8b6325fdbaeb8fad4c3c,1386577000000000000000
0x13f50efbfa6217c20aaa9a94c458238be801bf7a,1383266867000000000000
0x7d7f175ebf43268dc59ad88920c08057f7a5978c,1381347000000000000000
0x8494b6d15411b12ceeb92c5c862b8060350cd882,1381254340840000000000
0x5891144f07df4692ef52cd6ed3c3b28e00c8f19d,1379000000000000000000
0x3bc4200edbc0054ef0b79a135aa2bcd7ec13bbb8,1377558600000000000000
0x41bbcb60c6f356a8b4e596699edda03ef32782c2,1377026000000000000000
0x2f97ab10a61aedf886567e86051622ed6988a0cf,1376030000000000000000
0x17baabf3409e8448d6bc59f9e9e2abb4eb5b0fcf,1375591000000000000000
0x223478e4edd048c7c57a4e84489b98d97e255c51,1373469600000000000000
0x35bda4d9468536dfb4861953eb96f0297ab6fcdb,1373400000000000000000
0x9f279b40ceefb4eaea2bb0d23b77b87f6be758cc,1372230000000000000000
0xbfeaf9d05540a3da470e5508202829559049b4cc,1368057397452902444157
0xd4b803781166cd57e93ab8bda51c40f5d642975b,1366310840787652989042
0x58da43eb8890b5202672d56c9d110331a1cf502e,1366050000000000000000
0x2750ee396b74914b3c4ae37a1c8a0b366697559f,1364832023920000000000
0x0fb651bd0f34e5b86a3c08a7a907b13ab81812ee,1364525821620000000000
0xb1d54e7570bf6cf73fb28beaf8355449952f1db3,1364272227110000000000
0x956f9526b3ff5ab6353768610ccb6a9f07a2b84a,1362646091425518978696
0xd51988ef6267319397b08e8cf0008d35526572ff,1362530001300000000000
0x2b19e5fe82d13a90ad729db275b89fd05c692db7,1360000000000000000000
0x0ada32b3b63f8f0e2117b7b94088063162dc2504,1358250000000000000000
0x8be2a90143a7d6fbd86a5a2342ecc77e8e2f8dc9,1355874049208295421830
0xf8d923b1d9566bdce1cb4d23fe0fe20f9e0eb439,1355000000000000000000
0x2fd8b73ea90dfa98411829e4d63e939cad2d21b9,1354730540240000000000
0x7ee19dca6df5b5342f43109c5575921f464b192d,1353881700830000000000
0x2f9dbf764bf04f4fbb011e1b3964ee763a2e36fc,1348759200000000000000
0xfdfc4d8b1e68e1304bc9a2b42f270a2e1ef54a94,1347030000000000000000
0xb6ecfc4a252be8d6fe8468d136a68b2da1a567de,1342779800000000000000
0x7a17005c64b7de0756c7989e083dfcf6b340c652,1341888600000000000000
0x06eb3a8682385dd55f628380bd5801c89d0c10fb,1337705685407874403059
0x7050c21d7a5044b5ac0c1ba76ad8f90d9729f12e,1336482071570000000000
0xa885f229b032caf462d4192b5f15d42623bb82d6,1333368000000000000000
0xcbd3ac5638c533f9d7b1b824a68aeb4c6451a081,1330520000000000000000
0x1ef48742669e0c41d5e3c7d0a90bd6c228b1f2d9,1330433600000000000000
0x43ccfb68e124a416a28db7795a8e5a8cfc576475,1326000000000000000000
0xa91f6143fbd97860c5aa58befbe419cc71dd7bfe,1325000000000000000000
0x793c49d69a7da01f5ed12d5497ff70dbe082bbfd,1324680000000000000000
0x72cd408cadf50f71be95b091f302e68f8ad725b8,1324000000000000006194
0xbf3f4d901f30ae0a9c6d8d48005d013b2832326a,1322130000000000000000
0xc7d42ba6c585c9fa6466324a42eebdcc1c87a98b,1316862264370000000000
0x85e6bfb6def3ae8a8929b35cbd6ede01567c5703,1314997711960000000000
0x8908d8342d822e34c39c6143a1ffbf97b62211d6,1314440000000000000000
0x74b1ff04b2605bebc8a57253aca4e3f7ddf9037b,1314157000000000000000
0xe335d72862fd483c1953a0e81bd0918080813649,1313000000000000000000
0xfaa4a8a9391cbbf87b28e931be172d84876d8dae,1312896900000000000000
0xf3c6491872f37555d9479afe326ab89fad2adf4c,1312560000000000000000
0xa2f7933fae63e6e6e7edb2a8aaebb03866ee99da,1312341646788195080793
0x3fe6a406ff1f993a1cd09b18d2a8d37ab2774431,1308256000000000000000
0x1872b222b993e428d61ca50d34181dbce78a6b8a,1305330000000000000000
0xc84077e7e2a6fa2dda34a35516fc44b1ffccf270,1300000000000000000000
0x58826040a202b5882982d5d8c7bbed79172a9bee,1297921418289732714496
0xc95fe0ae74f7f05b5360e8bfbeb8d229502dec29,1297840000000000000000
0x19ca78884f8e2bd6b64300436a153f2cea0af16c,1297823305500000000000
0xe886331e128b0c550b022edc40cda6cd09f5ab6b,1296503000000000000000
0x7e2144b690eddd21b8b069c512a85d062d6eec9f,1294535720240000000000
0x0ea5aae943b91f8708da897e57f02f084c594b04,1292151943821707505788
0xe7c37f32d9deec8bc42f7b1a1257a40577facf80,1291360000000000000000
0x537fd2b3e65948e4d2b833e327e77b237a6dcea8,1289742000000000000000
0xb879ad81d9a8c6d426d3824136cfac5ffde5343d,1287695000000000000000
0x216571d24c0401e35579bcb33ca718b74b6fb313,1275911680000000000000
0x97e1cb22288ee2277dec930f2c6d0ab059ae9c24,1273963600000000000000
0xc78379248d35028018f1a528e7ca189dea224a1d,1273286726050000000000
0xcea37015b335bfdda8ae3710db8ddf56809ce7e6,1272750000000000000000
0x2754295547fb5031162d74a06a719a930cf2ccad,1272568418450000000000
0x7a09b10418bd11a6f7df672d3546f6467dcdc070,1272250000000000000000
0x784d53dd0b47a40e892615f0054d9b9d38e7c0a8,1272012992890000000000
0x681f083465ce3634a06eaec4f83d034bc42aeb49,1271378500000000000000
0xb1874d53bdd30dcc44c39cde066ed80a9c455906,1270510000000000000000
0x12aef6f8e1949f876f2ac67bdc5fff89b72852ea,1267695794070000000000
0xacd3c51cabed6f79e40a7ed8af4a05a79b01a7df,1267017300000000000000
0x2b5ed345e9153e8e5507fa9d632e6211b0eb6695,1265058793480000000000
0x33f62959b062d7d8cd070095b74dcb5970e93671,1263498278050000000000
0xf6f27fe89fba274538e2d8330f3c497f446b5da6,1252199000000000000000
0xbc38ef7d1946b82be7c6aa197d58960a5fe713a9,1251300000000000000000
0x4a690dd1fcec012279e3cf43af58f8f54f91bedb,1250710000000000000000
0x242ff4b3a6955c922f1d73243c67baddbee94420,1250244500000000000000
0x45d46b5296b6e1a37b5a58ad74c01f0a0eaed3cc,1248462550000000000000
0x64e27e1beb86411f3b34c22c03d8b2bee175ccfd,1248450000000000000000
0x61f8f1eb422972187a658ff28c3051cdc674ff74,1248150000000000000000
0xd1d7263b4bc48fb62b1699e45f42701831edff20,1241211799940000000000
0x9e06bc65f4491ea3187b7931a8b0e64101bdfaca,1240102064000000000000
0xf62ba2ee6c4c36cee09b5c132bc8bcae7022d41d,1239733000000000000000
0xa7e3c976f81ea70ff37c81f666a01690e43616b5,1238637862219122795129
0x8d8055c1eaccb08d683b5e24d387109478cc246f,1238335100000000000000
0xa717e9d35570aea27adf3bd0be12fbc91eb3da84,1234705041030000000000
0x80d327e9d7ce21c8a8f7d20352f6a242609196d4,1233867000000000000000
0x442812c36370437a267e0f0103d81910c88db824,1233000000000000000000
0xc175bb158152fca3702974ba4cc63422ed71e040,1232650100000000000000
0x82d2b6928a9d9fb23a9efb2db1e8783c3a554a49,1228000000000000000000
0xf480b17bcee6a4b142544e8ed9f41c6953ff69e1,1227676337379000254746
0x71233834f58c21586d318f3104e02fd4d2c41ffd,1224390000000000000000
0x3b76aeae9a7344bb6df8d1db4e280e053ff5112c,1221186985059089698782
0x55ecdf72eb637f57e2ad0f73ee25c1e542c01fbc,1221140000000000000000
0x21322128ee052e4f41a7866e0bf1e80f7f042c9f,1217764668960000000000
0xd114bb800e460eb8b218cb83aa76078ed1bfbab8,1216916952000000000000
0x93841adef98f53c6238c01de97f148f256cfae83,1216010856149911008049
0x153c07d0723c64c0351844bd602ba5e2aef1b8a6,1214543700160000000000
0xf7659a8c90960f54265429b2f4f9014c3cf27b78,1212137673196446892812
0x4c40b383b64c624ec53d06a24bb896ce9b719f57,1211648200000000000000
0x4279ad71631bb1b99b1a16aabd9afb407acbb68a,1209181000000000000000
0x41855e19445579927e43821d948c51ca3b385e1f,1207981116000000000000
0x3357163e8bd682884eebbb98abcfe87fbf8106e3,1207334771940955832051
0x0a318f39577c566fa13d8906bd57d2097c0bd8b8,1203577404580000000000
0x5dcd63eb5bc1164e6ff78c7382b705ec5a5358eb,1201642900000000000000
0x55634c2753b1e4782e4759ecd75e037f6b939481,1201636898536079910900
0x0ccc018376f5597568a49f5bb6cae6f75040a8e4,1201279534000000000000
0x214ebde691769c01e02b86dcd68470fc44723217,1201000000000000000000
0xb5d89b46d89c19cedf6789fabe907eb957f52fdf,1197512000000000000000
0x31b78bd39a856852a1f8fc6063b9e87ee819f767,1195724891308160389644
0x919958187a6e0464974f1e7193b6a0696dd60b31,1195640972003663845749
0x8b13f028451afee2ca34834ffb364fae82788168,1195318740000000000000
0xa984bd2bfec13fb4f2a66407dc9632668fae09cb,1193579187870000000000
0xab13cb71a35c044d1566e401391c37baa3063d2a,1192645000000000000000
0xd7fc1193c9fe2dfe9c5ac37972204f25a62f38fe,1191560000000000000000
0x39438d8cc16306614ea7b5ca9c4cf1556729c9af,1191320000000000000000
0x47aec456debd0a100c40f28b1227204389ba40ab,1191091754200000000000
0xb476befdbbb8120c30a8d980c3ee27bb5f7a802e,1190959000000000000000
0xd8a1afd69889e6fdb9aa8c0f139a4e2691912710,1190940000000000000000
0x01881312a6cf24bffc2a636d62041964f659010c,1190325000000000000000
0xfdc0ad547dc0650d5b455900ba559f82b548cef0,1188892840650000000000
0x1239fbb8a8df626c561dcb324fd81cf5157ea38f,1188649000000000000000
0x049c1e6af917ce1fa1b58c0c24b2562ecfb9b594,1186145000000000000000
0x0c320dc63654fe7ca358544dca5246f9f6ebb0c1,1186075436300000000000
0x8e9afc2f4a1162b891de79d2742e26a9120032cd,1185900000000000000000
0xec333ac222dd4be09add932bde454ea30881267d,1185794000000000000000
0x7227f90c15d0a81d5e90d429cb42367237c05df6,1182591068563459127450
0xa43add66b860fcd286511c8ce15f2a00bf5743e5,1181740818240000000000
0x78297ab497fe82639ebcc9fd138d3d11b6c5e142,1179224301430000000000
0x0d3748e52d430b7f0c2da32b29e664c30cc9d00b,1179000000000000000000
0xd998c6046c7de376d933ac42ac8bd1c37e103cfb,1174920000000000000000
0x9bb4eaba42bf83d664f78743595183f84709007a,1174668100000000000000
0xe52d30d611f627303768bb554ffe922fb4effa68,1169813000000000000000
0xa891606c6f39517c31eaaad3fb3ed84e76aa2fe8,1169507000000000000000
0xd101c05aa206af4a159328a62463d289ae289540,1169200500000000000000
0xe3944d11472871096d4c7c51b2748a1c968de4a4,1168623000904926330661
0x3fe2ce57120ff2d4031f7819fc29323792758280,1166713487719076503089
0x87f7c79fe7f6b04da85de87a39858af61c40e03b,1165832402010000000000
0x0b3a563b92ff47f8c4fd651860d635726fbfaa8a,1163481724232273650476
0x4dffb5a0e4bb7b9ff7a41dff190cc7ff6629f4d3,1162675000000000000000
0xb4aa92d6610c811ff327b6722c0de4880628471a,1161171644150000000000
0x482bf5080c38082fc226201027751b126c564912,1160731900000000000000
0xfa7295f16b9225bfed9ca93af5bcb61aa8c85af1,1160247870000000000000
0xea685cbce67fbe6e23f94d30ed6a06b3df701f57,1159920900000000000000
0x4ef483bce34e3ba6214e6ba9e91325261db7a5e2,1158811600000000000000
0x093e1389d88642296f898e8d1692b439de9e3a7c,1154860400000000000000
0xbff7ff60210bd4d841c69c31da193792daddd8c9,1154130000000000000000
0x09512ed0d112ffa5c499d999a5d1b8ded16127b9,1153564945162162956715
0x6747efd4fd8892b87dfa1a2cbdf1b2ab3d14ed37,1152764680000000000000
0xbe48d77d1d9fa39c1ed83cd567b5485c6824386d,1152060000000000000000
0x3fe99f4d6c59c8fb296879e108afb68f13680af3,1152000000000000000000
0x24501fd5f5c21a77845152afb6eed76415a4745a,1150868188175024708806
0xb250e0e92e2e28988cf683d8365913d6296ec16d,1150812000000000000000
0x43abab784068559cca943c962d1a21c412b7680f,1149938300000000000000
0x9fb16cb7d38e774cf68fc43924af1fb35b1f0d5a,1149859000000000000000
0x0cb0462ce87347370614c6d6e2d64e7c1a421a74,1148840000000000000000
0x106865c589752896fab483d77f0d60bec0d368e7,1148455706400000000000
0x57fe8ba6d7e5cc0a3dfc45d6be95a65ece482670,1147800000000000000000
0x12906181b0f75e827b6895f153a484fc13317d03,1146971000000000000000
0xd53653de1507567e6c3a19857453328d64a095c2,1144030000000000000000
0xafe7b3af0d2f639ab66a19a5a6dc7b094a5b37bd,1143860000000000000000
0xe1d683fe5bb43c13b4715eaad0ec272578be0875,1143141100000000000000
0x8a991660b29df314ea486c663760dac27cb7be2e,1142065205836756692744
0x077922fe539e0400779c67e880e50ff8bdcd74a9,1138060005920000000000
0x708dd3a078c03bf25ecc6ead68c7ec5b0038b601,1137840000000000000000
0xe2a56d2321e3c06c5b7ca8debca510030bc9f28a,1134457501991770754502
0x3233be3ba7ecd74c04ce725593985a492192dbf7,1134000000000000000000
0x524d9fd03ef1df3c6c9af0a75217b7bc12a6060c,1131642895316831942443
0x2e9fde605d5beb6683392d1e3f50145a739a4b78,1131477966760787700000
0x6229c2e263ecf2f0f4b8b3c17d236b13007d2ab0,1130842000000000000000
0x2f38258b43266157058ee9caba89a65b60634a68,1130838000000000000000
0x979f9256aac9f251c7e42ed014cee68d113b7b48,1129180000000000000000
0xd8e1736de4bb5551ee1910d334289c419f9cdee8,1128000000000000000000
0xd565d25cf1d2694f39a7895c727b2b8b401409c5,1123981000000000000000
0x79969dff50714246431b28d1fd01cbbb8ec6b40f,1121523463550000000000
0x560aeb5a72380f59c0abe899608ec7540d81b456,1120004000000000000000
0xd6ef5ef18d3cbb7643673e0206db5341146624b4,1119592963090000000000
0x8e59a0f479807e0b232706bc192407bff9247d21,1118630000000000000000
0x619075c6a13c4f26b34f5e9573bd5b6dd7e47c51,1118031807130000000000
0xdfbe89bf26b564950bcabd2cd96c92453f2090ef,1116450000000000000000
0xc712c0df5d6f7198dfd739f2950478a5df57f26a,1115132120368933236063
0xa861a09aa68d214fe68c90c280ab38aad3c0b37d,1114120000000000000000
0x92dac520f6c4c40b039e17ff54aeca2b3dbe4fcb,1114000000000000000984
0x909b14072dbd33159d615e79e42921682f5e9593,1113950000000000000000
0xde8dfd85591fd950fe6ee3a3981e01fd36f69cdb,1110367700000000000000
0x22e25ed8a4bd4fc1d0bec14ffd308bf5fed2e7c4,1109287000000000000000
0xc07aaee10f4eec21143a910bc9e00fa562882058,1109000000000000000000
0xd626588c646f1805586f44b16b36e5a220a63c38,1108900000000000000000
0xe40d548eb4fa4d9188fd21723f2fd377456c0876,1108590738371061200059
0x0285966fdb6f871139990acf05f2541fe66a950c,1107133620000000000000
0x6c8963b975087dca8d45a229c7e04efcc4bb8e33,1106700000000000000000
0xecfe1ae63e1681baeaf0ae8f899b9890ed561788,1104247400000000000000
0xbd836cc9e8e481718f59ce007c0c238777f90408,1102861000000000000000
0x1cbf51c0ec66a30ab8538e64391eead1f7be9476,1101630000000000000000
0x2da67d4631b787b852e87f248eb68482bd74cd3c,1101001000000000000000
0x93218e39dfbde0a073e6f04bd02a7d136c8d4e7d,1100493000000000000000
0x6d3b0a503148c24006cb06ae6dd3be496c554301,1100405146731930200433
0x99f7b409408ed0eb9a285ba6fd1620bc08218a8c,1100000000000000006578
0x400a20e8cf276cafbb6350232997773e220593f8,1097243695960447807236
0xf856ec97b04a376df94c965d6f434f8a002fa7ec,1095742000000000000000
0x09a3bf35590488f178e2fa0ce855b10db28cd64c,1095709461662789227254
0x72ccae7586fcc124dab5b37547c402739aa0caee,1093925399990000000000
0x9fa8af2727207c25b1ec93caa4918140e9ed02a1,1093000000000000000000
0x8ac4f4bedde3dea32e489a8d6c5e8caa0bf1e35d,1092000000000000000000
0x23e14040c5fdf9530588328773231222bed60072,1091139669409881976270
0xbe7801df70af5e8a0a10d16575d5d1e7ffafd359,1091113589514278477081
0x4f4237bcd7e93f66807e785be1f1087d263ac309,1090790600000000000000
0xe8d2c4d94e0ac7a28213f5caeeb988647975e327,1090097000000000000000
0x8bc93c023ac6a82690374de8b590165e8062d402,1084886000000000000000
0x6ea2ae8fa4b8f1029f73a0e0c0283ceb25518228,1083890000000000000000
0xc182d7ef98faa915c33b1b7975896a9035a632ee,1083678220000000000000
0x4b1053e7004f9a79202bed40a8545e54861d95cf,1082779900000000000000
0xfdd4215972ff6efd9af6f01684b01a41f3a0a718,1081889000000000000000
0xf75a4c3e9c9842cde846007283c09050e48d118b,1080551600000000000000
0x780cfbfea0268e9b4da82161c30c7418b4d89a5d,1080003706950000000000
0xb476e1c3c296bedcd96bb011cda8622715170234,1079512865600000000000
0xfd8504b707a03af9b14ef8b680785be3f610915b,1078000000000000000000
0x3eb1df36c03415cc44ca300ffc84ad8edbe50a5e,1077904000000000000000
0x24af6952f0210547e757fa87ed50aef8838005ac,1077533546392636501608
0x7196bc04fdd177fea71ba038a208b9f24c1698f8,1074900000000000000000
0x933c3ad81b00177af51a2eddf72409671e580995,1074623964000000000000
0x8412f41f7cb80c2e6cccf7faad5b27e3839b8cf2,1072297363091900472972
0x2de70b0b4ad8b5869aa56ff146a8fec917e39e77,1071943000000000000000
0xd2156cdcc6f54372443bc1b3e11ef3140993ea3c,1069288000000000000000
0x0637e64f054b76d9949a6a6917407cfa5e23cafe,1068697700000000000000
0x8e4c430dcc6af2d90b62de4a0f5207a5e520bc67,1063155068400000000000
0x4815ada5f686bc98ab2a540b67fb83e17633af6d,1062330000000000000000
0xd9eaa98805bc76f437ffc456920fdd82bd8eb714,1061172395746309979003
0x4312137988d243827f609babf0f3e94ea8760f0d,1059248351250000000000
0x8b0142c6fce21aad24c740d2533ce80e2d22c820,1059000000000000000000
0xf9c23d97acd8c491498ca6efbe825586480586a7,1058022900000000000000
0x4dc5db88e72a764b23f59d1743e1182f48136d91,1055000000000000000000
0x0a067f4cb59f917a034ea6fe94a5d250fb168f61,1052505800000000000000
0x618092794af12e56fe09944cfc0e2e254b489b72,1050222190000000000000
0xc756bcbebf26fd988d4bf534ebe3df111751caec,1049036898566135077170
0xa3ef6a88d4afb84f94c27d425b4092440dae87cf,1048840000000000000000
0x5c138928968b75968894e032e6d0abb131e23ff0,1047200000000000000000
0x3cf7f22b237059092a3c0a8eeeae42f02963173c,1046791000000000000000
0xa5f3e2dd7c7ecbfe9689e519e5f6bf3d3f8a656c,1045863657571797631446
0x4cdecd46c3411fffe584968d5adccb8835b66dac,1044105868110000000000
0xd5596094ad1c57ed45e276f5e2dfdd5ea026dfeb,1043816403400000000000
0x1e70e44094f1fc80848f74a5db0bbcbb20f4799d,1041296000000000000000
0x64df1e03b1fcd659771ad8f7325774b927c0f12d,1041000000000000000000
0xc060bb7b6479c32d8ea6a30fac5217ffc00d36cd,1040803500000000000000
0x6c21e69a33d10cedb41e5197967b9c2da53145e1,1040150382430000000000
0xfd344d5074fdf785a359caf663456f2081f6e238,1037790000000000000000
0x35abf74347bd2af98b349361cb5549bfb6e7be9d,1037000000000000000000
0x0faf7515211c75464c633cabf7609ccaa91d2046,1036150685420000000000
0x9127a03d9854d47b04c419e0d92c2224006edc9e,1035733567500000000000
0xd311c11fee611550c46483cd7a47e404c807f429,1034919842470000000000
0xf9786b768065a99a9e981e6d84072e9f11e0b9f5,1031420000000000000000
0x9c0f0f9bd95820e93b84113106ff609c7c34bcb0,1029972746360000000000
0x487099faa453f5eaa1453c28f9051cde8524def1,1029954000000000000000
0x36df11b3a94bc9073c5c7d69f19e492f2aee4d4d,1029405401600000000000
0xc23f415999adcd18251118127e33df695bbe4ed4,1027088205320000000000
0x0291031993c7e2200a64da4541d4b3c31022bb0f,1026811000000000000000
0xa92ea6ebb2d03572f2be56ed83d612aee1844d55,1025584700000000000000
0x786db012a1372b0d9d9b89807eaf8914396deef7,1025002600000000000000
0x319baa3de8883af8c73a688793cba8e43e1e6231,1023957000000000000000
0x7a4417ed82fa965394e7a62c4231864eaede185d,1023828838940000000000
0xd3e984ffe207aa6e4f975e18a226a311538e2045,1023060000000000000000
0xaa8b5a68a928f4cc8d02cd3003d6bf447933b982,1022479096400000000000
0xe86f82bbf30181013ac47622c4540c71023af33d,1021720316970000000000
0xe8ed6335f023040ba193083b8989e40416c63396,1021053823100000000000
0xc7774aa3a1cf688be9969dd31573446353e871f7,1020841773958223326018
0x7894095e1554a47bacfb05dac921807ee1a679e2,1020000000000000000000
0x1ddb5c69d7a22a7be58f6f40ba6fda0ea4fb9be6,1019839838300000000000
0x035590cc91a065c39c9c9e6d7b2f4426c54f4a9b,1018383580290000000000
0xeeb7c3a3b21a8d82cf26fd69d729acc9715dc3f3,1017060030000000000000
0xc48c6442e790cfc953e7df5fe1c4a55dc0ee0a91,1014992000000000000000
0xdabff72a0383f863891bacdc0993114963576735,1013840000000000000000
0x8e73c6b9e1496800dfc8ef16aecd87da25eab7e1,1011300100000000000000
0x20caa63b660959046ee2f9d950bb2815d5d04e4c,1010756377076870329369
0xc44d868f1f819653ee7049a3d067077b8db688d5,1010465600000000000000
0x858628c3723fdad8cd88e5a56fe1c48f2df267c3,1009771795710000000000
0x736a142b767ee76b0d7ab9d556c66fabcfe663a2,1009488000000000000000
0x524c631e98855a1b688d49efd4dd28bc96924b9d,1009034232790000000000
0xfa7668836eb2807df6777d9d92b279cf0f290c50,1008973000000000000000
0xa508b549bec17624f9cf7574ad2996e953dba450,1008405489790000000000
0x067f39fed62663089bc397db3fb29013727039a7,1008104160160000000000
0xf26243fa0a8b4773c9b4c5d9304492c42fe3ce91,1007242621850000000000
0x001467481ccb9c3228d3a2a0f07fe25dce425418,1007028784270000000000
0xf636d39202c30d53ebfc076bcf7b91ff2b678618,1007000000000000000000
0xe1c944bb7c36b815a4d7405b3015ae861cbb66f8,1006315571560000000000
0xdeab58011869f2953125fbb3855d737ffcc0b149,1006265647130000000000
0x85afacc3913a572ecf7c885aecf73b5260d552a9,1005000000000000000000
0x0a431ffd3f3f4cd8dac48fb59eb1a956a469a641,1004168000000000000000
0xa83986bbf5e9961bdd26cc03f10567e337eca4c9,1003250244500000000000
0x141b17be0fb22e5ba9b3bea6eb85a4730d6bccd5,1002835031350000000000
0xe39e970cfb65a57a42cb46b8f671e0baebdb6d7d,1002048000000000000000
0x65b0f7f017a52551c387ac2dbea72bc6ca5602ee,1001208300000000000000
0xe44c26bda8f361ae76ce7290e959bfe500389104,1001000000000000000000
0x03b69c219d0f4229d663ccb05aff36a23c4076cb,1000874213700000000000
0xea85777cf79cf36b79591e3a684db6723a72808b,1000840000000000000000
0x056af5e2ee0809a65315d9ffeaa665d167ff322f,1000378020590000000000
0x1f86fac0a55737017d0b3a3d52d37e32420a4e8c,1000248657185613801448
0x7ea40134e44cbf001c45d66ba70b06975bd322d8,1000118000000000000000
0x5e2df321e536db2b12adee815e8a99d19888850d,1000103000000000000000
0xd3e0edbb859fea5f56e9814bd1c2ecac93b37718,1000000000000000000000
0x6f96b11e9f815c022c6383a7312a8fe3ebe1a39e,1000000000000000000000
0x850f4c1c42cec1714f3a1ec76fb16a6082821ccb,1000000000000000000000
0xfbe17adce188193609d57949c876cd76af66a378,1000000000000000000000
0xf2ea455e586b137590886423c183cefdfd06d544,1000000000000000000000
0x320f013e4ad6e3156b827369a3fc6db4df43be80,1000000000000000000000
0xba5ac9adbb5f0b8e455686a9a0142f76b6b27a17,1000000000000000000000
0x899d648b05ccdd840d83dba3076dabb4993e44aa,1000000000000000000000
0xd4b69e8d62c880e9dd55d419d5e07435c3538342,1000000000000000000000
0xe0b73a0c89d14062ceb84dde88f06f1ccd0e1df4,1000000000000000000000
0xf4aa443ad97a9afaca48f329e836d4718f7016f6,1000000000000000000000
0xa4523a60917a03b674c57c1dc497ae94fed3a8dd,1000000000000000000000
0x281ddaf7ae337f45b4caa3acb80e8c7fe621b0f5,1000000000000000000000
0xd50f9aad8c5e693839fd06548d495d3b21c1df2e,999900400000000000000
0x0f463e6a47b6a7438eddd99fe094316ef810f028,999604827330090628099
0x0d8966ee3ffdf7d4d6b834b0a8b034ca4e9ddf49,999521129190000000000
0x28a6a0d75511aab90eab10d35b1fba39055dc3ff,999421000000000000000
0xeee4584f9e3b69b14255c515a31f4c4270ad9a6c,999120000000000000000
0x4e811968ee52882685edd1a03dab2c44dbdca825,998856000000000000000
0x316a4eb60afde605ce4177aeee0f42a512ec25b0,998840000000000000000
0xcea0b4c7e0386ae08bd6b0c084f33a4e5a098e0e,998840000000000000000
0xf0075e35f78c9ffb182808ca409184162bf36488,998840000000000000000
0xa5b4617f8e401119c222e3f366cf3641f22eedf3,998820000000000000000
0xcf1f842e0a563643454c543a20db4c9458606ba5,998740000000000000000
0x8fd54b0c99c5696cd22510037ef5e87947f05c69,998531907670000000000
0x00f149fdc20b7f8f8c79098d4c4b8c3160ed8cf7,998500000000000000000
0x9af6a96c8da584e6a9c209e4f1d981c67eb239dc,998400000000000000000
0x47101fb9421e915291f866171b65b771d2fe301a,998192160000000000000
0x47001a72fdc9efd288c5764fc032f3dd961c55ec,997977590970000000000
0x65f9553cb8732e1a9f08275c524f6164391f4245,997919700000000000000
0x078b1dfee9f0a6b2f1075e5ce03ac4caa7019281,997640000000000000000
0xfbaa7a8e9311f7f2a167ed8b03573aa00da6d0e1,995041922018334545246
0xfa66a3fb5f25b0b9108dafcfcc8a0b7ea92c7c47,994420000000000000000
0xc123a407bb91ae1df0ddaaa10e95064c99ed64b6,994330000000000000000
0x72ce49ac07561971c065ad2768cff630e3502975,994330000000000000000
0x1b6c4005c48bda40409ff969454d27aa04a40164,994330000000000000000
0x83e2ae7c39be48bcc6d6110112a39c1d291e963a,994228224000000000000
0x6f18ba8322ef10caf5c31dbcea1529ea51a4e3e3,992317107110000000000
0x574dbf1517bd39dc80243d9b640eebde97fef423,990600000000000000000
0x10bf3fc36b17fb25ac5e18ee423e975a6348fab3,990216744320000000000
0x5411e387caf8c3d3248dfe99434e0d557ab700e6,990070000000000000000
0x90596669afed143b1505721fcc27a86ee005594e,990000000000000000000
0x0e4a5de25c07d95bd9e051ce84798ba415bda011,989790000000000000000
0xbdfbbee0665ed3d6ca9971464a1f6377ce6a468a,988047487730000000000
0xed2ef59c034537d3b7037bbd640c8cc4277b9ad2,988000000000000000000
0x9982b736b14476f874ed01b5ae4fea598e1c03c1,988000000000000000000
0x676f33cb0f6d707371036c4d817077b1e7382200,987000000000000000000
0xb855aed1e2f0eb192334207927805864f4a07b44,986795800000000000000
0x44ee3e81df08828f0cb840ff11d68238f7688f39,985989000000000000000
0x795fb074a138366ea67c2650ff6ab3fbc98c75a0,985865337800000000000
0x0e183f8ba4b729e77380709c0f1a47b934a4b2f1,985654000000000000000
0xccbdc9ed33e0c2c5fe34192cb36bf1e4dcafb311,984002000000000000000
0x48da1cd7f6c9e679dc368689971196cca9a24763,984000000000000000000
0x8861fa3eca10bb1b2ab82d9f5e429d2b8267457c,982809644436070091915
0x5ddd99ef8cc0c9a566743ba565724c50e78ccb08,982505581900000000000
0x619f386379791db8e8c63cd1fc7bad73a0470fbe,981505000000000000000
0x34f8b8e1de5d710847f11e53287e8d9cec26614b,981055900000000000000
0x1c679b95b85d7d2e60a622b419a24aac575800ba,980600000000000000000
0x1f4e5a08ac431a9b81a8cd37dee4ad529dc23b26,979988594550000000000
0x37673f900c41cb9be9be0165f37651d1442997a9,978940820340000000000
0xde4f0412c76374d6af6b66b30265c676507fb692,978435595545905820019
0xed81858de7e15f983ef1b3cb319dfd75cad1b1b2,977060000000000000000
0x4131235dfdd1daabefda0b85568fe815a8adc5bc,973792800000000000000
0x805ef74d4f9a68649d4ca2a08fcba30f6f3cee99,973000000000000000000
0xbecaf4436a3ec8742223f72c67fa46b2dd85c4f7,969173813752161288396
0x4569b4d1d430a12e8d8de0bf28d914bad2f07c02,968000000000000000000
0x3af9367bb72fab5cb692347fe84e0f17eef0ad46,965000000000000000000
0x7fa02d781cdb5210e7bec4fe6bc0032addfbfb53,964000000000000000000
0x3ebfe12b1dfdfd85e14b03a893688452b719f50a,964000000000000000000
0x1dfc695152dcbdfcdd5e9d4f6a1aabc90758fa90,964000000000000000000
0xf375d9e3124eb657ab7ab8aacf5b5480e85a66ed,964000000000000000000
0xffd7aeef6a2e9ef531883da9a1a2b150aa38e7d6,964000000000000000000
0x2bd87edae8d8d6d01007142157241269e1e6c576,963999000000000000000
0x9832e648f6d700d98c2d7153bf4307241622e5b4,963999000000000000000
0xf19acb5f5445e6a84a178d05bf3c8f18d0f4b497,963000000000000000000
0x796dcddde4734ad0cc825d5f17dba3e0578a0882,962770000000000000000
0xd89926e21b2db203499959aeac795a35c0449775,962026630348615207808
0x25764067709060655a197cb462e97804b59c4a26,961854625000000000000
0x2c8682b4ab68042e7cda342e662fd1d9a27b8633,960632960200000000000
0xcd78532a64939514c8411ceae6b85c2986ddf37e,960507927356647541036
0x0aa084688e498d9d56708593a98c4009a1bebe9e,959000000000000000000
0x4d383696173168f45561d36d08569469b4ec539a,956900000000000000000
0x71175d86c9e5c1ab8cf72b505329769bf6b585e0,956089106930000000000
0x7f75820f5c983f2d8cace874c6d6229934cec379,953797253910000000000
0x6ab905e1562547a5f5484adffcce7caf4d794367,952967000000000000000
0x7e9a92e942ab643712548326639371b106eded3c,952910585630000000000
0x7d191dfc40613e2e56ac94d0bd693967a0fb4c15,950760000000000000000
0x201a89ec549dde0c7b8c07ea5fe8634d59ab412a,949776000000000000000
0x7f0e1ba0fd8d8a85dbc3b08c567290f99c33d210,945430000000000000000
0x7c64e40012644d0d4324e3277934be7af4f9627c,943000000000000000000
0x278ffc6954a3d69b1fdfdba7415f5b1ff260a8d6,942381922400000000000
0xf2f8c4be4ef92f8a9d6c8ce686ea16097f940b3f,941503908930000000000
0x9d7bbb90da36e3a23669f548f835b43c64023040,940000000000000000000
0x5046bfaf21dad1a8de7158d811a3711400b832ed,938269300000000000000
0x255fe2c0a39128e5f1d6bc1a838898a37ce10808,937700200000000000000
0x0dc901aeaa3d5b0e6900bdcdd67d0644f1647919,934425285500000000000
0xedd0069d449e31a939f075fa85dfcb80358df8d0,934053148758910284928
0xba9b9db4b365722dea1c447058b795dbfb197dce,933560000000000000000
0xbf58101a0477d082b803bf0fe9878334cc83c847,932500000000000000000
0x1e0f000de5bd56644db537829902748b4fbfdf2c,930600000000000000000
0xb447c10f9cee0a5124cbd69c86cf4cef0ba71a9f,929081195780000000000
0xc655dacd2a0454c8ee90ce7bc1c93813218eac02,928949673500000000000
0x82a119160f8ac142b57977f1c1f89159fff1d852,928840000000000000000
0xd8fd263463f19b82b4763ae2a6f520592fe0f7c9,928610000000000000000
0x56cd22e094c339ebe1d4b87820c0668cd700db20,926806737600000000000
0xae0ac30dcee3f71626b343d956754cfdfc7a725f,923715600000000000000
0x767036353e00a10e7a79aad05c65b53598bef65a,919711044720000000000
0x4be63e85b0c581b1f8c4b0f4a6c00d6cc9dca94a,919310000000000000000
0x78f00e852d03aa148fe884195027e5edef47ee21,919024214710000000000
0x31bb4cfaa51831737caf3d750fc9cc4b4e5ed1c6,914911000000000000000
0x87da9dce9e1fd159c38a189ca639ae1513566d6b,911671393972976310545
0x336915e25b32eb0eb6756be155667669d2e72a82,911546861270000000000
0x53d819f496af518a601e05f61b2da42d7477f511,910000000000000000000
0x7d4bac85f995b47e39b340124e17eae7195f45fe,910000000000000000000
0xbfc1a41d97e5239256ed1c795c209a898143efac,906139795727346596654
0x5309d5b31000cebcb47c4619129f3803573fa01d,903891618380000000000
0x2bafb2237ca9cd6093b1935f75b426b386d0cd29,902321102140000000000
0xf546d4e450bc9e7ebd1e44c6ed2e2df10ad8b1a1,902000000000000000000
0xfd88740735db1278e52ac482173d101d7980cf21,899040000000000000000
0x1263ee82a588c616bc435ead10a56e6af0723975,898608711164405485082
0xaa38089c9a5c2c55451ccb31989412d71cf50d7a,897533961270000000000
0x0d3379587f61e4a8f3d7b3f6511f580f879b8dd1,895092582258881187843
0x9ec5b3e0aabccccc899990b71b90d239cff8faef,894640237992699166600
0x54bfb2865a13e61e2bcce40b62277e9bbeb29576,892195016295264392920
0xbc513d4cca5d75fa1d8babcc695dec7576c849c6,888673000000000000000
0x84e095f912d82d2948f5233544a75055be5e9882,888260000000000000000
0x0209c41aa46494b2db4540912c001099f2ca2e70,888113000000000000000
0x02e2c1083311e9bad5e5a208e228b585088da85b,885840000000000000000
0x162fa724f8dd16b2d668be65a1ee5a02c9bf0999,884840000000000000000
0x7a1ad8770cc980e7a32da27f402ff1ce737e9b88,883000000000000000000
0x9807e2e12b8e7e9d19b7c1e655ad8b3bd8ba5d71,882955000000000000000
0x8e7f8c9904b69ba59354274163f943fa1b813efc,880560000000000000000
0xd555ba575f5cc7b47a90fa48bc5c4239985ddbbe,879137637654619497385
0x88210e111a5a9aa87462448279fa1012063aa792,878600754870000000000
0x7add7fab414079614dde7755700468c22c01bca5,877871000000000000000
0x805c961e949f320a52d1163bdd51b8f14dff9e04,877496000000000000000
0x0da80b9e34323c94681f08fe7fc8e8678c5c09e7,877190000000000000000
0x65a23713a1cb8d59fd06421c38a61e09f26b7589,872633574280000000000
0xe8154ddec1a55e9275f37c1eb365c5c110c81fe3,872336000000000000000
0xc92d520e01e113385c4fa6b9753462aae52ce9fc,871000000000000000000
0x618b33b14cfa2648183d0b264f82fb4a97ef9505,871000000000000000000
0x752ee227a8f9c6c4301949ec0df3ce6ad1a54458,868207783899872013415
0xf898bed40a8261b53ae70cbb4255c7b9eff02f55,867164476960000000000
0x50e1097b5d55d87f3381ab2f2652c312cd7352c9,862045907762130836040
0xb557d2c323c83011b189ae59322c18c20b18d9b7,859038331180616493883
0x568d04e632b55a0012f1040fdd8a81c876b5df59,855721110300000000000
0x159cfe981f2a6d289ad9dd85821e6af7c3e50043,854931052770696054106
0x2ba54d0abd1eef1dcb73b3e147db214c61bb54f2,852500000000000000000
0xc4a733f7fdb240a9f8591062a2336f8955af1cc7,852197768340000000000
0x586508c4e2b280e942e3333d32980d9dc38efb20,849845581140000000000
0xaf30bc83fdd124eaa1de95d617531c0dd65d6997,848887341270000000000
0x0ab7e6e39873b298216fe8659af816e7b383991c,846450000000000000000
0xa7d3118a02fdf0a6a40ffc12b6885bcab09ce3a7,844980000000000000000
0x88a9e829134352dc81f327d80e8d0852bf581700,841932597714063313585
0xe01aa4bb9f108ff14610f818e32d7ab7e09d919c,840000000000000000000
0xd36e85712b11a7a551e0c9c6585901df05ac0bbf,839580000000000000000
0x589d3af358d6e94378f320be7d5479902f0df644,839334128681657084044
0xa704ab53770cf0f896ad084d5507e8a672683c3b,839267911150000000000
0x99a4a9d2cfd42c4e1c72d180c4dc5e76488a0aaf,838713708590000000000
0x2971e4417bdea12ffd4e063a469b9b1904efeda4,836106000000000000000
0xa2ad02254869032be4482717094e0fdef4e3d555,835392635480000000000
0xd17a0289ecc9cd102f292d1590b87ee7fe8e8145,835000000000000000000
0xeb23acf3a82ab1e0d0b55c6e532dafd765491d33,831113000000000000000
0x733791005b360aa7ec5157ac3e8cdfa69e3b83e0,830210000000000000000
0x3c0a24b0b659fe0170def2fb1278658d14bfe461,828835200000000000000
0xe387fade194d51bcc3afe90ed2aa06d0b116500b,827535966296089425107
0x30545c28f7ce8452a432665e3ec75b6acae518be,827014000000000000000
0xd998faa513dcd4f63b07849d8b9e88d75253a205,825820000000000000000
0x76d1205a6e0049d3dc17caf17b8c56e65a33aed3,822938034678482100943
0xc2c649afe664dd17c8e5f1be94a2dcaaafdeb17a,822550000000000000000
0x4402a4ccbf5f9771cccca5e6391b26817a520665,821604336610000000000
0x01cb3c9122df9c0845eb9fb6f143f697da8621c9,820313915247814190768
0xb7069501c45989280c2cbe47644861e6b42c64e0,815466700000000000000
0x06da3e3e4dda4e3ed124dbb86b64d7d70b3ca781,815351631200000000000
0x972381922c56d4d08702d89b037b32c3ddc0969b,814350000000000000000
0x4a0ff2654c169625ed2ceb62a4d82a29f44f21d5,813921264310000000000
0x48fb6d04e1f3f7652f1b60bd5bbf3513909782ba,813471975000000000000
0x2269e6f820fe545e7e968f118be6fa2d154650a5,813000000000000000000
0x2decbbc8d51c5f7afec011a34d3cf796fd38cc2c,811210000000000000000
0xdb1bdb787b3e703cdb89534b21dbe1f02ec40d2d,811100000000000000000
0xcf6ac7059ae9976eaa3426bf9d3e7d3a9b818ddb,810209600000000000000
0x3ed76fdd3427a9a73d56eaa73b7ba313520aad65,810111979736485210217
0x9c5fd0fa07b410a50107253b7ab3e764821b1b62,809680000000000000000
0x7643787c0db675b1dd5b4d2edcdc006a8b299f9f,809602040680000000000
0xda1afd40da827be102422b9cf28c44e0387e3e2e,807328416670000000000
0x649ae85d11017ac43f0cbab561982e0c9ceeda1f,807186851026691501592
0x6bf68c76221600e0d2dd43f0a8809a79d1bd55cf,806411813304110500000
0x2fbf4565f82991af372cd016284272c061d56bec,806200000000000000000
0xcb09e22291c80a07605ac9690c7d3d0373dd4eae,804625080000000000000
0x6c6874b81cae9d8fee8fa5cb907ed5be6c7fa8ce,804517600000000000000
0xa0e83889c815ceb41e744520048533cca9a741c8,804174497400000000000
0xb1409abf28748cba21c69defe637e182c1636b77,803461456874614224781
0x1b60be3c8a087f51e4c2752996d529e80fb44465,803280000000000000000
0xe4605b128c1dbc4c5214abbe88779a3f54420f84,803028550000000000000
0xf5d504b046420adbbe8feca26f77038a20696fda,801637384275546916727
0xf2fd0d425f90ceca5a60adb4c5a27e35312a9984,801004541995568116614
0x49001528e40b8fc66cc6161a1c68b10bf8a84e15,801000000000000000000
0x79e0e011feee44e090436198836279db33f79a3c,800240000000000000000
0x7dad9eba3aabd3e40c9ca0f80e5783c8f3ca7819,800000000000000000000
0x362d1d6d2954c89f252666b7b7dd36fbf9742963,798596292574104749657
0x86324d0caca5eb90ac96dc0a36307a6ab3b2131a,798040000000000000000
0xd8381c4ea879c1537d8ec57b56d526cea018faf5,797888726920000000000
0x280f0cbed672fc1f3f99878d317b8e78bbb7c7b7,797779000000000000000
0x0ca4da195ed8ccd78ca937a715843f22f449fb53,797544000000000000000
0x5da0d899fe03d297dc4ce00f34241de391a219b1,796633289460000000000
0x0fbfff9a40b060911669e2db5ca81c81505822fb,794000000000000000000
0x672b7966ea6f21236ba59ad16918e022dc0cf34f,792800000000000000000
0x84e9bc9ae14ddb833989c54b3d90a8578fc4dd68,791889826330000000000
0x331c1033cf394b2e12ce5fe4df1b09a05e58aadf,791314310947188426621
0x1790444251307699c0e765c49852d0d1072529cc,788175000000000000000
0x73a34a9346d18dbeba959e5aef423c69d34ca301,785000000000000000000
0x721947cb0a4015873a079bf193a828e291a47232,783447877436717553164
0x9873d174d44229f5e797b1fa779fcd8833a05d7e,781763068777629515749
0xaab859a381ca303d3743808ba9faee92c5d1f5de,781089100000000000000
0xb624fb473522a3797541f412184957c38cffc2cb,780461700000000000000
0x493761fc15e8492ebd0ccc381a44f1d497397047,779368000000000000000
0x87e4dc86b3ae9873cd953b7aba9b2ae21e1262fc,778418745720000000000
0x9a448bda43e2ca0b0be143a92547e376e8de811f,778000000000000000000
0xfbab2abe2ce824c32e6586c976db1a4775ad6fbe,777913866925917146581
0x5535280d956b00f22a30a51f2e43e3cfdf5099ce,776001285347043701800
0xbeda0aa57036383f0ec0eb9d00c7f6f043b626e5,773607500000000000000
0x37e95de87e89eda49562dffb1eb9f6fc675a4abb,772219806200000000000
0x4f9dce024d6962d664f529dad6103b77a91afe2d,771511759895300035827
0x4dc842803703944c5153828c8547652b3e373b2f,771231000000000000000
0x81784119fa163b6ef03fb782f9745a0f8668f16c,771100115355904929281
0xb331e238789d2475eefb2b8eb16b2ed025cbb1dd,769968100000000000000
0xc63d17096b368358ac3b8394dfbbccc04105bf08,769791499990000000000
0x1245bfdc0bc82dcae412a228440d5436b9deae98,768550900000000000000
0x47b9743cd060d7940293eaec7b661f6e44298d8e,768466200000000000000
0x9debb7312ec1ade1becdce7371927bb73c3d9731,767133617780000000000
0x7738975c7210e927b2da831fade738956f32452a,766174632980000000000
0xa4d992abb10ed205da3dcd411582b419c7bb1e22,765090000000000000000
0xbcb349876f48a005f69a9e62b155eb54be916bbb,764610244290000000000
0x9c6b29da28590f97fc94303c71c39121c894ad58,762540000000000000000
0xd0173a332c932c60f79c8ea985839684f572b132,762415000000000000000
0xc941968591573a7650f3d7b66ff6b663480c57f0,759917400000000000000
0x95718134b7009e2d87993f246262d50bce1651fd,758840000000000000000
0x1f5b8fc1acbc0d7ef7085356c516901f171a3774,758627819190000000000
0x2f74096d5300a7ef0b6d804e5c99b68cb2298600,758622000000000000000
0xad8c2de39b94d7ba99084f6d7ed0e3457d43f96c,758380000000000000000
0xebf8bc23056d854af7c458bb9fda3952756d6ce2,756216000000000000000
0x7251a02bb9fa2ad5117c9bbdf92258b316a54fd6,753958500000000000000
0x84e33bcf328d8a68cca6d1263651c7e1e2fb000c,753886400000000000000
0x4ecd7d98077ad00938e44263ceda725107ab3359,749089000000000000000
0xfee4203ee1a949ec5b30607fd270a473f4f47d1f,748090000000000000000
0x5683e2fe2537db480ba2f4817a3068fe68414339,747840000000000000000
0x6e6eb5b4cca03d6ac8282f62ce32b426016d298d,747615300000000000000
0x9c4c76ac639d1eca04ab7e7eb9bdcc1766033b91,744811408787840307304
0x79de59fa107e5182a0c5d0005c687adf5947b48b,743456748080000000000
0x394b1b51f61aeccbe766f619a994896ba0be525b,743000000000000000000
0x5f394e5d20bd96a4bfca9063acca225219d1c564,743000000000000000000
0x5f068e8f6641b27e9d24dffb3df971e8cc2d134a,741090000000000000000
0x384a502ac3de73d2aee7633cb7c7fc007915ee12,739740000000000000000
0xb0c961dd20c9ac82a3791fc37dd06fac00bd73c2,739640000000000000000
0x6d41b84184812fab958708a3278b063b1058a885,739482000000000000000
0xd4761537d4eebd952a3c6a6c4c6e462d283e0124,738700000000000000000
0x311e42c5fdd887176489e8a28cd97ca4045222ba,737800000000000000000
0xf1f8bf16e6185848826d5cb25330a10dccf58a0b,737760000000000000000
0x975589f67149fbebe9eed61b8d7951d2fce23b1a,737578532570000000000
0x512c676ea914bf351ce398f705473cfd30c6692f,736754461810781565037
0x950add65e75c8bc59163158cebdc81c5810b1207,736213746300000000000
0x14bd5f65fe52614fe1d1d7e312c13a96b6b86681,734759975500000000000
0x3d02fe6f4f90f0903fd9b8043481c15e5abf390c,734710000000000000000
0x0962fe82c3dad469024609f1f81e27def7cf94f3,734661534210000000000
0x3dbc5ed9ccaee3bb57ed35f3a47b7e1be6d42a37,734120000000000000000
0xa69fc425a30b4eedd7cb7e55cb5b8b683f6e0103,733000000000000000000
0xa0b346bc01f508c6c57fdf1c5689eb85e54c4554,731840000000000000000
0x7a1da5087d1dd62ee47001976093ff4eb69cf4b5,731130549698772684915
0xa4b472e460e15f9dcfd54ed90aa706c7067a55c8,731081614350000000000
0x117b4ab3248b2e819d8cc38b56c0058025b46912,730220128366814809720
0x6be51722f7ea4a3a2079a0e2654a38d11fed680b,729310000000000000000
0x8b4a72423440cc04c66610161137160d5c05bb5a,726869980093033746680
0xaf0538712a22cd0576d59a9d5894d88e5c5a114c,724643000000000000000
0x67af8499a2e1dcd6ba275dc1e4876ddce3f569b3,718211252099209637628
0xef9ed814a112f50749448a5b0440ed354ef46c78,717069421200000000000
0xdfe494c105f514b5eacfa86c03ce46fd938ba646,715356671486589465151
0x982e8bc0dce11fc42f99cca67942b93f76c77dc4,715000000000000000000
0x90524c939800751d01a5e368e32c55eadbff9145,713856291790000000000
0x1073c7abfd13ed656e978e711a8d57ae73fcfced,712598487200000000000
0x541e8d7d97fbdc745d62f4ffeb26aa8ed67371c1,711669386655894674191
0x42bbd5ad08c19367bb3143b35e881d86a67c0299,711359500000000000000
0x57928d98f34f7cd8ee19ac1d34097eebd1f9b149,710318069900000000000
0x4167124b134609934a8ca46ebc1a913b796060f2,709976145650000000000
0xaf8ed3e506716143393d160961458dfd84670be3,708778900000000000000
0xbf451b37289cd9c9109895b5141b505bc72c718a,708722704238869562456
0xe859409abaff7e546674ac40286a98b0ab763f86,708279000000000000000
0xb501da8f94f72f389f85a785f254611f42a8f344,708000000000000000000
0xaee5eaddbe9f2c1a1b42daae799d4142ee3ca909,707170400000000000000
0x295ad40bb2e096352e89234401806a66f255776a,706601480720000000000
0x67cbea39e865281eee298059d31f211ac5d8692d,706272163683292083818
0x34d3f97b07be83535e868e85b6ed21b491114a5f,705079970670000000000
0x10fe0f1791b6ba9e9737159082ca17aa44badaf3,703469500272648112841
0xeeddd6b341b59f30d264d4ece7d2f002a8c7e024,703135000010000000000
0x3cfb156f8504f05829ffc0458d543663d5eba0f6,703034680000000000000
0xd971b84ec00ea4ed4786b3a77995c01e4d73715a,702657869218340857553
0x25f753b885f841a3d77837b4e50a9ddd1823563a,702439027490000000000
0x948e4032c3c6d34b28a55df948e27379c2846361,701244000000000000000
0x97253ce06790c5d0496fef4b251ddfd1fa00ceda,700000000000000000000
0x4265357cf32ed012ed98c647be4a2bb5afab4696,700000000000000000000
0xb23b184dc21c595e81e8d6313ca56ff5230d5de2,699063000000000000000
0xce1ab9471ba62e2acb0f68f2ab16fc873000c408,698840000000000000000
0xf24295f522372fb3f75e42af01d2013aa90a2bcc,698812387100000000000
0x1a14331c43b390a4d9b990972d17a377d1152962,698613886380000000000
0x9ae0de3d1193743d75885c8d8a906fc1eb61ebbe,698200400261933763990
0x70abd7a676c5e4040ef6ffa6a0d41d565a5f0ea1,698121340000000000000
0x9822a9f57c8b878deeefb3a7658b4dfd806dee4d,697507239750000000000
0xb3999a3b86cecd0b6c0b0685e1299134c8cb0b6f,696623000000000000000
0x1bc17653112544f98acf6e9f96b9623aa8351921,695840000000000000000
0x1213d262accc0fe4d5b152b8b8963fdc243d0a9e,695764000000000000000
0x1c419d0ac6085c9792fa3d7d30d0685de5c09561,695291000000000000000
0x524ea648d180f7cfc72e0dc2870818d04a461c57,694800000000000000000
0xee8875cd265741b47f34a340a04f4344b2e6c641,694440100000000000000
0x707f3f19931bca7ee9517f7eacdb66f76e55efa8,693492800000000000000
0xc76ec9aa6eed8d5a154c3128860b358236b64fc5,690118587430734842356
0xa812facd83c0ddcf3eeeb1a739f5dbcb6022cea4,689530000000000000000
0x0db6a2166c52ce70e19a40ff7e0cad7cc74317f4,689101907300000000000
0x48629e25ea6855cd5443e4578b6ea574acb37577,689000000000000000000
0x3104ee63f318bf916b24b5497f681f999e2cbd37,688720591191914564113
0x9171442104adc5d5da8a193242c2d999ca240652,688688801800000000000
0xdf6fbcd0f18dd1ac2726a8aeb031659a9b873048,688000000000000000000
0x54ac500516d46f211c4a6a4a1612dcbe7f6ce3ee,686854408555479617109
0x20452121e27b343472ac3f8e751848856d19265b,686661700000000000000
0x0968595f5bdb768d5141fa31a1e28adb1324adc8,686300000000000000000
0xcd38b4be908a6b0658d98bfa23a29a75b3f4e398,685040000000000000000
0xbb04bee6b17f0aa5a8ac2ff6db4f1009262e1966,684676588120000000000
0x3c7d21951ed23264e8a3a3f3dad70d7e98f92504,684000000000000000000
0x0a46b34f6722afbf5244bf20fa64863592581b52,683798813810000000000
0x6eb4e10837a36eb1e41de404f4874ea77b4079df,682566732337253434064
0x351a4039f4c23c26ed1b67397a7ea4783ba53f18,681020270180000000000
0x4cf8399008ffbea2b4670a403158e34cb48e8671,679765749420000000000
0x5b3c1d66b3630abeafe36fb82edc691cf51bb889,678497381241073145664
0x225998946c59faf46cb5ca27e8d979fa27372bf3,676452240000000000000
0x150208015c77edb0edeb035c1590d2d33a8dc6e9,675304000000000000000
0x582186748c4e33aa5c492efcc93eb8ffc4c44b65,674440000000000000000
0x338db7721d48b7e95f2fe45d118d77b0ad6d3ba3,673840000000000000000
0x584a4d899bb37fb08d9849c256f5eb073be2af8e,673399096070000000000
0x4f55f6db18298aa8cd979aa8416fb5fdcfd5c12e,673165000000000000000
0x746d6a024bb7612aa74dd74d3f2cf2a5145af788,672597228500000000000
0x0fa5e81425de58702ef02cee9f1557e430ac6bda,671110000000000000000
0xf1c4cb7aa4929acd1d4d1daf19d0a44e38224cf2,668116089222484578254
0x901f4ca0592f914f02646aa452ba7727b101cd31,667143527900000000000
0x3f7cfb20408f90505825bbd5ab8723a1401d8a6f,666691900000000000000
0x7614aa1d1bb831c2dd86e41101c5bc033c84b274,665937482800000000000
0x069fc20c30c52521ef6c9d993fd681137efd78dc,664840000000000000000
0x5d24f5530898c4cae2dda1c4b4faa095d21b3220,664000000000000000000
0xbb208ce8d67d2c1fedecf5e8bf5caa2674f21d7c,663273308416418004073
0x95d02c830809014f88f748d79274f0b906f1e44f,663044135101532359343
0x2e4686e153cef44493ceac152f0a089bfa9b3138,663040000000000000000
0x08ee3f4121d9a3f598a529f445f7ab04030e12f9,662790000000000000000
0x97e10156ae7b84584a3c440296ffee697f66452f,662000000000000000000
0xdaa6a6ceda945f462e33dff5f5a1cd885a8969a5,661294158484393280115
0xed36924f3d35bee999370fb4ac2cd04079106b7a,659505033760000000000
0xe98d399312b5646d3221923cc7b8661e4f38e3d9,657865347320000000000
0x716a4d2db8d003f8c434282f149b098e77ef6e48,656557199300000000000
0x3856c4cd578ffa841789a47ef3759196b3eeb69e,654767010610000000000
0xe1a4bf4faf2c26973de94e81d1e36bb0ca351901,653539552598935581980
0xc21ff34ee21faade666543b71f6ac3686c2b7191,652526974840000000000
0x88c243465cbf35a52eae89a808f295384b02c44a,652340000000000092609
0xdb6cf0ac42ca5818b30e155fc46ca26e706fe708,652295696299672059716
0x0f4e834d3b6237d2a637de50c710a178d4bf8e4c,650840000000000000000
0xed064c878b0644a86e40a2a0c9a2fd5c6ddc60a9,648001097500000000000
0xa521675eb952da06155f3430263b1257232f9a31,641986497710000000000
0xf899ea6368f1368f2216423f296667fac9b77d6b,641572202200000000000
0x3e879239ead45c0f2002b4207b9aca64fcba901e,640624194865654589973
0xfe403aaefc4eb7570c9a660c97c425334659809f,639307606120000000000
0x34de786c2d090d0115f6e55a4d78d3a8ede19b79,639223835300000000000
0x3891b1a8e6dda3a0b41720c2a455dae855c4f2da,637894196592269519721
0x630d995a25b50f631b06cbf697a508b1b7788b30,637000000000000000000
0x31e00d458e22020db9315d21712926f2db280c50,636840000000000000000
0x266c933aee81ebb4efc912b6c0ea3235688161c9,635000000000000000000
0x3958b1ad9cfcae6ec0a1862ee0e5e15209cd8ee3,634721000000000000000
0x816f9c69e072f5ae5ee74c46cf8a9718a7457d9e,634647800000000000000
0x7572860f325a75de73259b624e09f064b90922f5,633737870500000000000
0x9d475f04c2fc9434a933b0127d1fa5a41cc95175,633352990000000000000
0x654da58feaa416a7fbbbce72484efcd64c8c2c17,632000000000000000000
0x31c3d0cbdd42430842316315531eb9464ac88bdd,631750996400000000000
0x749bf8a3647f6a64d28b56a9f79b25aafce3f28b,631351000000000000000
0x492fefe992e9e37f827eb9e916555a859973176f,630704556630000000000
0xa6dab2882a945bf9ed897a9a6b73739cf1bbea1d,629067630000000000000
0x85bf09a43daca121a80afa8a4644b2aef4b8d5d7,627361053320000000000
0x131147258a40c2647dc8e1b8f95a320bcf16d6ae,627218200000000000000
0x85f90c17083c96b68677aeb7cef34aa28ce4d74f,626940000000000000000
0xad36871c4708586c1a5057957b0c43eeaa9bf3e4,626070000000000000000
0x4983b03cd49add4af59533e461d2d3b3981422e7,625563548980000000000
0xc2958b4adf5a362c35b9b4dd4f6fee05f0986d54,624295847000000000000
0x5f23a8638b3584f5843d69ec2c37f679feb9eab7,624082401621304688244
0xf87fbdbadd13c4c15009e20b61a65622dfb3e51d,622499520200000000000
0x09acac666b78b1a36da5a8262ec190221a3bec84,622041277180000000000
0xd031cde02dd5a74c06b4bbfc967b7a02bf8aa57a,621862141800000000000
0xb86eac6dce059cb614c012d571652ba524e022b4,621640969380000000000
0xb1208a17a43df4fad0e09215f6cfa5711fa0b9d2,620273835060000000000
0x748f40229223e789888230da026c1d7e6706bc17,618300000000000000000
0x216f2be2f5d6caef45aabd6303477656164800a0,618246300000000000000
0x3227a3f8acde15f6140030201d3200c90b84db39,618000000000000000000
0x694b129832787b00911da37a7da9ed99a3170fb8,617000000000000000000
0x24fc21ef953e65c93c2b05eda689b173411a644c,615463078970000000000
0x3a0db39b9d20b61ca708e00a816f660749d7a922,615192372449985628963
0x8a0647fb8de10c2aeca8f546b8ee1868d4a505b1,609404317970000000000
0xa53868993f63a631732b8e23e32147f3a0678051,608989000000000000000
0x2456609493e91b180aa362ddfa3ea597fcc2f9cf,608700000000000000000
0x3a70a95fda1dc5aaf3a193b3f7438688c5333b4f,608232180000000000000
0x8e64688ccbd1480d670bfcae7c93e0b09bcb82d5,607773103244974430063
0x50aa53e8561c6e088c10473fe601f84d71b2ce24,607454200000000000000
0xe25e0cca772e2ee0264052170bc0d235605ba378,607149388090000000000
0x8d0ceaddaf99875baa6b400a5d080230dc612daa,606813510223913641343
0x56b0e2c4a751f74b9de4b94328f316c24ed75d27,606017700000000000000
0xf49ef65a7084d3c47537af697c855cf08d6994b5,605450000000000000000
0x1c509ab7baad273de6b81c5c7c2b083c28d297be,604781930320000000000
0x45220bd0ddca76774d09abd1590136615a90957f,604386674820000000000
0xff95cd1651bc241cdb3f72ded21bb0eec97c7392,603678700000000000000
0x25e4fbd0fa74f68d64ae5bc4ba0ec3c49ef1e2b2,600000000000000000000
0x3096aa2a0cee5cc2d60ced7ee468563fd9ef63cd,600000000000000000000
0x502fe38ac384e4da2ab79d2175beb6eeeee47d72,599841956600000000000
0x4b7adfcce372fc494f4f79222ac4ca75e3671916,599668715530000000000
0x53cbd56328818f3493f67382bbf9cf4b56663ce0,599120186690000000000
0x95b51ce25d2e13036128c8c481d580307fd4120d,598212100000000000000
0xc0ff0d77629c98f067e2fa5d08117e8b474488e6,596957658555084495613
0x39297b8a305ea227d521802ca8714604419a2e7d,595161627744176076756
0x491355f982130bf37dcca2e42e9594f9f55e4b40,595073546200000000000
0x1712eb3aaae23331eee0e3090e82017796e4ce5f,594163778760000000000
0x8ab1cb506fa418db9b606183c35e36d67cb2d608,592820000000000000000
0x3ab6e069978be1f4f2847b170c95e651c194ad7a,592669852440000000000
0x8dfaea79e815e8dc3c5ead06affe1988450a8bde,592650000000000000000
0x1dbc201e6debfd247892dae0e06b4c4341dc7a3e,592299882838022059282
0xea45401c7d51dd52728a2c1a6aa6c60190bb4bcb,589940000000000000000
0xaffe39cbcb3f92d5431f398f3ac5b9c14fe335b0,588401000000000000000
0xf26a06a3ab895bb509f972d85fc8c65d88fb2e2b,588000000000000000000
0x20f10cd70776034ffeba0ddbc080e0c75978d80d,586057853730000000000
0xaaf82420785ca633c0e6260968645ecf43ebe811,586025370000000000000
0x6708311a2df253424fbd02a3830aecee5cccea51,585020000000000000000
0xe30c7e44d1c5896c9827041955cb8666ec780e53,584800000000000000000
0xeec40901d180bc937558c82dc4201ce8c291fda2,584576000000000000000
0x1521d89d47a54235dc7121c04d336387f040f9fb,584461012987939104024
0x3a0b2b5092630fb5a7a223c903edbe044cd74f6e,584136831090000000000
0x7bdec84d979f5929ed1c0ab46440066b8d6bc314,583128084697609938371
0x4cd7dccbb5c6b8a09fb47b8f75a43ef608d5011d,581537596840000000000
0x43dc547fc97d0c5d8fe182c5c89e45366d83fb62,580271769920000000000
0x9089405d88c40d59a8c4c23ad6877581e93b40c0,580099651720000000000
0x90f7a420be621459988dcca1e35475047ef6aae5,579274559880222209578
0x4c6f960718acdda6b23877237f21d5dba10262da,579142697169668698210
0xebf484baffb998957e00e353e30e74524e3a0ce8,578660000000000000000
0xe62fb8aed602a7d87ea8b35fc763cf4dd1ad42b2,578529735520000000000
0x76eccd0c1fb6688360622e80818c44f1e984b224,576763080560000000000
0x30011178024b285193bf9b3a2ad61b27ef302f89,574172303777571804869
0x4c0755abfdbf4f9eefe6494d1b86723e1e33513b,574155600000000000000
0xc7173a031b3fcedb70e2c4c3e59d2fcd3856dc00,573724196980000000000
0xd8d0f51200381d6c19cc52bd019909f5ac97b85f,573445982600000000000
0x7c621001f6fc0ee5030bfa8150a44bb6d566a763,573334845200000000000
0x591b2488a51fed8c2e765f38ed92ff59485d8271,572700000000000000000
0x170878d00881044649a1e89004edd9afd05d54ae,572000000000000000000
0x5585c9392a7da73517af3f57e179dea84b939793,570597038800000000000
0x8380574177fbf55d9351d29163d69b2e27ccf3c1,568740000000000000000
0x77629a66ef633cfcac354a73997d1148afa77ced,568000000000000000000
0x7a24f447858e66f75877eb0771214f78dc113a13,567985100000000000000
0xd29c371810f69926d96ad3e4f43f713670cfc4a5,566840000000000000000
0x9a42d3f9bd3d6f678f66d1421002ac2f97f6cb4d,565272000000000000000
0x9ce9f3109c4346db28db63b8d2e0ea663645188b,564635100000000000000
0xa82bf8ec33143cde26a651027891146be7c1b0cc,564532116384507737527
0x52b3dd884d8265e24252c7b656c8a47ad95d1348,564284149330480177176
0xdb291dc23f2881c99bc6efc5834969f39790a144,562401000000000000000
0x4a56467db371d2f9e8c49b3f9b3ceaac500798df,560710000000000000000
0x2f9233100d9b3cd7328b4eda028a97ad08313653,559675400000000000000
0x056107879ae1dcab93beb0403852de427257c436,558587360000000000000
0x52e35b8554e5389c77d93c915ca9d6ca461e8535,557363618836751692953
0x91da748526ec7be1fafb2a215571152c19bef9b5,557181100000000000000
0x84533f3b922c9074f42fa4272c9d8476c715ef0d,556445011170000000000
0x4b3cd97bad0412587f4565be1c7e3faf918e6608,555281200000000000000
0x24eb12834963aadd5978f0e440a47bbd175d393c,555000000000000000000
0x229e3418c6477073a7cb3cc8b0faf4c4a8843bcb,554602795040770256938
0x266eedfa566c52584590e3f9b4532ab051176793,554401000000000000000
0x00c273d2a2fa2d722d9a8e380ca0048a84aa853d,553728154370000000000
0x1c60483c28ca8e0e0a666742f7a78309b2744a07,553500383350000000000
0x25a63149927df4c473f681ce38035f2d3cbe5932,553410000000000000000
0x6e1bc5b85a99f95974955f985ce351202ec91bed,553320000000000000000
0x8684db8c84f2939158488cea0bb388b63a1917a5,551819317250000000000
0x618a227aff3da094ecd107e93391e6b58f9b212e,551495343110138475370
0xc12586b44f3b7abe92cefcdd57118679dc811715,550840000000000000000
0x40a0d93b66aa211b4835af7381e192abf61d99e4,550707959010755199549
0x5374b016a7be2e51080618767adffef524a55b4d,550000000000000000000
0xea22201cdbdf3d6bd3994ff5467ab82aad342c1a,549776900000000000000
0xe5b450f48daaf7c438f40312ff2920298819bc0c,549674700000000000000
0x00f579a8c742ca213a0397d7a9d4c0a434949bb0,548799678450000000000
0x097b63691bd63750459a78e50aa58527d74c5e82,547578883659834332883
0xb4967c3a13a061a9678696d9b2bc28b2e0f6f6f1,546633094671502893080
0xe2c14417f8e9aa1773e0dfffdb6fd28462b661e0,546429556662657672176
0x1a4b6d4c9cabfcd72388210516e66a0d1551e670,546206821940000000000
0xedde29197d4d911e4cc4d3000daf64a9f71c698e,546017000000000000000
0x84f9a6822751f2c62078682694d5ac92acaa5a3d,544765166830000000000
0xf1c413d2c0e7847d5c3496a87a3f866c8966c2ad,544701807830000000000
0x7b119d05d47bf55250a5a2f92f79a7d8636c9292,544334070000000000000
0x2bbed3fafcd208bb4fc3889bc3e26e9949564bfe,544152679360000000000
0xc735284cc61cf7d6443e62922d0a5872e9d86af1,543417800000000000000
0xdec7e2905e385d3c368d729a4821ef846096df7c,543347100000000000000
0x13c291261b6cb3c78dd3381d53c47ff6e73499bd,543322000000000000000
0x71bdbceadf118fa38dbfacb35a5450ec9ba133cd,543000000000000000000
0xe3a771892f62de73fdb8b110214d5d28d662de58,542040000000000000000
0x0c2dbd8c4b7464b32526f5dae3c164de845d9ca6,540704347850000000000
0xee80a241f46ea86f8a83759218478a7032d5e73d,540406886710000000000
0xf46f15ed1772c3f83d69750ab490b9167fcbfd2e,539552120303705304869
0x5b2c55c49c593575802c03816f063a754fc42693,538086953443974780187
0x9950874bd2babecc37379c2b94af08c73102a4da,537450000000000000000
0x3dfbf25f673ce24d38cbe52932694bf173968cc5,534500000000000000000
0x2a178453b74379c78459f4c6060ae62d72488f0e,533900000000000000000
0x3f4975090273c0d622e56779ad9b4854db8fd5c8,533583975570000000000
0x71232571911632845c838880165185fc2450dfcf,533447000000000000000
0x4ed8261a8aa9cd676cf39af8e6517b0f3515ef87,532773396184857091880
0xa39654a3c5087c440f765a2a7f861c7efaec28db,532406000000000000000
0x20b38f471e42016f9ed5e2f1f284635b9dd7331a,531919846700000000000
0x8368befc4f1e939fa6ab2854cad420c2b05b40ca,530840000000000000000
0x4f09870690c884efc6ccda622c8324bb7defecb2,530019000000000000000
0x4774117014e8d67d851829eb49c112c0aabcf452,528640000000000000000
0x73b8635bf2c8a5523db98080c418945edae20cd4,528487173904363957288
0x45e71e8c7e407b088b7ccfe7f034667fc00bab9b,527318777770000000000
0xace3caef081c5e502ab11f9c8fa61ddc35dcac87,523415812259848353455
0x0fd9f0580f1f492db21f28e6126fdbcf650dcf17,523412900000000000000
0xe772be8adccc795d122b7c0410dbd019396a89d8,523330000000000000000
0x90110d91f7ca4345b83dc9bd70c7745b433619a6,523207283710000000000
0x33321bdecde09df1ce6bfc9fb9541394d5908b9a,521794075215680867070
0x2221dd694f25dff7b8281e3d8d4f3d1cef0094b7,521461000000000000000
0x7ec8e30edfe6e08e36b1080e5c2e6003bc409ae7,521386920000000000000
0x40e5cc326f6ff6be462c7f8d16d6265e1650327a,521000000000000000000
0xe156382ee935b3004ee441c27447fcb615db2fa7,519745700000000000000
0xca363ab7ef137dce364ac19ddf63dde6ce8db96f,519138400000000000000
0x8e18128b9db966b1f7a129fbdde2a92e2a48c3fc,518400500000000000000
0x0258f02ec3df070c62a7502f57534bdb64c4ba50,518355529300000000000
0xa296cd05779735519321720b9afeaed081b3eeee,518034920270000000000
0x1c316455a74eb3d9dfc9291b1dd6dc0118da3fa5,517000000000000000000
0x7359fad1bb31b7ac07ec4182e6ebf14c89d1ee8f,515372100970000000000
0xf768ea2eda9682d13f61bfc173fa91a33789ad37,514589250224509255811
0xc453c2f90300b10e87c574b7008bd8d6890bfa64,512713000000000000000
0x086771b87eaf697d9fb177be4b1a751f73faf312,511276502240000000000
0xee347dd132cb44215244826204de1347e17b10f6,510400000000000000000
0xfa4c4c283737cc2d0526a57b07a9735473c6cfee,508474000000000000000
0x5f2d65e53b9fbd31975e24dad0824c7491fbb2f9,508200000000000000000
0x6f9254e2b7ad7f8691a57042f7280ff58ef2f766,507140000000000000000
0xef9c5ced488a17940b66819dae2c2d70f211e79c,507000000000000000000
0xc29c6337b262cdbc79c37bb2e2be891599edbb96,506949504709238855111
0xaf2ff9730b7b69f1e4a207964ac9c6c28d91afc6,506460000000000000000
0x426cb58a93a74f6b1d2f1af878dd3bc8964ac2bb,505637645208631342919
0x2d6f8b758fea4fc8f1690d1d198cfd1cf96e60ce,505333000000000000000
0xe05df5168e1bf697b64d1b4e6e97cb65c8c072f1,505096000000000000000
0x3d1217d620c41b064f66422c3b730d93cd8ecdea,504631330087468210604
0x98b6c16774c47f8a83e5e9e2facc87c33717fd64,501712694000000000000
0xee02037417bcbc1f76a535035a4d121a7072fdb8,501637000000000000000
0x5ebfb0ba82e396356651b71479c78e9226b6bcbc,501040000000000000000
0x624990515fbbfd52d251a35360fb9454c27e7bf3,501000000000000000000
0x1e3ff65759e0d1f9f42ac5c3e2951e1a5f38eda1,500390000000000000000
0xa4d8b22ee110c7608864cf5ed15b970cfce1c56d,500000000000000000000
0x5d657261a385cadd13b3b67edadb06f6b19e463a,500000000000000000000
0x87b8cf1a0c405dec22fc8b1c87a4400a4d85f257,500000000000000000000
0x466db38fc56b5d0270b094364ad1b8734b96a29a,500000000000000000000
0xefd6256b0df94392a64f8b068870915c172abfff,500000000000000000000
0x9f95230f07bb390b35c4274c21170c6713654499,500000000000000000000
0x2c76dc902d18d58311013f47131b8f63f833088d,500000000000000000000
0x05fa2e8280baf10c772edcded4571d4edf298b8c,499840000000000000000
0x1d1a52c2806c1e114b359e331ecb9183731f485c,499831798060000000000
0x12998728a3e95a19066d5f2dfa89a9a584c825d2,499470000000000000000
0xf38eddcedb2dbb42b2b887c19f1b10b5395ee0e1,499420000000000000000
0x899d8cfb1c7c25efb8906821c9f4b69ed18314a6,499319966400000000000
0xb92d8ca1d88ba172096434d446bdb284b25b2266,498960000000000000000
0x64ffa4775892bcd3b8511613939f0a150b7597de,498936000000000000000
0x72700afc95438b3451b66aa2af1e60f78813fd8a,498840097710000000000
0x6708efc6c5461e797872b6ef02a70c9b4f877f69,498840000000000000000
0xfa1781de93e6444f907c838ad7b89a7e10beb630,498840000000000000000
0x447b1abe1668a5cc28db6351fc28a2984584cf6d,498340000000000000000
0x925408fa488d770cf671346c60a67b8f1ed9dd37,498238500000000000000
0xb9cdb37f0195b3c1bf7e817c404ecfe2d874f3df,497221093360000000000
0x028ae5674007b8de69bf6c40e964211746d70158,497030329450000000000
0xfb09deb226400871a21957f0755a022fcba2954f,496520000000000000000
0xfd7bba9fc93d3125f3214181f2f237470efe8d39,496470713300000000000
0x9b1c240e57852d36077dea1e36fa2a1c234993e2,495408446130000000000
0xeaf127f3a30c047033e9a13ad6c8d4d502d85bf7,494124294114860376142
0x86c0a1fae351fd1faa777ac4f2d964e0e1508509,493830000000000000000
0x46ad8aad8a0253cb57f9f80773f24ca8fd227226,493500000000000000000
0xb5968cbf219696d88d4fd1f1097a83640c070bbb,493492000000000000000
0xb1086149d3225fcf3a6c034fb0b268bef135ba5e,492375000000000000000
0x4fd4637e91ad50e5a5f3097c9aae03120e02c139,491466847610000000000
0xb8da9506fd5e8fa52118fc48d40d65a1d6e82e0d,489581889665945872921
0xd496006150b307c0ea1dc669ba082f81e81e9ba7,489233669930000000000
0xc92276f49ce9d25e86dff5848292024f1294a956,488269206500000000000
0xf55edb27f46cc0a62914d30215cf049101bb4797,488000000000000000000
0x85c14551f6597d2faf1fc1d2cf72dca1b1a21d57,487000000000000000000
0x6ca25e28d70698d4cbbe393e36ed39e6686f6ad5,487000000000000000000
0x76335c28f694adfb0dd2d48b0a74e88df6266df5,486963129813692796236
0xf81760609fecbd7af2d592b9e994a684761a41b7,486352000000000000000
0x22f5e77b5070fa3f3f8a05f628b494d6745937fe,484150000000000000000
0x1e524c86f50bc61e6421bbcb0591798550eff2e4,483013565070000000000
0xfcdb1762304f2c5065edd0dff6ba1fc15bdcefdc,482955400000000000000
0xcc7c219ef06503749699abf0af1c63f5d1d79d5a,482672104130848186830
0x64cbc85898e58895a4abade1499f0c1b03cc698c,482500000000000000000
0x3325128bc8e6d0ab1b947c7fa894737b8340d6bb,482000000000000000000
0x08a20629fd024caec8450dc7a8bd75b1e4efdf03,481802378570000000000
0x4dd062fd043dd115a28377697adcf44123693529,481662594100000000000
0x1e80825b10e8dbc53b8b86f4e733d763644eda7e,480491000000000000000
0x44a1a72ac933bfcb4503fe6c173d842838156baa,479494000000000000000
0xb9af831a2c51f09f127b4e944040a344c6841e8e,478246000000000000000
0xe2201242c6abec7da3a177a15500c68d8a4e5d6f,477506000000000000000
0xe2423b679174f879514a87235559ef6f3370fb01,476362000000000000000
0xac9c9fa5392a397faa14094eaf52c44e72977bf6,476210000000000000000
0x993e4b44c24c2c4ad6e4f2b259a34b1e673e8406,474098580400000000000
0x066bd7c8427632819a0d5d8ed932f8cab8a08dbf,472366000000000000000
0x12790ea7e25d487da31de8c02ca71273c2e2dbf2,471915397600000000000
0x6cd9de1af754543edff02b3d84982ca6bfd10e99,471055222450000000000
0xf2c45b352d4ff3127ac3444c0364b2142bea39df,471000000000000000000
0x20d2c9d53c3055c6b507eddf1fd45c363be330e0,470915761240000000000
0xb8f203e408b9e65bd79e7fba51486d1e1ba3651e,470073653769274338608
0xc1fd0b08ac487e6a65acfece7a2ea575717ef3f7,468873600000000000000
0x09d2ebe4c60b4d5b949a7cceda0d2d9cebc9cda1,468840000000000000000
0xae8bf37522a3b3e975b9057ba08b74696dfa74c3,468200000000000000000
0x0b606f5558f614e7b0354bd2753fe626e02d03c4,468164091710000000000
0x7c21953704d9be53ab397505448c6d497b69db5f,465000000000000000000
0x3d66e43bf4ad5a91b09f568fab93e452a612b97f,464625600000000000000
0x01c1947575ce8ac943f26884b70cd083e74b80a8,463000000000000000000
0xc5d5ade49947b516c4ce4fa4f31707b5559f3a91,462880983170000000000
0xf90c384b700e822cf5edb393d600fffebebafe48,462791429256490257838
0xc1481405e5e853a53bd778a4c105df543e2181e0,462480170490000000000
0xc2692889cefbe190377120f792441dcc38009cf4,461552606870228774784
0xae79cd7a6048dd42454617d206f36adf89a81812,460298086600000000000
0x2097b021a654243b86427f2dd7aab650d8e9726d,460138956500000000000
0x2720260c485cd53350e8a8514fc044b3edd29ec2,459850600000000000000
0x88b1900f148312e9395b374d1697d3278adacd30,459250000000000000000
0xbada5d83f670b36aef6e85e028d8e9ab646c4a57,457472800000000000000
0x02bcddc8111bb2366dfebbcf8af1e48734d90562,456490000000000000000
0xd754dc656b1e052a6f38b93d4da031451e4ca969,454101217662537112826
0xc9349bf8860ba18093a677fe854bd4bdcbc5da78,453843022930000000000
0x9559002216a7a056212c2e99dc69a934d6e2fec9,453680000000000000000
0xdee016092e19ea6d42b47bb636f272d21054b825,453609525154735228060
0xafb89d3376ec0e1fabe8509116f6c1ce7d1078c2,453575403570000000000
0x01f6814a6660f9b8e0066785c9ac49131872754a,453385000000000000000
0xc48d9f33fd284a4e675c79421074b1c119b01ee3,453131880000000000000
0x40a2a43d28915cecbbd02e8e7f4a64323282b227,452676848300000000000
0x56d472fd9450f1b5636f6a7e63b01948db656f11,451429371352984457108
0xabe87e0fed8f2d8e228b96e036a50b880944b819,450701777350000000000
0x7e2b8fdf9b259576027a8a34570647227a649434,450048000000000000000
0x5ef8638d31ee2992f17230f6a7e94764b3ccf169,449531000000000000000
0x02aaf464572fd9cc5c8c04cee017c0cc09834fbd,446410099990000000000
0x765f5d588bf99bc5d6f9aaa88ed99572b26a9597,446051233809520615516
0x874d3106dac86f491247d9469ba30fec4e91d7c6,445449252520000000000
0x169b10b506d160030a1ba057a8c1c88e22f4ae21,445448019120685638533
0xcfc72a62e895271291cd20ff8b77dec03464952c,444793600000000000000
0xbc7bf0d0a301185639dd82ff23e40367af2e161f,444662083330000000000
0x34680a23603998c1e1465b8c5642644908e8e83c,444330000000000000000
0x3d4312e8965472936715c1dff222b0803e9a2415,443916501950000000000
0xb6e345224f6a49bac699cc9f7e26b89702db2acf,443762000000000000000
0xf2ed2ac92489106c942c9e32c6a912ba61af93e3,442312995191608121159
0x3f94c84da3859be09612e1f0eaecc925e7c20f0d,442000000000000000000
0xaf563a6c0a6e978ee2a01a8ec61ebe51d5eaf76e,441557700000000000000
0xc235436f176755a23c63d7c7d21c29e910480b04,441113688986052681454
0x585be0828697e17de89aaf88cebc1d98c75a368d,441040000000000000000
0xb52f0fc4b741ee2526141f84c9d19edaf058a14e,441000000000000000000
0x159397f421b3e925688ad8f9e541ae5a6b920ac6,441000000000000000000
0x687f40659c501383a69a4595c9e23c4d2c34b5c5,439989000000000000000
0xf4db8ca3712483e404ef7a70c2598cce60a76b37,439370290610000000000
0x5d90d5d9eced3b5c4469e3100593d21a01dadfbb,439122551720000000000
0x5bb085520b6486840f5a8ecd4b29fe247ca2cccf,439096989860000000000
0x44bd7a23c74247fa63482a7c67d300b1c36a357e,438000000000000000000
0xe27a5a4458547f1d4d5223f851160d5e8e6eaafd,437937249268856322946
0x39109373ad2eeaf21d122eeaf5eb8c383d785a32,437921000000000000000
0xa006b59cef5c474321376d647cbdcf29b0c31e0d,437800507460000000000
0x75039275a86eaca1088639b75020920e86112b4e,437350300000000000000
0xcf2b5143649670d3c0aab20125769e88e4b5e1b9,437209673472099957410
0x01ca5a152b6fa3bee321e9ec0a137e86b22bbe68,437101300000000000000
0x0230d2c7f0495e96725c03f8f5000424adb9a597,436500000000000000000
0xf9451345ca4988d828068977c7b73d2523eff749,435446700000000000000
0xce150419b96234bf9a5b0ad5c90def2891b2cb99,434038000000000000000
0x9de358acee419b6ed20dab87da6674ba4a65a26a,433841737931975208621
0xa457ef7679abd6e85e74807e246443a0fc44261b,433409135061818895468
0x00acad491624db4c6d9790e8452871c8572acf56,432074100000000000000
0x39f92eae6a12dacdcc5b6704f28a09814adef6c4,431720800000000000000
0x37e288839690a2a09091aa240d2faa8f4bee785f,431549000000000000000
0x37bf387a3d6b9747ea918b94a07a14a23e119b0a,428553000000000000000
0x964727fe255a454a019a7113643d476cf9d04f49,428308062200000000000
0x6191ca5bb71da09467156c9b0de30ad103487fb1,428256108840000000000
0x9304d4ade488479cb3a0939b5828664276e361b7,427587090564639740794
0x6646a2d9beb418236b86b6218356e77f5ebd1efe,427556169480000000000
0x792277271a5cad0ef9f8214dad9a50053760b808,426103300000000000000
0xf7c05db7485e5c707335bd55517a8661d3ef5d46,425849999999999672320
0x2ddea0a329560ce6151324fe0539b1a80802ce03,425840000000000000000
0x6679153d26c5a82ac0b8e9a68461ffaba637147b,425640000000000000000
0x98298409c949135eed89233d04c2cfef984baff5,425160576480317485438
0x7a035d4a83fa820ab687b504a029754da3cd3a66,424285442340000000000
0x746c1ce4ca9ada46cc6b0751881bc51ba0c7dd67,423170000000000000000
0x172d0d23cfb8244c0a1303dc102088d58005bc24,423100000000000000000
0x083255d689cf6ee9fbe36dad2177ce3ccd03492f,422572712300000000000
0xa7f36326dbf5205577b47af379718008d584c0b1,420436230000000000000
0x2e7549dc85efd8402c95e05937f5dc0c009026f5,420233200000000000000
0xbf586942f4b70210f62086708633dc11be6dc834,418915241230000000000
0xd228a7dd80e53ce2f8665b77d48cc03f7d396f70,418728338050000000000
0xb67b4adb0adebd78e80cb4ebe18f9ae23e7b86f0,418247032000000000000
0x39a97490530ac6676e218974038892853d5f2233,416373165210000000000
0xad01c20d5886137e056775af56915de824c8fce5,415179823282565930729
0x90db7ea340e16ebbda6f42e9f436259a676c2c6d,414741411567728205542
0x8b0a32360b22df2191078d396db136f964c2914b,414253409014812328463
0xd39160d4f069280000b64c70f1871977b7661a62,411772452791052299068
0xf4af42ab8d67487e42498dcbbb673ab831f6c114,411620000000000000000
0xa01d15429781cc3492d8ea64fbe6c11165f43c12,410683652593786298773
0x08d5bd162d568e913e2ef735201834c780b65596,410575000000000000000
0xbdc2e33a6fa8f9c31ce79364b270b79b530cad6f,409572000000000000000
0x8de843e0f6d1089cc3ed4143c65917ab1f3d7b22,409000000000000000000
0xc840f7b8b7b231c2a0e0b895f9932a30b3fcab32,408000000000000000000
0xea8abbb7114e36c323f7d4857de56ff93289c060,407409000000000000000
0x859630fda067c84b8b6cf9c04671276194730c7c,406376746530000000000
0x616ec7ff1e0a41f620d99949f6460c7a5b979ad8,405655029111920287791
0x38ed142582421e04484694eabec84527f7a39e02,405000000000000000000
0x27cf108a0d7564cbe017597f72276ab9475c02bd,404787507107692104726
0x97829ec2ec25817f2dddb3d61e3a03394512376f,404480000000000000000
0xbefcac6f7ce0dd734eb12293281e5b46e84c1d42,403981093870000000000
0xd6a27548d27f1296c4b93ca330496190e7df70aa,403690000000000000000
0x3c4402917290afe4c3f4453413831f58a90b654c,403458053410000000000
0x67c0b08004ee25322979a9914a9fa1fbab6a4108,403431197542075095242
0x4952a6e5322b6ec94420e709281df9f7e9d1f597,403210000000000000000
0xeefb560f9e480d57c856725d9c31d4d45ceae9c4,403000000000000000000
0x69581d63919fb997a34a7eae175b7aec8d189179,402921000000000000000
0xe33c89f0bc6e09552f7aca4fc45f7ad0b21188a4,402904000000000000000
0xada6a707581c65ab330e4407c0cfce3645e8f2b4,402840000000000000000
0xe62e0f07bcdbf9eab4b3d57050a4f9ddb9e6b30b,402635969380251387335
0xf3eec50e775db0a53cd56b0f7533adfd199613f3,401000000000000000000
0x7ee13ab8aa1f76dbc53afc7fc2d25caa87da8660,400840000000000000000
0xcf4aeb4a31bb8854b0740c3c2e4eb6b3418fdac2,400178099999999983616
0x7abd625ba6a4b08a30096ec14b366bc9a3435c3e,400000000000000000000
0x2981f117349031e18a261e4f90603f1514a02cf0,400000000000000000000
0x0c672ef662e3b14ecf516fa9248af693b2f61d6d,399728543430000000000
0xa6e3e7b9c8c6d277a5ad040592e220b022ed006c,399256459340000000000
0xaa23884aa4122a01bca465a3ea5eee653e8a8f6b,398573892639008711947
0xaef06dac05719b073c3e0f4f033a7d9b3ef58f53,397591000000000000000
0x8eb9d714a1aaf460bf84e02815052e148b51995a,397521900000000000000
0x5730752289dac642a9c0bfa9f0e678b23e162bf6,397401110740000000000
0xea7702c1b70667ee4aa470892b34c49dd0fe7b1f,396866700000000000000
0xc8e2b98509c7a6e875a4964149111801f12e94a8,396734800000000000000
0xb14cf4e4ec0504f71e8de2e5ed4f0c1571c04771,396329357080000000000
0xadb681c3a1ec9bbc4105b8e8eb5fc7178125b450,395957909160377884887
0x0f16e6ad7db1c6e1474428ac44320351abf72c03,395169891790000000000
0x77c2dded1d141a9f8d7a9d1f3d1128d92665ec10,394540000000000000000
0x4d1d8f433b804354313a3a067965e7e21cc23836,394387532420000000000
0x19e74fa0ad0149fe976777f6af259d186048e293,394023700000000000000
0x73ce13af132df9326073cbac3482db5a47fa750e,394020456860000000000
0xc1e01a999e3fbc77a4be1bba3cc1c0cbc63ef89a,393445000000000000000
0xb44ab496db0bb46e9438bf5dd4fd5d046ea2f93a,391490288046330493662
0x0f4d5f0783823381b13e37a8fdf8588f2707bb4f,390758103370186078783
0x36b40eda9297b93385bcb81c7703f3a03efbb68b,390664719093302714255
0x908ee7e8dbfd2936810a3cfcd6f2c5cea8afdb0c,390456599850516391421
0x647a34ab6f9b5cf1348377e7ed3b00c545407aea,390157505830317878178
0x86633613b9e092b44235d8622142608d8fa09e87,389579000000000000000
0xcf4c0907c83e195b6a8dd6076b019bd41ddb2363,387285197200000000000
0x61890f96f452ef0619ab9d8e0d89665f414671d5,387069776854985224013
0x137dfddcb0cab51bc5e935d372866af76b7d1152,386978499366373104169
0xaa2ed651b698bdd9d294a894013454266d1a2e83,386687608589960514630
0x170c18f4734a8aecfdaaa2c5dc8487a7b993c6df,386291000000000000000
0x73b44df04286ceb27896cf30d94c986af559823a,385986831660000000000
0x6544fd9ad0bec8ee2fda5b3742ef438d973e7c88,385820000000000000000
0x3def035c83fdfc5c529dfdb2ca2816b78576053d,385699800000000000000
0xa0fca8fa8e9c6aa77305f94be0e03908d0a42900,384573379247311040000
0x7b335f2d380689e8aa526c9aecf506a0691b8f61,384000000000000000000
0xf795b539b1dd7a912e975b9a2f2731a913c1733e,383820570000000000000
0xf7af1325a313997aad23136870f2676b1c1eaf80,383350399271380930189
0xf1d91841a24a498d5b64449279cff8887970d63f,383340600000000000000
0x86a15c176a56e6690a81d503152dacb8ea19f493,383010000000000000000
0x30ba929db98116b1faa170f34773b7557ae98396,382632979481085985175
0x1f8fc4260ba00a5989ccf2a2f2757240851f78cf,382330000000000000000
0x3afc09837e68e992c8aabf98019217e7183c0f83,382000000000000000000
0x843d2000703b0899228b481f561f36a9fa057748,381910000000000000000
0x9738dd40f3b559de1502097ab4f00bc71faf12a4,381560000000000000000
0x27294ce5dfc231e1dc38b6e54955333338d4103c,381403513820000000000
0xef6e2bf8d612a3e63733674b2494e814ddf9bf48,379066792137245956655
0x4a363dec09482251df97e2f389fb85e7a9473df8,378440000000000000000
0x959bc5a504ef6eb339c2e19c2832709b74f68721,377878700000000000000
0xefe862bf30cd0788fa2c4093f5efccba4b31ddfa,377724000000000000000
0xc9bedfdcf8ed8e95c5a1a0fc6e62eb1683ccca5d,377000000000000000000
0x73d9880318d99ebe1a38b63806c0946c89d6f105,376030000000000000000
0x167829500a7409518d63e295a77f9c0c3c7f13a8,375500000000000000000
0x61c04555d4c7f8d24b7300896114ee5bf548c9cb,374000000000000000000
0x104b670533f744605054df3606c410308e06aece,373370000000000000000
0xeb40a6bcd6074a0246445411e0c9c5854fcd3b5c,373024243140000000000
0x84ea32cb3780f356954d0c5dc9a632fc90944bfc,373000000000000000919
0xeac09267d035391943e27435a71f34d3860c4e2a,372890000000000000000
0x9d12ce578e297c52987fc38bb6579ff12744cfff,372877186470000000000
0x1202be98e95dbcc3e33669d9a8b1110a558c0bb6,372595000000000000000
0x33c30e22d6910d8a7fd322bc1283e16edcb36e0d,372436000000000000000
0x7ff01957516b1985b5d9593e44a146fb7ca2db93,371416200000000000000
0x0cf2f702a62be97814535c46461eae883cd85f58,371247000000000000000
0x52196d618a6bf099ed1a5dbebc9ebb233fc5f90c,370991100000000000000
0x09dc685f65a51c4ac4224f8c786ff5edf8152c12,370942279387480610799
0x6424588d54a0007a50d223e351f624c94637d2c0,370755648557364405935
0xec708935524b52ddae7f18da3bbda6f808e2315f,370720000000000000000
0x678839660e8406368016f7d7b4137115d1b72ebd,370647159950000000000
0x76fb200a1226b8c3c8631886870f253694104888,370140000000000000000
0x41177b7c830f1e3bbe3c804d8a3bab3e28ab7e43,368875541180000000000
0xc258270cbd76c49cc93f8189735b71df9f41db15,368822894260000000000
0x26a4634a21175f8449bc97801c987f645ecbf863,368807062860000000000
0xaa4f66a5ffd486c51bb90541688281a3b0b7c493,368719937140000000000
0xc274f268d15860d077246e651f4a0f2466032f7e,368545757166463174760
0x156b5ce0d40e50fc19cfabfa657f5173b7293cb3,368335900000000000000
0x7a505df95aac78f142ca98cecd771d3c398b4b71,368316378053394961740
0xf184699cb13e0d0b1d79f1aa1f0852e394aa7a58,367008907990000000000
0x7a131825c0e94549e914507c9b98df0b542531e2,366684847100000000000
0x6af90fc9c04f39539e4b027d2403564d7cacec9e,366172197714638406264
0xcd02941750e8f2d78e71c8023dc091929ec45adb,366020596580000000000
0x02284db84f831e4e571cf3b562f6b89e494fa5a0,365812000000000000000
0x02b858f3ecfa8f6ef8945989a20186040cce9535,364640000000000000000
0xca24e8214c281a5295a75113cbed701090b4564b,364633933740000000000
0x0099c436d25b713ef3578a01b8b6c0c2fb8e8ed1,364384828249422370568
0x093f6c88f2342b88766971bb98e51a0c1e681fc6,364000000000000000000
0xa5874600a109fbab3edd7533fc5f75df2c9364ee,363123016809051514055
0xd158f898d6a6c7437952d191dbac93704ae0afd1,362929000000000000000
0x49e944f83d0e14b753d08192c049b9d7e6202bf4,362218749000000000000
0x99929afd6ef2426dbde7a7e4e9b20977c32a0089,360705974002500000000
0x94aac4cc2fe5ee3ed7d595b9afe02362ddf974f3,360190200000000000000
0xa3944c9355521c5cfbd79dcdce7cccfde0d41e14,359709280000000000000
0x22c2dbba9d0c789a183be95bdd37095b7278818c,359258426960000000000
0x0e016a380e7375e3b79556020a4ebe629d5003fc,358420000000000000000
0x36202a3c87dd4ef4a9ccf981e742225ced504eb6,358212000000000000000
0xb9ef179120698bb636281ae5f2b83ecfbe4cbb33,356597000000000000000
0x470305721e140800c92064567f907746a5248f8a,356366790747287061962
0x2cb73219c945829e952923f901dd6c674173191b,355410325880000000000
0x8ad28fa47b19963152079a1a11e15f989cd97dbc,353975000000000000000
0x36907ddb0b8731847dde57d49d5d966b7d722d2b,353598194600000000000
0x9c878608908011770bd22b9ad86dd453e2038528,353320000000000000000
0x940903a75b4310c0d8b17b6bd612ed2f914390b9,352473000000000000000
0x3ccd13be9ea777ca02194c80eb91d431ec1b9f56,351730000000000000000
0xeb5ad8ea6d530e3e04de00f82072ae3d7fedf5d0,351725835000000000000
0x89e5256ab7712e833b81e4d92a7d19ca2a01a990,351660000000000000000
0x7a9c711c45d9b8923a0a8479b1f53b91e8bca94c,351409337900000000000
0x5e8ab195f6115bd2e20dc86ec90594642fc33726,351140961680000000000
0x8a44afe45f96d8864b20bb56977da0ab3473c065,350000000000000000000
0xf2b67e8dd2a7b5625d324a0b1dab5384a0eee5b2,350000000000000000000
0x4b3e7f14be244dd20409213a22f3dd61126b89c2,350000000000000000000
0xbddf5b8ab9986337077718acbd1ff3d0ee37748b,349899042810135464542
0x116589c23ac45d52a3896435203dc21d4a3b505b,349567800000000000000
0x67e8fdb0b0741b9c1246a2c13e65e056cc59a5e2,349307500000000000000
0x0fd5396481d55f3b153742652ff5439b12faff7c,348721219000000000000
0x1d930360eb211bfe9c070d9331edb1acdafbd9c6,348624000000000000000
0xb0a984792d14013a49610d22fc753ece831c6bba,348077091130000000000
0x8d4d49cba107c0c9801cc22bae68ef69aceb54d0,347185065550000000000
0x988b4c8bec6dfd9c5fbc8bcd282d1c22e71386ef,346107144064720317203
0xf71efda4cd2eb8d5ba841b2302f7d4ac20669bac,344937171370000000000
0xa31d8b87348dd5ff37c293cece59a3a1efa361ed,344690000000000000000
0x4c4eb9784917bf18d7d2438d20747ed0bcdb5d1a,344637849570000000000
0xea5b5df39d98202f31fa84462732e78a35534eff,343793435840510374653
0x36e423f4083cf7b2e9a10ab8b2edd907c8e1028b,343278204241907865916
0x70e68a40da4dadcfdcc7f27f88f0446e324f8ac8,343240686146634470796
0x09941a10503ac34d313fa19617bc238be36bb192,342988791970000000000
0x8aa1d48828789e852f06a78d52431cf9058cf1b0,342496000000000000000
0x4bb0538e302fabe236e946ab749f1268da84afa0,342000000000000000000
0x3c622fa557a72d5c45da4918a7d27e0aa91d059b,341803013760000000000
0x1c1964a99e565776f59d3a2fcef58a1d26625cef,341100000000000000000
0x7acef71850e1ae3b72730108d60dfffc41823a8f,339624000000000000000
0xea92cdc7fff8bc6d795af1e13da10e9947cb985b,339396538260585486623
0xa6d5746444b1af4434a6d2c2e31d74fe58fbfe31,339152700000000000000
0x5165e62457e48320dbfe3150044727dfda43a4c4,338633000000000000000
0xdffff23f7ac6d8344c0cd3da04226deb5a09d745,338603700000000000000
0x39c1c8a2300fdb4b3c839fd5f8cc312dcec587a8,337976000000000000000
0xd3f3c778ba93957531b3af4c1618f0280008ffc4,337914358570000000000
0xc298d82aba6c1cb5b1d774d1dd6f2e2e46c64f33,337701756160000000000
0x693304043ec1020f335d92f536f958ca42c681b3,336660000000000000000
0x0455aa7accdfe34b0a0a7f7ef083bde1c09ec93c,336638000000000000000
0xc9834d89e0fe15340ba089900d66fbee083af6c0,336454163360000000000
0x343842b2cd4cda1bda44aa0a0274cad4645009fd,336231466646416897926
0x9989b542401b998d19d26c9a0bd8cfe8b7e13c09,335638000000000000000
0xa994c9e1c35f0f50d64ffd97cd284a8944540a75,335000000000000000000
0x56010a8e4007685cefac95d1fdb92e2345c402f9,334341109530308587357
0x385b3a8df9099c996d8dd3a3fc8a5e946e9a1acf,333000000000000000000
0x818118dc82e952d7765fee656b4513cb09f1f667,332653000000000000000
0x0ac40fa13832c5e6872bc83d82d432e8cc3142bc,332440000000000000000
0x0d5bba4d6d6b276716ec9ac5ee532f2284d8f544,332429612250000000000
0x96a60a2a92047bd791b18974f4d6f0c86d1d0f7d,331449957120000000000
0x7d186bdd696309ddf5135f5023096141481c17c8,331372584912808566296
0xffad8a07a0885862d21415420c1d64019319dc67,331083005090000000000
0xffe48bb9480ef6f90d41b4b96778fc400b3291a9,331000000000000000000
0xaf1d7d5f257ffa120aecd54a7f7d2543dbade451,330147830840821519534
0xc0cd6add68e897d45b927f229f9b627c58504092,329879000000000000000
0x5d0bc4b32ad64b3c1173c69fbbe0c1b2d4bc88bf,329320000000000000000
0xe80ba915b11135c119626d67dd255e67d296f5f6,329172821240000000000
0xf1348d27b1183a0732be7a25e262b30a985afaaf,329077802150000000000
0xfd34582aa80bb93f63943bebda6b281b4598a617,328905030447634741011
0xf9b42ca02b3164f9824e17a7bfc879c481adbc0e,328741000000000000000
0xacfe252da799b4f1609919d9ab02e4579224de3f,328308700000000000000
0x7f162c4a9c47e3d18dcd384ca2c9fabc0aa43cb9,327148000000000000000
0x8f61c52903b3c99132851b4fe0bcbbb35bfcc3ce,326128700000000000000
0x9793490f7fb3a6e1852464f6ea02d0f8818ca376,325908512282486058362
0xdd1815835a509823a0033e1c7e39df77286bb73f,325513000000000000000
0xe3369fa6e9e0c16669f245d261b78b2645531bc5,324363300000000000000
0x7d9c49f81964ac226a8a60f6dbec597eeccbe780,324200000000000000000
0x7790ae11fb1a04c1bef4755bab9deaae06e1bb22,323084400320000000000
0x7679f2c792bd87fa494778281e5a5bcc3fba5fc3,321773000000000000000
0x77d6c1d4ed9ac75a135fb3f25492eaa3420c04f9,321648414560000000000
0x7df7acd78d1f824b49ee9160ae8393659beb2bda,321628224537527896378
0x131c5ab43eca2aed3b8d14efe15c689da36c06a5,321305000010000000000
0x4d4d5634d2ad556fc7c562e585e6bdf9308a9f50,320861011620000000000
0xa8ac6f157b61310dc43740c683c4a918367bd322,320800000000000000000
0xb132ceb47e2cee418794f78dcc2f839dae589e9b,320004000000000000000
0x6dfcbc77b2aa7d6fc33549f09b57c3f1cd5d2f44,319303084930000000000
0x99d46d0750f1ed918963dd30077c77a509aca9c9,318790000000000000000
0xd7e3c135dc9694a457978517ca5ac982644ad15d,318411751458540080214
0x029f21b93e8c2f34a6ca9ecd701762aa5b2d3fef,318323120000000000000
0xdfeeea448e58e1b0b8f4ca41b130c78e148d94dc,317974946682653543919
0xba3945d595102254ad1e66c64467556ed8671ad9,316304305000000000000
0xec7e0a8bfd14ff7feeddbdec7cab52998cce773a,316062341304185522092
0x5651734f8d86f5cb52c25e61d4afc94710a7697c,315780421959483129966
0x5bb590b2d3299bdfaad4e0092fbbfc5fe75f7e8a,315607900000000000000
0x4bf6dab9c96bfcbbe357577c485b849575108c36,315277506170000000000
0xb0fb0537460beac49200cef13214f9b55a75c935,313966486823588377379
0x877e949115bb78506ace0e790013bcb2f4e10653,313290399061999093520
0x932c0f646dedb1ec532eee4dab27dc0e2c03a56e,311991607945790001447
0xe70484f8ce83b157ba3025336d21545ed487c169,311979000000000000000
0x198f1ab3081ed21f54ad2530b7bb80298eb04d8a,311310000000000000000
0xdc8246b5fb4b97d86d0b4f25b7e3272b2d2ce894,310653000000000000000
0x5324f7b2f2320f1975a9ad6a3832f3c254f02790,309748538110000000000
0x4a246511c2205dbdb45f8416282391fe03c1ff51,309514469110000000000
0x103797e9403184b35992c7727f642c133ec9a0e9,309310552800000000000
0xbf6645d8f41cce8e16361ecdf345acb13234d2d2,308840000000000000000
0x78729e9bc7a8180a96d55f7e66c7d207a7565b5c,308367792830000000000
0xef32776e49c8241b1ae87b6609d972785f019ca2,307630000000000000000
0x89728f5e3972a2ea6a4df80b2a89d246ca2832ed,306911573520000000000
0x820b2a26558d7ae8f10403ae0d9ab809e0fd8254,306855600000000000000
0x41e673fad83c43c36539c3917d8bc52f79892724,306503360000000000000
0xb9115a9ef80253dd53b4757abcd00e63c9547298,306203300000000000000
0x0c984b561289c715bd0195cd5e2a697e408ee52a,305033500000000000000
0xa05c54f566e39989021036e502fa6f6e8fad6c88,304678000000000000000
0x000572fdc88e8b9c932b8490ac077301f762e847,303946000000000000000
0x417d0e6019a68af10f1e41653d11c5904c4e2453,303771200000000000000
0x80a4bc0903549420ab664dbc1913380fb1b0ffe2,303698484400316779084
0xc8fbcc0dc843c04365a03555c785ab2447bc9319,303135400000000000000
0xc2cfd23363121f95d40d6ba881894c91e281058f,302015217050000000000
0x4e503c235cba58ce86634f7366487fd093a51184,301680000000000000000
0xb11de82b0e8085e679ce21470164339c14abf0b6,301585511600000000000
0xc81f19af3ef504695216efb6e139ebd1938f98d6,300523430460000000000
0xf5e5e31a4ed177c05bb87d2f9d17f158ebe716f5,300330000000000000000
0xa036fbb5ea4117d4c9aa264705e326e9c0259683,300240000000000000000
0xff4bb4a91ba54cce6ea97e1efe82221575e3ef56,300000000000000000000
0x03757071d6daadec3f69891449d81804dc0be15d,300000000000000000000
0xfc39ba8e55af2dd38f5a0a0a526c80b054ca1f5e,298877000000000000000
0xd0ba7417e1d16131f0f0fae0b44278075951cf74,298392051530000000000
0x85ae4d10bb45b44ec76c7eb4559f0888d3f8630a,297897066106991410241
0x570edc8f935354660867f2daddc7dae24c1d44ac,295629860690595543948
0x3371023d3180ffd97fb8fcb4721493cfbff5de74,295049175150000000000
0x17fda7d590edeb630dc9600360704f839a7cea74,294922504270000000000
0xf8f8480207bb645c00e57914fa3842938346cef6,294840000000000000000
0xe77a640f45293ae5c926fba201dedbd40c7faf08,294756768950000000000
0x216b373df560267b385c9d959b73d01be514cb06,294641880180000000000
0xdb516dff39696a36a1ad97e91ceef061b6dca3d9,294300000000000000000
0xdb351e7397ccdaf43bc8bf7fe6519fa18728618a,294120000000000000000
0x51bb170253229116a062968ff5d905b930829123,293000000000000000000
0xa72afd196c895d74f79f9eebad4ba10dd1bf2ffe,291987319400000000000
0x533504f215e66e1bfa14c5e49b1d09660bddc6b9,291293240000000000000
0xd646d80136f4fbe72406b41351293a1d5b291600,291225081605049694535
0x047a84df1535323854ba2e480586baeda34723d6,291000000000000000000
0xf31a25e1eee667dabcfda1604e1e803dedde44bf,290371562850429161129
0x39c60103eb2fe0ad1e8775a23271f5b7effe012b,289646838760000000000
0xf68c3d2f631a96530a89f49d15396b5224d84b71,289535620434580432027
0xd8cf0f928d5e388db351819ead579346e90c2a57,288003738732629853044
0xc329624a2f7566be11a740815f11527b54cce4cb,287791772290000000000
0x8da44d49c2a08c767318f17a3c1ae32fb1b7f00d,287057292440000000000
0x46b6f96e171dc573bcc1b1cdd3689cb90273adda,286828652720000000000
0x405d1c786d45adeef14cb58d372de5f8b714b87f,286747001916656450967
0xddcee27baabc3386a44da9d173f07f41bb6395e2,285553300000000000000
0xea3f5664c94660547c4d6045f2a1a6424c589ba2,284471796420000000000
0xac65ae830ab16f124c2b113c4f217073b59ed567,283254201110000000000
0x03aab03e9aec630adadd75c04d8750e369ff1c3b,282685138050000000000
0x9443ee23d73e33a50f17c20d8f43f4c0d492721e,282627216560000000000
0x3c19f0f31673403137bf80d7e340c6d8841ca7d6,282427741700000000000
0xaad9178a1584bc607f44109fb3afd099a6e88b77,282413000000000000000
0x53877f94d66188b879e8515692ce614e81b8a0b9,281840000000000000000
0x3292d035d225319845c4a2b133119d714e3be439,281763900000000000000
0xf67c45a4d0c52724d6ea6c11a360d6726bf29226,281400700000000000000
0xacbabe688b60b84668cdfc8e3fc1d73cf12eafa3,281000000000000000000
0xca7d901a54e6e04f48c19b6511b515f26486ef2a,280225705949791679531
0xc500b0eea4fde148ecbdcab24c1e4db6eac6cbbb,279755700000000000000
0xfdf634bdc9f77afe0d93603e117dcad825496e59,278571700000000000000
0x2dacd34727d6c480192691343da5a450ee403ee4,277561000000000000000
0x81faac4a128571ce23eb493892654fdd80895470,277000000000000000000
0x1669e395485162714d04d12c1ec935c5db9d120b,276591698819531193533
0x832abb6490dee057b3465a1d2ce21712c7e1b04c,276005700000000000000
0x099cebf0c2f5de68be3ecf7ff4fa176fec6a3e8b,275712000000000000000
0x6cbafc49122b5602e98054674d2d29958dcd4049,275692638820960944533
0xe6a403d2e19d55daa2290a77431b8d3c5f0ec987,275510000000000000000
0x87c27891c9774fc6edd00c2d86d76cdae434bdbc,275289685720000000000
0x176f3dab24a159341c0509bb36b833e7fdd0a132,274985460040000000000
0x0e0153ac27e76b93afee54f0647ca35aee05eb57,274057480230000000000
0x392b4c8a7ace8a14868cadfa47e045150f89d334,274000000000000000000
0x1a1447b30b355ee6f61004f3ca8edfe0a2b11498,273406529893851746227
0x0105eb2e4c41597f71146849b0d59e5004deea85,273040000000000000000
0x26a43b0ac24b36a1cb8a378f6cf09035e278289d,272960000000000000000
0xc560016fb3d35d63c99d41f5dec7cf7c000f0d54,272635724916723219456
0x05defc8d4ce59dc7c2e4e918346290363addb8f6,272255320720000000000
0xd2c01de6dfec9c9fcc0b303981fde0a6ff4eb4d5,272110000000000000000
0xc98cd34b87ffa768fce51ab4543445ce9f8eb0a0,271840000000000000000
0x00de5ae09785b93d3d410c88b23cf756a104c37c,271567000000000000000
0x2707195779520d483bfbee8c11fad5c44a84f3c0,271000000000000000000
0x3be27af3c074f2d539bb4d85b91381f0079ce40e,270758531410000000000
0x869cfebad1769c1ba513846544c43841c6bd901a,269868700000000000000
0x0ae73027482259c4b13e4b7fb17c337a5135e33f,268910628966904050694
0x2a137ec3c64544bb2402b2e074f3414aa3105832,268700000000000000000
0xf6cd6d5b02750fa25485f852e80e5c5ecc70143f,268547278854549824424
0x0f2cfeebce005722c2dd9d78cc7dd82ec6b0b738,268000000000000000000
0x640054ed4bcb299dea26b6cb542dd8b014a7917c,267696000000000000000
0x0b038d1621339e5db5117c2a30abb82f16e1325c,267610400000000000000
0xf566d24e4340d0da6c56013381279ae5056e043b,266779415910000000000
0x55c0ffa1993fe3c04240c43b19d4e02e22c27846,266700000000000000000
0x59ce22c22103f41b62631efb0cdd4c67dba5eb19,266613273212841281450
0xb3162beea2f479e3d10aef7eec29d219951f949e,266064568100000000000
0xf8f0a7b23eaee55dc36e4bef71c0ad73f3fff5a1,266000000000000000000
0xfefa68af503653f7ff3c6506b6806745c6a497af,265776083880000000000
0xd250ca08543147a98d0748aba78cde70f7046a09,265698000000000000000
0xbed1b845e6020ea549ec78aa073d7523077b0240,265276118560000000000
0xaeeb99ee098b0073fb1dc14853c554df1223ecb6,264670261410000000000
0x6d375e2524539e69770123b5eb06ef6b90372544,264574000000000000000
0x8cf93c0c263a4ff85c04c8861c6b07a3bd7a2b71,263992996060000000000
0x64457ef0c1c7772b435941ebd30add77068b9994,262974683830000000000
0x0a9595ec239cadd5b8d3720020c42e66a512041c,262705371590000000000
0x53118dccf0075b60e5338b5bc2da3de90a46b585,262675700000000000000
0xa864f55cce864a3aac256646b947c6176de8c1f4,260730657743995041715
0x5e3cc28bdb5bdb867dc9e5415085a5aa59dc4639,260437900200000000000
0x765c42823d36b93ac532714f6934b213eea3a4d3,259714571896352547188
0xbb02b8bd7eede8af36eeb1bf4a1d4e1daae5c72e,259370738420000000000
0x80b042d26963923575fd010fa2d6814932a7ff9b,259359112284089052269
0x604f2526ff8e388c47c3f61cce3b4f083569ecae,258500000000000000000
0x7173ea3ef5323f2e94fff8b10bf33ad4aaec365e,258359200000000000000
0x9a06dd44e9005649c6c181ee75cca51d4617a136,257977460580000000000
0x65abb0cf0f84b740a53f0481eea1e411cec00d9e,257913944400000000000
0x2e81339bc0de4cd099697f9a4a3ce94bf77a169c,257294436472123610752
0xb2ba34d6cab2b94837d0473f65ea884e79e63746,257275263610000000000
0xc73745914785ccd34f457354f41aa7c7b12d978f,256416632890000000000
0x99fc694890cdecf745d30dd27e3292694d154956,256140000000000000000
0x445156e5ef946332b64eeb2056e2264b60f3c065,256000000000000000000
0x1c053b283fd6a2a461e2a7ed06e29bbd9ea74222,255707269760000000000
0xc1189851b5ebfe3d38bb72a244c7e0a6c2511732,255583000000000000000
0x7f0fa23b81159b0903be0cc876f01fe487d8213e,255520000000000000000
0xf3a7f53f3caa07fe30bd9036d422bb10b4de3b7c,255000000000000000000
0x97d861af9efe0c9b5e696988cf383eb4284f10a7,254612490090000000000
0x2ff5060018d1c069b26b60d421813c7d3aef0e24,253473749760000000000
0x27fd10e923d9b6f5a4e042551000456b524c55a3,253210000000000000000
0x96729cc5ec258c9a98f32f7ab1cb75b7dbd9963a,253000000000000000000
0x02bbaf2cb04e0ba89ffbf93982a39cb364946310,252110000000000000000
0xcd7d61b4a7f6368c37bc7e09ee89cbd72559b26d,252000000000000000000
0x1132554a3135969c273ed3444a2d24f8e5903341,250895951870000000000
0x75be69fbaf439f891f016d8f957d6243bb941674,250740000000000000000
0x5e2c08fdd23f22766229de2592693c2e75fbc68a,250588000000000000000
0xe23274b807c6f7ad796d6eabfff2dd871ee7a288,250492267992762015526
0xb195026e6dbaf6a287c303b8d67713e96d4a21d4,250312300000000000000
0xe24df244b5123878a07a04fff53f8a8da8428121,250179040290000000000
0xfcaf8f403e03802667fd41e218166e681d0d8ae7,250153580000000000000
0xd01e8b2b515d0492cc1667a137c159418a901602,250000016776964622782
0x263c06e72878ba560735ec736f7fb884d33a3fb0,250000000000000004710
0x3e1eec5ef693202f6b3f499b0c884183a2f4b373,250000000000000000000
0x93b10651755f54a94e92ef7c7254841bf29b7f86,250000000000000000000
0x6cff14ce0e853190b34492de8b163ecaa577e7d0,250000000000000000000
0x938f1ff6fc5b36bdbe013489b9f7966b550f63c3,250000000000000000000
0xfabee5af63dc76efa418de9419d29ec7c3cd9ffe,249881880040000000000
0xa0778be218084c65b0bf7cc67f61ad9c6cc4093f,249526100000000000000
0x60989568ec6bcc0eb7dabc05ea1f484a378188ff,249000000000000000000
0x4b7ebb88ac9715695ce9f5219f8c4dfbe94bf24f,249000000000000000000
0xa98d6263bab95e9768d91b0ecff341a279e27422,249000000000000000000
0x8419eace762989ee77edf43c1a12e868f0ea3251,249000000000000000000
0x3d25ccd795edbd33c5848f3f2f4cbb8363457fe1,249000000000000000000
0x0efe533c5cc9e11f78cc7be8e0cbc56674f7ce5b,249000000000000000000
0x89be5a1753e5018350dc1da96b291e28a98e8120,249000000000000000000
0x0a4f2c3e4ffe9c765943acf6a7ecb6a9067b6ef8,249000000000000000000
0x0d37993a0cdd92a1808f488369ff4fffd2deb9a3,249000000000000000000
0x133bfda58772919bb10b5f4a6f3a6ae082faac54,249000000000000000000
0x54b7a094f57ad936d91ea5d26adcee7254552763,249000000000000000000
0xbd862fbb3e8545f8fa403e2d9feed6d11dd6f64f,249000000000000000000
0x71ed9cb4a5c12ed4e6a38275af9add09bf24bf67,249000000000000000000
0xc5cc1cdf4965f6aa6bdeb9727a50542b3fd15688,248840000000000000000
0x25ad9ceab4e5fafc47773a72a3cb14efa563a644,248329275256291502455
0x0680561cf2c2e36fbb7e73711dc8dbfedb1cc2c8,247840000000000000000
0x42c98c60b1897dfa65b5039d3910624516a96bd6,247781941998301196125
0x88dcc7c2a6bc7061965d567c04963b032bc68ede,247591000000000000000
0x39be66ed4f561c2e87c78d602a9fad9ffe61e0c8,247571433720240620332
0x1c4c3663331197841ef2a1fea87c284503b7f25a,247346769130000000000
0xbab3244be945dbf94b293923e2275b2fb4fe1a5f,247112000000000000000
0x11e16588a7775a6e4f2af6eb764c17cf83aea29c,247100000000000000000
0x616f1f9eb2b120d12ecbf03f3ebc259ecdb639e6,246709909212999940619
0x2e326404215477a992bc53d0adfaf3a8929f079d,245644901300224907428
0xeda9a1898039f8d4f0d9aeb9eb288527d0dbf17b,245390145300000000000
0xab09ad7980dc445f04b31a66c06dc3f040b32619,244921100000000000000
0xcee2d58381db15d5d216b545893529c2474e1e12,244594000000000000000
0xe809b6b72382427dbad3cd4ec6ab8915a861a637,241875000000000000000
0x8f0298a8f55e551d472200dec6c157c8abafed54,241617180000000000000
0x5f54e5754ac0ead3ea3da52b456cc420a074c858,240000000000000000000
0xc7e7009fe9f42d0cc690c3281e06bccc02a363bf,239815777860000000000
0x76a8b084f3798f1c9f473e0ad261be6b70de8c8f,239732555200000000000
0x6b43adeb70527227091a2a26ffbc0f3d79beb35c,239710000000000000000
0xfc0bd7ff03159af1e3fab72a42dd2de3689f3563,239257432394921417941
0xc3e5449c1aa59af08d5494ca26295d8547c26c53,238840000000000000000
0xdfd71c237f11e445aaab12180c1a099b968d87a9,238691300000000000000
0xc1d36740cb32483cc7cc757233ccfc2f2efa5c37,238494200000000000000
0x7a1ab5450346718a438d0145bf7fa27a413ba452,238433536610000000000
0x306437b9ff385738cb6da545052d50951813e76d,237734813120000000000
0x1a079a10dae1f101440e893a45d6cd13565ad27b,237601000000000000000
0x434f25f3914a3b13cf6dd0f8f442a688b190591f,237374418546553463917
0xc07ae81ead961012f31e0ec9b2e1fbc706c0500c,236550161690000000000
0x376cbc9ebb7e58cbd53de17648afbab9453f89d4,236476700000000000000
0xcf8f3d39148a7a846e913a780f6fa7e780001e1e,236445291013986814887
0x4e623b150b847da59f064f7c7fcc9f787dae2229,236376873851698731679
0x9bfe8665550e7539485769ffba81a5cc152f48eb,236135781504717219746
0x81164d8dee17c30958398cb1908283e1d75f5fe2,236000000000000000000
0x784fa7fce3b6cf0e7c297056528134991384835a,235669779170000000000
0xfd8d946dff03343fc32a67a1beea8706225c5a9d,235223838390000000000
0x36f3302552d02e34ae18ff82edcc4b6a78cddb93,235044201770000000000
0x399d2275e218f6f531d175f7c252cf6fc01c7151,234791678300000000000
0x9d1ae4e8bbb27e4628608061cccb556c0f5a16a1,234565291374074240416
0xf9796d100ec71dde23ccc3769f4c1c2cab20f9f9,234545000000000000000
0x78e6f0edea50426eb1c20f19fd00ed378d1b9f24,234250000000000000000
0xa4bc92398a73ec87d12d2724231a66efdedf774e,234000000000000000000
0x9b73417473824bbe0e8c2fba5bf55c4be72502a2,233931240000000000000
0x305905e0e034038f08310e806950cf8a073a11bb,233065033730000000000
0xb22959fb58ca94083a18148cd044282354bb7a01,232586000000000000000
0xdb294ebacfb097a4416229ed8f608032fc6dd031,232000000000000000000
0x441eec4f3ee7b133b5ef5bd87416c40a7bf400ca,231830000000000000000
0xb790d05c5c476d022118e8ae39f58c3f8e975e43,230545930320000000000
0xd791f6e70c92fea9acf0e3797b5627b2201bb2f1,230030901121896670224
0x6f9e895010eea8a67729316896c993562733c399,229945195140555535288
0x8b99662fa2599205aee46de1152c19ed088dd813,229792800000000000000
0x9eea043ba28e7255b148494f4464be5724e0e042,229670094084748652544
0xd1a9e908083579b7b94f731540a28c0a2a74eadc,229120000000000000000
0x05b5bdc0d3e918b273dbf6d237e0ea90d9e9df06,228353589960000000000
0x03c9e5657fcabab3a9a2af78059884cdd4c4b498,228079700000000000000
0x5d708b0181e23045dd8390bb1c2b6c90a1e7956e,227651000000000000000
0xbae97ba9952e2d5a8574fc76c295e32c169d0534,227533319660000000000
0x0eb599cd8f54735a394a261456f78a85133b3cdf,226856093669888375346
0xc7805b77b899cfeba7e772c34cbcd3d5cc4b259e,226309037150000000000
0xf7fa2c902d17e39b7b50564a9a86a1c5f4f99c58,226020980450000000000
0xe02bf9845478cca94c2bc693364f9d6ad8e88289,225758000000000000000
0x6c83b921aa4c3033a0c5a127a796f35de6cf01fc,225320000000000000000
0x482c1de9b13ed93e3d04c23546b749eddd6660ad,225013358750000000000
0x04c787d07c4a9aa98e9d7e0938ee99913e5ea0b3,224640000000000000000
0x61949702094f5119496ac91d803aa825badf07af,224000000000000000000
0xf9b0abeaa778a606993d945fb25016ba7fbb61c2,223488793684741605369
0x5904d07f17192f3d5a124b93b6fe936c2d66c643,222840000000000000000
0x352a3666b27bb09aca7b4a71ed624429b7549551,222802357711910270195
0x91b061dd6d887be9aac5ea77ca8f51bcb9d8db19,222757000000000000000
0x5adf8bad79facaec9806fa91cad9228b1a116f77,222665238750000000000
0x29ee590e387f488498d342853eecd1f18b294399,222078471180000000000
0xb4ba8355b8783637b23a83efd5ff74ba9c2dce99,222070008900000000000
0x9d777b28fb019bb921fa705844fb4162110ddca2,221639671670000000000
0xa937ce6b1f77b39eb4bc7391afb7c2e7ad4b0735,221631100000000000000
0x6331f50ce5eea56bc30f3fce1863f1be6f1a99fd,221000000000000000000
0xb81baf2fc0bb7ef8a9549f407f342ac9348075d3,220163600000000000000
0x2ff191baf383ec7db4985ab0014d440baad2a7fd,219675339070000000000
0x9fc7502e8aea008dc5ab745356973b6ecd7950bc,219129244526453826300
0x664017dcf9182b31460037aaba5b9dc752edce6f,219120000000000000000
0x814f1ff71b874031834063efa04fa89744c3148b,219000000000000000000
0x46fb15862bbec0fabdee1c2a598f575835b5185a,218187926433883485183
0xce2724350e620341358218912ef40c1082409b3d,218179364970000000000
0x9b9a13f4fbca401d69c9c8e8d0cc1fe1419b3f7a,217300000000000000000
0x5ee23d0ee11d5b91f60c60ded8a027009bc4bcfd,217000000000000000000
0x389fb069126354fffed425a4973b808be2ff6fea,217000000000000000000
0xf71c9f81c091c464c53644bce320368881ed8bd4,216840000000000000000
0xea8df91551503ba58950becf6fba5a96b86ff604,216840000000000000000
0x85508d11282837bd674203ae239e6e379f534868,216759639060000000000
0x15b40bdead8e75a2d711f3a271427f009533d096,216608071000000000000
0xe3027bd7bbccaf2f6540e04deb1b10d6903a8e14,216232713422113404347
0xa33536b5fc21221d2704522b6a8b67405f649873,215533632030564790539
0x389f11e645064902531978a44a7d621861219482,215460000000000000000
0x8517c9da12be5375f68f3a30c9a2d1998b5c6d5f,215288400000000000000
0xfca3351a663478149ab5d96684f63271c70fb690,214572003680000000000
0x66b5bafcdecaa5132b06717985d9116f15230f5e,214450400000000000000
0xa89e057216b43c777ad5cd8abdffdd9ac4b2aa0b,213790264650000000000
0xdb2a27a277c4868de9c82925c2f31d146d4e8ffb,213770333190000000000
0x4b46a3ef101469b420bd548755bc89f7198b9d24,213226154166617070295
0xa9822c90f2ffd1f8fc7785db53a6e1f90275e06b,213209676563471633202
0xed90e694c2615698532607f29eb12ea511f0e082,212000000000000000000
0xecfc5d35e6fa661d3858af92b820420394f38118,211590000000000000000
0x783fe25f86c5dc61089b43ed72585d255f8ad2da,211374698250000000000
0x115b04f38884c3f78279e6d9d6f4cbcf214374f4,210730000000000000000
0x7f4b592b1c27042a506b7837bbfc38fc2ae06b80,210628000000000000000
0x3798261387aac35fda4ac5d33432b755363edbf0,210000000000000000000
0x78e199276f67ab125873dc7bddec1c84aa3620ff,209993758554662433571
0x8d9c9e8666b6df2c071dc266f02b70db91e5d318,208781025690000000000
0x26f5310504e511eb0c46e69e5070ae467d8e9094,208645440000000000000
0xd460ca8a1a75ca0e87fe2f6455b4bbc17786e743,208210000000000000000
0xf4d9f1ac693b5ef14d9467f156ae820928174dbf,207740000000000000000
0x22a1a3196e469f57708173a598233335691bf6c1,207636033558594783187
0xc075d523e4f7268c638e4576ae5a9934d1771f71,207615044500000000000
0x67e987b57d56b8ba49a2db3c87c7d1f9b5b3ba2b,204269400000000000000
0xd7c2fecb6112b30b81af2ac32f47d0324d76e487,204165200000000000005
0x298f0630aef4020f6fedb7e11410ebcd6cc42605,203780000000000000000
0xa783e98953faab66092f722904e9961106619ad7,202897550560000000000
0xac7e2a699a09a03797c49805b36ae53b892ab2c4,202800000000000000000
0xeb01cd05fb8bfaa789dca480c9ff4b4cd231b58c,202408909250000000000
0x8e48396cb1245543d4fc86b839e17d8fe11d902c,202398015050000000000
0x18df5ed26e6bd32e538581ca605830eae23d185c,202000000000000000000
0x478008b48c9f9d4baabe6ff2c2139ba906b50efa,201923071800000000000
0x7936906ff6e9e4021c8d6a641f422241ef0ab067,201637000000000000000
0xa8eeed0a016b71e037fe86a09dd37e5ad090535b,201609401950000000000
0x45bfbea4b0211233c7a5ecfb9d341e350facbab2,201282380000000000000
0x89d6bb0b2ae70d649ba7c34be7bca53ea7349979,201016407097731763640
0xe807ec03e1989d61edcf818f1a1f02528d525c89,200956841000000000000
0xc6b85d3e14b76f62c49871b9fd95673a6101b253,200800000000000000000
0x2c0bbb41e7bc4b7d6fe7ba43e08ec45f57ece766,200384700000000000000
0xe778c222e4bf7cd2735674dfbaf739ffc330441e,200089900000000000000
0xa2f2b7110e337e0b8881d11707f1cafae4b56478,200000000000000008152
0xc582899c1960f2fecf79d392e775a087575d80a1,200000000000000000000
0xa227d2ef5102d78b1f70bb52db3ccf3c45a9366d,200000000000000000000
0x3afbce7c11c7e1bf02dee0b95a4fc7e6f964288a,200000000000000000000
0x8dcae1c763c06d60c46a7dcb65d93fc1db70ae32,200000000000000000000
0xcb8d6ebe3336d2bfdbd7a813152975810efc153f,200000000000000000000
0x47a0aa476bd01479a29014a19aae3194c0195da0,200000000000000000000
0x2dd4c1a081f3ce58217bf12edd297361b17b9c97,200000000000000000000
0x86c3394fc6b66cc5bf38b37173829808af66546b,200000000000000000000
0x3c7737c1e39a539147443c629e012ab90aa77244,200000000000000000000
0x3fd0135a393ba8fd080ca13f361d3db3b01d81f7,199960958150000000000
0x6d87f51210e07e7160520c3da866d37546102dbe,199719000000000000000
0xfad92274c6080898c35d2d95aced589bc3df04af,199360000000000000000
0x4bb1ca26cb64cbd61014ff3d7eab785143099e38,199144432800000000000
0x6b053c0a83b07e8761c8cc9ec339eaa3cee70b96,199140000000000000000
0xdba3ae1bc11d7e01fe1b4899668a1765ec75125e,198890000000000000000
0x534dbea790a140022f0b2feb4d9a1b273c517d97,198840000000000000000
0xd6a57ea28a0240e809a1bdd371960499898c98ab,198840000000000000000
0xe412bf7c8ffed73b008f5d8ac2ca0e5423bfa32b,198840000000000000000
0xa6f681343132dcfe57c630314a365b52498464f6,198661040630000000000
0x81e21c855f62f8aa286f2581ec49d91dc2dd8a24,197809025950000000000
0xb01db9dd0f4d1159bc42bb11c91323a655e46637,197680000000000000000
0xe53e494f08ed2a0299137edfa4706caba7eb7183,197548253000000000000
0x661e5694671f8d37f2be9ceefa45117f8fa34322,197174000000000000000
0x51b767364beb851786466c22e09ec81f3ef711cd,195791000000000000000
0x4ccc4f5da02b17e35f286a2ea91175481b59e0e4,195772449860546682918
0xbaddf2cc18472415b6f2223ad90acfa0a73f24db,194761393090000000000
0x2b978c09e752da8a3a18c2b448646e4614393dcd,194403401000000000000
0x88273e65ecc8375ae788235ec0a58a3251fe99e3,194372641230000000000
0xe5beedb0a550c49f96b2487d173376525f94b846,194338000000000000000
0x8481d0ee7b73ae618a0a30f22bde4d826c641c70,194130000000000000000
0x939d90247390d2943e99284f7497986089edb993,193040000000000000000
0xcca1c8b800a94048ae58410eef5fef475bda87c8,192810000000000000000
0x9d155bc093b610dc5f0678c1023918dd2ea267c6,191891900000000000000
0xf37db14c7471e37ddf61fe1722be45b71c26bdc6,190995000000000000000
0xbbb0fe7553dcd0cd6c5c325facdfdf868b8622cf,190862321130000000000
0xdbf7122c0b7af893580df087eabac0b3be3e9483,190110000000000000000
0x0ba4acf5ee23f7a95561d38e94a1d9b8e50d54d5,190000000000000000000
0xde3d8a2cba13bd7d94a70dd617e3fd80ae9ea23d,189893900000000000000
0x95d988cc5bbb7d83962c06c745f91442fa9b4f67,189177674200000000000
0x2fd8b9ea9ac89a97c685ab9dc3888f3e579d8c00,188750000000000000000
0x280b6ed53353c9985add11b9a2b32f4bb44674c1,188628450940000000000
0xc2b87e9de096b4418b8468baf74720406dfb999f,188534158952413239689
0xa293e578df918e6d86cbc265ebde26269fe479c5,188318753500000000000
0x5e757f8d3721838f51dde466f05f7e664887014f,187172000000000000000
0x0a3d54c48ba1365d52406804c1fe24e7d7f5d40c,186627977440000000000
0xaaa1c35aceb35323de8c99241cda117d83ff5bae,186425200000000000000
0xd2cd7bf82bcf557a51c8682283d687e78b1a9aa6,185852800000000000000
0x5b282e0b79dc1be10a224713691684552f3007df,185404568250000000000
0xade9d57876a66216717ac2537ea5e6f48225cc0f,185220000000000000000
0x5a58eb31f8929c322f48c6ff5f7f533c8a58cdcb,185149003446811914722
0x35a5ee598eab616c386ddd757263091e3677a3f9,183000000000000000000
0xa85639a09aabf834602e0556dacb302e7e802bf1,182840000000000000000
0xf7910698f2e2fb2783df0e744aafb6cc38d4bf6a,182557229360000000000
0xe215af01875d5e496a1eb834c854641c2fdeac3f,181929644279793263631
0x56c7ae73c1abde0d3eb15cc28ca76b81cee932ca,181657000000000000000
0xf690c8522ec5f17d2771f6fe7cd4f3f8bdef2b06,181371000000000000000
0x16c7942f8e9ec534b6a4f539077d8eedc9b23231,181000000000000000000
0x17b7a984674a875522c25b7b05668d880f45a636,180726262560000000000
0xba4af53a79d3affa9ee2374ec5ba863b56fd94cc,179800000000000000000
0x02116c2376d077d492f5369351772fcbdd03220c,178878382420000000000
0x57e88d12ff99c136c723d0dea6c052f25e1d76c1,178830000000000000000
0x3bb5fc02ebaf60f7e3e843f4636048cd21479f9b,178427992400000000000
0x9e9c677a8cec17aa572892293c7dcd46840913a7,178349740000000000000
0x4841589f8266d3530c94d6f5f02db51244a68371,178210000000000000000
0x5973e1b00aaad3d3eabb27646470d976af23ac1d,177250000000000000000
0x451a813ad40baac2eab7b4522d80ac791944d899,177000000000000000000
0xe78cec7511cb32d3734c5f89af08bf3d8608b620,176300000000000000000
0x38b909e8a708925d1ecd587fa9a03801864b79e3,176080000000000000000
0x52c104ff147903e4741bde10cbcf2502e0d6feeb,176000000000000000000
0xe76676c090770b5268fc1daf522828d222fdc81a,175789410000000000000
0x15ea1493009deceb00b91bff98d23ecb21140585,175240000000000000000
0x2d3176f3af2a2cfb2aeefe53c67a0c4d0214988a,175020962410000000000
0x035214addbadab57404413a0098816bfdc5351a8,174977921700000000000
0x12ca578dcc17fdfdb98cb439d9409c991a9898f0,174818000000000000000
0xd961065a7bf713b459c560a5b153919b645def06,173104365928816540812
0xe38f669915fc44195217f132d48ded82c94db462,172890869490710546810
0x414109cae67e3451eea4bed1dddbd867664697ce,172000000000000000000
0x37d2c2195523d1f20bb079a9fc43d1da3fb2edb9,171820000000000000000
0xd8990bceaa88b860dc64a458c43a2dade79b9303,171654645224927455737
0x75eec74bbcd99375e4125426618615cc3adc4f3d,171200000000000000000
0xe7f93ff97915ac13768f7ac2814e00097a4bf064,170817000000000000000
0xf35efb769bc69f7f2cbea1fd2a148db689bd7514,170209500000000000000
0xee4aaa971a18debd3c21e808a71680ef8b100ee9,170000000000000000000
0x4e009f32b8eb6b5db55366555305bce386fbfd59,170000000000000000000
0xc89edf06379160fee1278d6ecb7f52338d9bff25,169562522610000000000
0x3c43b6cdd59487cf03e6810b36546885bbb35216,169304500000000000000
0x2074f1568e4a51244c6f034a98b76a3aafb16669,168800000000000000000
0x7f2e0fc1ea69a09644e12c82fdd7f7ffedd6adba,168705000000000000000
0x795440266c9626bba056d7c3a3766c3d2814ce00,168415228820000000000
0x9a0c7466876ac4d4a7e692d1cabc9f792b9f94d7,168251904090000000000
0xde5c9642d4e487d6c7d5d69f80a4bab486f8f1a9,168121200000000000000
0xc871fdf758e73fe35f62cc8bc5d47f1ac561a39d,168037420000000000000
0x6e2f0e1feff32eec06f3b53400a8a2e6ad1c8ab7,167818749850000000000
0xca4748925be5161c2a5b77c822efcc820d87d1e1,167000000000000000000
0x5d1ee4fc33ff9705c92fa8e3f82e74b810020e93,166798000000000000000
0x812aa6e0b46c2492a26689e5b673d2533311d9f5,166740000000000000000
0x224a388e439991a0e35dce4d29e439fb259bece7,166720000000000000000
0x83027e212dad03b61023c48b90fc3be953df874b,166697236670000000000
0x5e6ed71eeec7c830db5745bc58369986e9ce7a08,166415400000000000000
0xd315de73394e8a6c74d2b0752acbdf66727851b9,166340000000000000000
0x8b7e41ff4a5718cca279d94038aab0ee2219159b,165998800000000000000
0x2f1c0ffc637fcf4a68ae153fc0cae81c9739d689,165975503750000000000
0x43290bd6091d671e5f8a2df53d54fa4ca608049a,165727411540000000000
0xd598c572776f824b641afa60cd4195d291028c3e,165673000000000000000
0xf94b1ca957ec55f1d97a1d3bae1a1e2ee31d56ea,165169475300000000000
0x53ea6b5265403d862c60c198f8c0748b0e949539,164170597330000000000
0x01826ecbebc9dc1613411e26f1ebd70593ad42e3,164045000000000000000
0x5a4b3d1313e8b23074008554080810ea6c1c9830,164000069040000000000
0xf00f4c59d2569daeaf8773fbbf5970107d0b056c,163883200000000000000
0x9a0af7d79c652503e15cb3b83fd920ae7fa677ac,163820000000000000000
0x93300dc29122360841e841c47bc3c2e7fc8d6219,163652901040000000000
0xb8fc898ce01f46f23c494b484b8f45fae3dda12e,162800000000000000000
0xbcd9dd3120779b9ae02ad9de2802502a9b311313,162405174284129762597
0xf5290b773ecef42527a7206b335548348c4d742c,161474163200000000000
0xd54f3949ffc14806557960f89263aad7219265e5,161472292970000000000
0x212483e95d5cc8d7602a4386662a427b2ad0533f,161443982355815890889
0x4fd1e3e5e1359717b3dcfce0ae2835edab17935d,161000407520000000000
0x759b744f77b928482deee2c63a3d946129373fed,160518102550000000000
0x50b9b98e6a54221364e8a8114b986605b873bcd1,160443247071313729364
0xde463e0de4de86d1e73241269757e395c7d79c2d,159859492970000000000
0xdfb5ffacfda96af2d31f2ea66ec55663e783c03e,159851631900000000000
0x478433a56b061431d210c34d5a1144a81ef2ea7f,159451034950000000000
0x6f08736f2fb1dcd303f9fff8cd0a58be58a81d86,159441181234443409246
0x311cec487466d0bd687cfdd36784b7b5e0ba28b2,156840000000000000000
0x54bb938b181e29113692a122a3e838efe847545d,155274362923955916695
0x5f702706fd7812e2cd6b2cbdc2c5fedf36094733,155078607050136881155
0xbf5570c81ac948b7fa7a5b1e2d5cc18094e7a5e9,154914728850000000000
0x4077fd1d5c35fd15e146c9ca9619db5af5d712de,154694600000000000000
0xb0ba0ea2279b307b4b7976d3fd63445c63e7da7e,153987794290000000000
0xdca720bd80fab11bac0b6d43b2e99a956c133616,153700000000000000000
0xb11a96a5d1042cc2364492f45f65f0ee05f27983,153558861547214142986
0x367fcfcdc1dd09a2b3ad3b66a11276b2d9c20c48,153528000000000000000
0x9ae60aecd804bc8727f0aa5e7f94c22002c8d6bf,153075914680000000000
0x3a0010c7ea2d73288cbd45dc14db9fbb5cf1cc5a,152840000000000000000
0x1e727c4ad9779a1d4ce3c5d58f994fe4e0669ba8,152840000000000000000
0xd8997941dd1346e9231118d5685d866294f59e5b,152349202358732185214
0x8db45010dada44a779be864e3c3a36f264ced850,152311500000000000000
0xe8036ef334b7220c14671ab33f99de27758228a0,152000000000000011964
0x38adc2ba00e592af861c7267787941ec12370a64,152000000000000000000
0x6fe1c8abfe0e5aa55aef26e6c7dabb78faf66f51,151973800000000000000
0xf362a915743cb7b821bfc58e1004895b235edc3f,151650000000000000000
0xb2e4c33f4362fa24a360af76a627bc21a638365c,150837528010000000000
0xfa49d37fb005a87daaad844ccd70a92f256af07f,150490000000000000000
0x09c390ec441d8c45ba0fc6b5863720ce22daf306,150246913560000000000
0x16989f670c5cffb052a649589cd1b501934b9791,150000000000000000000
0x21a1d7b0d281311de265963708f705ec80cdff01,150000000000000000000
0xc0e73cf46921fe45c7d186f3e381db7984e4fc60,150000000000000000000
0x92498aef58af8586b57934c201845a0539738336,149561763090656083371
0xe448195382c109043d5beb4aabc4e009b78856f4,149403550488371623447
0xe0a3edf54964ef499cee9b3f00f82b9533964fd2,149235000000000000000
0xbe7e8a875f3d3e10572e2bbd8916435992275e18,149000000000000000000
0x6cc5d00c9f9bdc3430e634c640fffbba42bcb7ee,148840000000000000000
0x5e0e41f7c27eed5ae3d4a1372875baab11fdb4fb,148840000000000000000
0x89524bd32a0b0750babe57168c992c7527daa854,148840000000000000000
0x4f14d2cc15939d5970cd7f960c4acd51f51f7e0f,148690000000000000000
0x12b8e8ab5ad566ed264cc9a4e3486ab0a066893f,148326462082522529011
0x6a657c0c931ca196c58b91dd805bb2c5662356fc,147282555000000000000
0x05236263df8579ef39a0c0f2f9e444c43081722e,147151994070000000000
0x6fe7c6c7ca930fc65ed77af6e4523129adc25c35,147047563678143774871
0xaa97fd64f29c5b4a2fedae6eb040abf1abaf7795,147013098894422414323
0x235b7a605a58babad8c027da32a94f13868185f9,146821803284461682497
0xc848d49a9410d114470ec235754e3f09d56e2412,146692000000000000000
0xe5ef72d4b87809be7afc482a6a73fad15083d5e9,146419903298875447748
0x5c6e7903a821f1694622040a8259a8360d82007b,146070513694854268469
0x7d27763fc2805edee8d1f2c56aec9e3d3abde0f9,145711725370000000000
0xa9fc4e0475cb82c8df2cc59fb733a81537d0df08,145000000000000000000
0xebfc5eceedba3e55b154be63acee1b5b0598f9c8,144868611680000000000
0x8b903a9d9da1eed2b01f906989208b7aad55f6cf,144862498280000000000
0x7bc79bb6f78134b8b54f28e54f88ca2d0d768f62,144721362930000000000
0x350ddd6da1cfe8c4c6ed736214969d8f4d5152ba,143325699120000000000
0xe00d8887e68d510489343f0b3c61cdb7d706d5b2,143180974700000000000
0xe00af22788f1fff4e079884fb71724bf75fba92b,143169800000000000000
0xfb1e294da7d9393fc1682b12b0eb6a690a8effe8,142357700000000000000
0x89d58e989934b67f025588069cd17a8bbc8d071f,142210000000000000000
0x83760d10080ff937349c0c27173549b06fa1f36c,142077000000000000000
0x30dff665c8dabb0790d417867d406af1f6060053,142006792460000000000
0xba485cad010a3eb2acaeca5d98a5a4381d02cab4,142000000000000000000
0x5b5b0dcf72336c2ee12ec6798f0c243ea9b8d806,141900670160000000000
0xcbda19269c64b9627e0a48f43e51b4e5cf1d2b56,141792538484891874990
0x44d0d0905520c70eb69f94fa957b540866256f89,141620000000000000000
0x6a7c70506424955e27a000aa2ff2ff04b54737f8,141553589960000000000
0xbb0b000df449f635ea04e5769daddac31f6ef9ae,141480000000000000000
0x6054f39816400833e801c0ae7add6f026ffc180d,141136001160000000000
0x78ef7b67a0603defd048354da690c8ac76f34b83,141000000000000000000
0xa2c13c45e67bdd0a6087a7458d3fa02e9cb793e0,140840000000000000000
0x92855ef669f0437077726c87a2c65f34a8053f31,140360560000000000000
0xe24ca1a61f448cec3ab91d14df3886f6dd0ac6f7,140000000000000000000
0x7c90c6a6756fad8b2518958e98e2a8b9e9256692,140000000000000000000
0x5eacdf8c8b280a4aa113857b74f04404fda874c1,140000000000000000000
0xefea235320065ae5166b792bf116bc176fc76f09,139559597700000000000
0xb2734a7c18a5a24fd6ad26c57a48a8c892dcc642,139224600000000000000
0xb97f039a359c75827028eae72a1ef016891c3825,139220000000000000000
0x6ef7c8557489ef01490229b8478afe28d87df4e0,138730000000000000000
0x3c47ae91725a28684509a26cbb0d6e27c8d0854d,138425400000000000000
0x39fe3542d4ba88f6133532ba9aebc35ab033b87f,138210000000000000000
0x2296a6e00ca0e94d0aa2459e608db347d9188902,137863050450000000000
0xbea461199bbd5b2573448ec4c530843c2cc43eb9,137000000000000000000
0xcc60de1ac1901c25e1d3f63a03c3bcc594c6bc85,136840000000000000000
0x419a08e08d8f1ae0ce5832c2c914c1a08f3dd2f7,136790000000000000000
0xa8b3e02296a01792a16caf491ce52e033703a2b9,136000000000000000000
0x16e8575df0f57ad46d445cc8484b91755999d0bb,134840000000000000000
0x4620a645ad95bf1746836ff74a1bedab40f948bd,134767010640000000000
0x84c1ee4f4cb9fee4251174a41a9094e147deea45,134761790530000000000
0x1fa1a209e027ae8e2a43f7436ca1c1d63f284a5d,134463608114997909125
0x2053151a615ec011093ccac7c8b940d3b6a613e4,134023394800000000000
0x4dd4bb3079e671bb0a95d2abbdc72efd98d81079,133531900000000000000
0xcc981c9ca964db69a21f3a61912f65c7bd158abf,132840000000000000000
0xf8436c8eff62519bbaad7d4f413a477e7c4a2a4a,132840000000000000000
0x70bd8d541e3d1636a92a01d79039df01350b963f,132500000000000000000
0x084dfe112070d45a376103a21aa0c997ae41b0ce,132272800000000000000
0x9538d1917b42fac1d48458c4d30b5237e6544518,131865000000000000000
0x9bd6ea98e76ff01edc9c15c0d42c1156289dc36c,131848000000000000000
0x70dd16de061b5e388cac4346dedb8589236ec0e3,131829571570000000000
0xdf412fa3b5001bb4f61d8b18bd60100dc404f0fe,131793171810000000000
0x18577d3fa54afe1e589fe41ea2a12886bf1c127f,131480000000000000000
0x339e3212919d4f61127871fecc08d6db697abd90,130989588920000000000
0x9410f50bd7e6f2414e60b5817c4671f131d25436,130988000000000000000
0xbba6b92118712a8fbc96d4d2566a8dc2a396033a,130929396641497582083
0x6c3e3cc4a59fdb9d427ce7cad96b18601727d140,130840000000000000000
0xed3ad5eb73464c9609e3936b3532114538390bec,130817889604475198423
0xd39f26f157431c8efd236f149225f6106e4bfe11,130805949704624417988
0x2c0b375493ea5591c7961baac3285f4b1b716ebd,130118600000000000000
0xe9efc7c1e8140365dae31b65e5ecee2988a65565,130000000000000000000
0x75bcae73f1049cb988419e5a28d9f6030044aff7,130000000000000000000
0x5301faabd1bab8b863836a23ed659b617a91d2a7,129169500000000000000
0xfad28b2f06118f9c985c49e98b813e7de9c87e0d,128700000000000000000
0xac7ed9bc795e32389f5c64952ff943f138a53fa0,128196000000000000000
0x7e7fa1ba2eae15079251d528765926f3af25b332,128000000000000000000
0x32884117580f46ee1c69a71dcb0e4eddd3773a1e,127840000000000000000
0x3bc7ae1e628596e7763f421a4758cc2dee1a548b,127680000000000000000
0xf2efcde58a522f0c7359811bbecc56be39804252,127650037620000000000
0x50f929909cb4611436e5ad7a7f82e5e6a7511e38,126955892966490471502
0x22e3b30c62f54974b72ec43e56ecead817d6ed9c,126756805000000000000
0x497181d33ba423aa30ec961fd04e9364bee5eb39,126630000000000000000
0xb99848aa2f5a825e414e04aee1ad26e8954a6d97,126327829690000000000
0x4d6c5014851b0bb9c0e692104b3aea1a26c11188,126000000000000000000
0x51870859fa6d25b00c43248f4e62c74359663d3c,125530272000000000000
0xc418a8a43652ace23e12af68444d7ea99dff1f35,125450000000000000000
0x888c54f9ca12fa8e26be607ad0cffe24f2a9751e,125247098640000000000
0x0636d06a7dc8ffb92ae4b78e73b326feaec5de7d,125034627208234252036
0x8e5b6247687f3e15ecae6a8b7656e10549ddfead,123906250000000000000
0x5cfd63c27769cf3e46e511e879a16e1d36d56e82,123787911446033358374
0xa671b6d1faea4a52a13fa35590c35709a9fbbe17,123228912700000000000
0x5bd7b283c364212ef984f376f70546b2d29f8dc6,123000000000000000000
0x9147fd8d6ca3204f33db78cb50f7d9ecf2fb9c93,122840000000000000000
0x64258a8a7c22b04ca78ae63844f212611b2bd36a,121952900000000000000
0x61f55824fe6dce571b0e95168eb550bf270a36b2,121840000000000000000
0x2bbb4abfbda2e412b8863b763c549cd048da473d,121319000000000000000
0xf3ee18ef96ac4847e917c3350dc3f835a20845d3,120952448949200480821
0x527b0603a2349171e0b254965fbd3b276b9a1574,120240175058939146654
0x47e3c435e336588c1621e71c9c1fa46eebddff51,120229000000000000000
0x2daddf5c5ddf84aea54f474613d4d150a944e7cd,119902400000000000000
0x67e00a415ddc5c4e3bb38bc10b12e694d34f1ffd,119506194940000000000
0x8e7b4a521eb3688ae4609e8eda2f2e36c13166d4,118940880600000000000
0xf710a2284838074c4bee100f42c27d103f3f6758,118901689880000000000
0x3d848da8705a339f148f2d06b38192d577470a74,118577900000000000000
0x744901e5e7f41f493a432f1b365438a9b054fa6b,118220231310259770075
0xfd2fe05cde5f008ed6bb336c11d5955dd92c5b74,118213450760000000000
0x77e5b5fee9a68ebe0c63213c322de48c0eccff59,118000000000000000000
0xf3a9fdfdf9dd386fa5381faad5b262869215b4dd,118000000000000000000
0x00b19c549ceb2c819fc7ea0b6a700a2f4720f958,117900000000000000000
0xc9cdfcfa9188273393c0e710e70ff1727299778c,117848000000000000000
0xc224c76f9b4cb315729ba50b4d4eb8e6ac1f23ee,117190000000000000000
0xb40e37800ab4db7034b50131d2287a7006558f5b,117026789960000000000
0x371e5c523dff82f8921bd4023fdc38ad4d67e1ae,116303706970000000000
0xf52eb65810f940e9e0b552343428d7c3e0e12d36,116051678095130771699
0xf030c6e9dd9ab55af75e59e3ab397feff4abe8eb,115840596930000000000
0xd866874904f59902d4a3c613505a1c3d2b1e08ae,115209000000000000000
0xbab3dc3ffda12bb4ce254bd638429af8ce16f902,114939444656534596221
0x990bd0d50fa54f516f24c17f960e97c6d43a9217,113973126000000000000
0x67de831dae91aea3eead20e2282d91cf78f71ac8,113933083765092917669
0x7334cdf23bab06b4ea319414d372ec894d7ba92c,113840000000000000000
0x818990135b83054c2dda103febc861c556a05ec3,113796318357020470385
0xaaa6b1026f2be39b709d17a10bee485871ed0470,113446903764999803638
0x675270c293325571fcf019155191930c9adf60d0,113400000000000000000
0xb55d26012dd017eae64a0d91ecb5574fafe7f73c,113271442850000000000
0xb2c88da594ef5a99c418f729ef1915d2e28f918d,113237400000000000000
0x5e3342148b673a048f37801a39596f22e0a385b1,112920644080000000000
0xafe26a4fe6cdabbee85844b757a603dd17617709,112870000000000000000
0x76d6f763bafec553c38f56edf889fdfe547af065,112795813080000000000
0x0654434294f8284c11892913f8ef4e2926fa6731,112354688090000000000
0x882224933efc51d1c4374e92f96e557c76cd54b5,112017483030000000000
0xca2a952b84e33980b48c88c72747277579571f7f,111954432500000000000
0xf42047a36fadca2de466790869e08a14c9713078,111195682756524462514
0x5a72a0349efd8f0d8b71acb47e5e84ee48b8968e,111140000000000000000
0x1e87dd8a5e68f73ea56825f3071b8293b6550de8,111000000000000005938
0xc28f2f014b329d73aa47166e83e7dd0bd9d4bb7d,110872000000000000000
0xcbac8bc92388b6fb15a63c49f33c7f86694c63a2,110330000000000000000
0xc7bb99bd1e5d6a3483c97d1abe25babd8f7e3f9c,110220692766781951945
0x8cecb3a939efa891cd457d24adafa850a8a9acd4,110075413720000000000
0x3738637e29accdfd2586ea6dac7a39c92c124d05,109680000000000000000
0x97378bb5727d4345276e3914cd10340bfe114a96,109274960000000000000
0x666d8ea06302ad59788603f40dc1359c6dfc1fa6,108825094110000000000
0x865587a54cec068b24ab96e50d8c98ae78a57985,108367822700000000000
0xcdf1161b6931a6d08f2e73924edfb340d2432015,108332160840000000000
0x3305b1ccb3bbdd31cc06339b8d6a2ada426140ed,108321099693819368232
0x8aa276939b9fd58434ced9115082cf4d7488f791,107880000000000000000
0x821a08499ef7c940afc3702a51ab39052207cf1f,107680000000000000000
0x3a022a42e0f7e309c7ef672442ff068692d4f282,106996700000000000000
0x51135bc92e09c37612f69202706363be57f967b7,106961030900000000000
0x38c8d335fd54cfecf52dee90addac9a37dd07418,106955331618067755812
0xb661ad8b38888d4ee865e340afbaeb65683e6163,106732000000000000000
0x6314c414c989f9d112a807bd7f8d11551db9d209,106112118670000000000
0x00fd4dd9e499f3d7422a062703c1066ae127a889,105987740030000000000
0x752d11410038e7aab8b4de55526596aa73441cab,105849000000000000000
0x8f99fb1932430939598ccd6773b8cdc444f43c5b,105246200000000000000
0xda872b89eeeb0990bd907612d9d8ee983d2cd451,105000000000000000000
0xc8a54ae5533942bce3fb8469ff1b3097d05c4721,104785403900000000000
0xb0dbe3c7d6bc19fbd568d44cecdd50675b4de687,104559753460000000000
0x58057b924ad1c1837fe30826ac6d3a4cc47054f9,104261172220000000000
0x32d005c4312aaf06eaae99c03614dee0183f582d,103870400000000000000
0xbd6e306fb3adbd487506ef72fa9f8aafc0cdd12d,103820100000000000000
0x77cfbe5323e0d0e2a3285f31aedba77ab5f09e03,103724423050000000000
0x36243e031578a106acf7e1d10e9e9d1740839a1d,103659200000000000000
0x052d6d32eb7e29174582f5abcd064b063857e57d,103519046500977206581
0x3e0f5b9d52980fbe0542e2c6e2b9fd3abb3cd56b,102669860130000000000
0xfbe92571d93baa455a49add3be9467ba52a9f634,102603296300000000000
0xdf38dd108bab50da564092ad0cd739c4634d963c,102392815255998764118
0x5e10a8425e1bdea2b81dd59593ac0345060dec2a,102000000000000000000
0x618d29d9c64358d3e2e659968de40b3c725e86a3,102000000000000000000
0x5463eb68c1e271219c392418c9f6d3b5eb5c386b,101898351925910212620
0x17277b8a0b6ee51652065687f1ed106697d9b841,101630656020000000000
0x58f67661950dc1eff08c44ee13ee2cafe67bc0b8,101579053170000000000
0xb5809c30ea1c94399b40bdf53137a7aa1071883c,100840000000000000000
0x423f1f2d23758a6883902e95568ca5a1c5e14351,100740000000000000000
0xf77fc828133a13252544351a04a8b8190cc5a80f,100576783956105123559
0x6873c27f02b66480adb8778a0ed0a47ee08389f2,100411558057928622820
0xe9347b28006c5a557037eb6c7f268b20dd6bbfc7,100210000000000000000
0x6fde1e6d1ec23a6144812061fb29f62fb291a50b,100210000000000000000
0xea2ba251525e0293951102e9c3bbe3e740efe445,100100000000000000000
0x9b4a4b447a6de7e769d7a0a4dcf8be8d5ff308e9,100000000000000007665
0x277f2299a9bd0672d2dc650631753cacaef3f6d1,100000000000000007452
0x9bab71772ae7d89196da505724331f8eb09c07f1,100000000000000000000
0x4bd9c9f4069c94e0068e6ee08f3e41d63a0ce75e,100000000000000000000
0xa39fc09aacd5d8a53abe053adfe8bc4071dc0278,100000000000000000000
0x1842a618de4b1a57ac26cedd5660f36193b9e9d0,100000000000000000000
0x0130a24ad706b1c4b3c3e18e1f35f447542ee5a3,100000000000000000000
0xa9f9f9e7441755f775cb99b0e43639eaf9f7bb1b,100000000000000000000
0x680c2ec64eaee7c84373ec9adee25b9b191dc034,100000000000000000000
0x5a103aa64efd111322dcdb899f4befca400c7565,100000000000000000000
0xd261acf96660e4a1338fe7b271ce98eee22fcad9,100000000000000000000
0x6d2ffd7a09b0c304668e2ffc9774a89d078d279d,100000000000000000000
0x70b8ebb029ab758da3fc5840147e63adbadd0606,100000000000000000000
0x8f77b2737aac2c49be2d798c9f032b248266fc40,100000000000000000000
0x72bd08853d705d5397c1571d35d0797282ec5b69,100000000000000000000
0x3357a0743efec628723bec98342d5a4724aa7a9c,100000000000000000000
0x31e90d743d725ea57d912a67c4b5e89465d3bdfe,100000000000000000000
0xf8070561eb3b70173ce309b548a9701fb745d4b1,100000000000000000000
0xf2a2b1622e61b9b9fa86f308144365b452aab5af,100000000000000000000
0x5d442c0424ab6bb77cea0f12b56e622bd6b0760f,100000000000000000000
0x21c8d8d95b2cdac7045fdbdba2fcdc7095b7f62d,100000000000000000000
0xbafb4c1a4a8f44dbf3f4b845247ea10a7f84358c,100000000000000000000
0x29e0a66f7934855cc7e910a7ba01e5090c960bdc,100000000000000000000
0x79d1c500d957b373d87f4ff29f2ea5be199176be,100000000000000000000
0xb5bc185323e65dc33f30a08c12c0289612e9102c,100000000000000000000
0x5aec38191341a5403319b9bbc62a98b77cd45cad,100000000000000000000
0x7fbe5814b3952273b56b6c3c32dde2aa95bdecb6,100000000000000000000
0x79160c7dd0025a29ae4499d65080d8f21a27e0c1,100000000000000000000
0x330144ea53594f80dced597e5ed48bb8cbf7dc3d,100000000000000000000
0x34a764fc4e8211221813db0eb29c59e3e57fb3d1,100000000000000000000
0xdde66c74e2a2a6ac3c57229c94242524b5a90013,100000000000000000000
0xe03d879e59dd918abf4aaffdd08ab2cded10e8f4,100000000000000000000
0xfd9bb906dd6a8fca6d607ddf2534208ceab7968e,100000000000000000000
0xd2abd68e591a9bfa2d2bb28d6f4fd4c5111ddff3,100000000000000000000
0x98a0e9e9792ef67e452d043e6c799379e4699286,100000000000000000000
0x30ba2c47df0eab626862b3a32f937fff6e5ec233,100000000000000000000
0xa5ef9834dd18e655abd9ad789fca3c945fce4aa8,100000000000000000000
0x6f9aa510d35d85d4f432dccbc5aa51b53fd6be57,100000000000000000000
0x30a9cb847d0f8278d6f3dcc504e555cc9aa63ef4,100000000000000000000
0x68d66e85017440be4b1ad2b80ca0eb26ca8bd964,100000000000000000000
0x9ff263a202ffcbb3a1bfdc9e0a57643f999cf7d3,100000000000000000000
0xbcbcf229abe605039235395679f6a80ae3957072,99996472735799226049
0xff78a59b9651d208e974b10a23847b6d8d4c81d2,99887000000000000000
0xaa84a456cbe00c6f12c0c1660b87eaae34b29c5a,99848347440000000000
0x2e06bf30eeb143eac480cd57886a07bc18a16cc9,99739000000000000000
0x5dae0445cae33537a566771cbacb363dc4742af7,99714614966678152817
0xa87a520f10b5df09a8c2ed73b92680b1fd586373,99521000000000000000
0x58b7dfc29be5d7bdf3e63bc160c50842d465c13d,99300162742564540856
0x56f63847da764a4749303291def16ee780c0b73c,99250000000000000000
0x68f8a9969b4662094950c3d893d2d00b8263f421,99220000000000000000
0x567597af0de213180079905b615e7d07418fcef0,99203815045201878253
0x61217c5566df085d9b05e900a0d70b3a2db0cd06,99120000000000000000
0x536b63df4684b9468bc862c34e9c9650de0d2dd9,99120000000000000000
0x8842ca6158d0cd0bb99692572a1a1c6f6b45aca0,99048066463779969137
0x00d078205778208f69b4e604e6b6b6df96792ef4,99040000000000000000
0xa75918c55fce6ad5a18d2308a8dcff7707550302,99040000000000000000
0x839355efdc399f65a75cc37596823fd6a11eeecc,98920000000000000000
0xc26d17582814052f74bfba03ba6c95a4f1cbc533,98920000000000000000
0x2f0ee03319dd23767c20637163a2b01f4afa3e96,98900097800000000000
0xfcef6ed944f063a2ab2c9f0c7b49dfbdf2e1cdea,98900070400000000000
0x0877b62d9062c839e43e8e4fcc31cfbf2d265f21,98900000000000000000
0x03566e56d47869eb9a1c22ee4cf716588ca0d98f,98840000000000000000
0x0fdf6f860d4265c03369e96cea47e9c84b62db96,98840000000000000000
0x48f64b05328442ea81269164dfcdd5825eb31489,98840000000000000000
0x867e725dff88bfc6d270e4af7896a7b91c082e44,98840000000000000000
0xa95f2986cbcbb871e9d6c89e18c0b7ae018d1c51,98840000000000000000
0x86a5942d0da19381e4884b0282ae3f164717c45a,98840000000000000000
0x268970cbe45e83807ad0a7a1786a546d9943e944,98840000000000000000
0x7f580ea2d8d38cc3e258bc205ebb8fd117c4fc56,98840000000000000000
0xf35a6bd6e0459a4b53a27862c51a2a7292b383d1,98820000000000000000
0x0495e3b10943dd25b4aafa723e12cb3a71b2280d,98740000000000000000
0x3490739c191e0b6c9557e5959e57ac9b4dffef02,98740000000000000000
0xa3ff4810d9482269d4b5b52768141927cd43744e,98740000000000000000
0x4f816d08c3d4873b614aeb6a7bf3edf2892657c0,98720864050000000000
0x0e760dcb06fc3db29f92d275f712ea030ecc3412,98293539000000000000
0xf7a0bfb55779702f5aa3d99c43cfce43cb602093,98078945093414732607
0xcedb128f20673d80843475723dd40d1bf2d85ceb,98054099760000000000
0x20cebb9cd2e501d6178ae6432c83842ff3eece85,97993438260000000000
0x18925eedd2538d9365202faab418b3307826a919,97400000000000000000
0x3113d640be4db3904298185d88cdc3b9268fe720,97048730500000000000
0x33df0670007080a910e6a2e1810df61733fe66bf,97000000000000000000
0xd37d42c08f93c096c369e4144441297a9e7f70ac,97000000000000000000
0xbdb7283351a1f4b8148ecc106593f2464367e23e,96840000000000000000
0xca2fe123d966cbb603fd23d575fc36fbed31aac5,96785000000000000000
0x2200861e6a6c017c65c4c28c60c326863a97356e,96000000000000000000
0x3454a2bb707bb9b2c4cc249d8f1f2e724382abbd,95820000000000000000
0x910ee2f4f02f5c56ecd7e396e8acd2435607de92,95260197264024461168
0x0999c3d587349ce4e5119bf53e851fabd52461a9,95042682375572981597
0xd9dc0b1f37bc748ad090eede968370c22932ff8c,94870338130000000000
0xe08c40bffc7a9e93a8c4c73243ca7e5c6782bf88,94840000000000000000
0x591e48e9101681fe59cfd33c98f1c2344348a1ac,94744000000000000000
0xcb501f68e2128bb5899d00baf527f37ecdc5665c,94639667694647919757
0x63feb0280a9f2de914d54fe7d2b0b2a34bbf9893,94330000000000000000
0xe88dbab68774b281dd4f47ed14dbcdae32ebf869,94330000000000000000
0xd01c443823fc4192d5366a58018162437a77af71,94330000000000000000
0x1b92abd86e69b70da81ca6f314d67b73c6536a92,94330000000000000000
0x6665cd7a80f1a610d13cbdeb54a75dd00441b9bf,94330000000000000000
0x80b15add1bdfc679e7e30bd2fa8d989a91bf524d,94320000000000000000
0x150e60daf358fd5b3c5f1a6862de7715378f524c,94303164640000000000
0x03d51c3bebb363dd57803fea85d102cce2477434,94230000000000000000
0x942de0ca50d863617ac652a679e36d2a67ee1d54,94000000000000000000
0x97b12f18dbeef1d14c2506f17a02aa47640178ea,93920000000000000000
0x18770728fe5d4a8a0e3f31eacbf022f7b82a6740,93699590040474947036
0xe808e74fe18227ad0cafb084b4a1762c8ad7d9e1,93140547089771578926
0x37062a9169f1e5b3bd1a5c3295244c9c5fe509f9,92886617170000000000
0x3cef66f3e003c52f1d8acd551b4d7f76b03c9db6,92345145382150055246
0x2adf8a605d6d3dca458f5a656e2b0588dced8478,92000000000000000000
0x4802d807fbd598c45e1dd3823ff2238a52c1fa48,91550000000000000000
0x963e59579a38956d4b23b9d494c9a61d5ec643d1,91153800000000000000
0x17e8d88ff8d52a574a8e4f1731449b8e82393a2d,91084132571888017731
0x0bd776e86f3450c9259f21a17647593ba4ac7cea,90983297230000000000
0x065ae90911d47340e0fa4c60bfec7de36f0a1772,90790000000000000000
0x37be6f8eafffb14173db8e7e71ca578eb5e137c7,90000000000000000000
0x3874ec3573ea1fba6986d1ac2ab130125a92d31e,90000000000000000000
0xb186bd8bb22c4111f5f9a3757b281399445913eb,89830000000000000000
0xcedf4d3a3039870c08855dc0c614073ea2783064,89678403060000000000
0x1660d3db3a4782b607cf44c0eee3e5bfaeeb661c,89453300000000000000
0xebb254615edd3dfcb3f137c07949a6e3f4d73165,89353976502473389941
0x55546aace6945fcabbcd4549b05edcc06f9548b0,89085358590000000000
0x29d7c7462904f4ad2fe7fcc59f38b60611d5a51a,88214271440000000000
0xf8cb3ddf5d65b3da7b2fceac0608fc3f627c9a97,88000000000000000000
0xf92c355036f659f0e0cbc90ea1769f0e4da19367,87861137183964101796
0x2da3093a67f218212ab83b4f49697a50cad11130,87662432960000000000
0xbf3edd2e1580376c3d929790dd0f5a2372523b26,87500000000000000000
0x4bc2d7e9745f252defe49d18ae5c3d25224f78ae,87417416560000000000
0xd81357f3d7752feac26c134fc61f2d3a5b4af07b,86970506047764796039
0x472703b89f18c2d0d3c19e95452621fab7d4124f,86897000000000000000
0xea2aae7adce789f2388530d59d85954abf6dc76d,86846602360000000000
0xff3623678c2265fbee92ffea78d70953ee4d64b4,86783000000000000000
0xfbb4ade31cb57304342277195ce0f6ff4ec7a4f1,86645100000000000000
0x7a9103f325939b51ac717d581a771923e269f71d,86629000000000000000
0x08a452b2a21cc4f92a38f6427c8a41ff632e4d9a,86541310910000000000
0x9b862cba4ca3cfe331f1fc57b38d975c04472941,86420000000000000000
0xbc6f78920e46a5aa46e2dc87c874f02e5484c2f7,86123000000000000000
0x21b8df512f965531e2a06ae216ef268356ed64ec,85840000000000000000
0x48315be09b8e92791976a3b9ea4bb5d8b0a31b75,85808418750000000000
0x1d19eba739c99efe0184244e81fb0e3302b38ef7,85608980000000000000
0xf846a36819e46186dab6762b5afe6fa1ac20e06b,84922935270000000000
0x208a471fa2b3b62e780ada5431e74c80e4b20b2c,84754000000000000000
0x8d3be6ef722d19201d8d409d99eab490a29099f4,84579300000000000000
0x3fd583bb5098a74cef9caa50957da64b8b71491b,84000000000000000000
0x6057b528a8e89884925565b97c8708a32eccd858,84000000000000000000
0xadd1d07a76713697169a1bde807d0c6ea63f2490,84000000000000000000
0xd9a8b632dc809f91cec461a2a12bb64a25e45339,83249000000000000000
0x5548b325a964f2538fc7c2084e6f116500a9f457,83000000000000000000
0xc00f2354eaf839bcdde61c423cc0d0026dc2c4d6,83000000000000000000
0x6ef421579f467b77b94e08822b5ec03244d5e96a,82756000000000000000
0xf4756777842f0b2ada22435886365442eec5eaa7,82687452852530166377
0xc92ee58990b94c4fda935d266c3576bc59fe8d96,82589707071662945088
0x8cd74d6a1431cc8fd5dfa21da68a79d7a42aa07b,82250000000000000000
0xd5f458e0385bb35e3668bb657c8041d03c7dbfd0,82030000000000000000
0x336ccd1ea0aac88198358b98872eb0aa28346c4c,82000000000000000000
0x27c7a5e02b819fb2a7249fdb5b153d4df4b9223f,82000000000000000000
0xbe9b919e9185e3f3e972ba5dc6b280668926a2ca,81999000000000000000
0xd19ead940b26063a30204787ad61740535250532,81840000000000000000
0x7d9d892142e7ed1282938c121155ef97aab75a05,81807000000000000000
0x9e4b15a4380da55c8ce40ab2ed1f2579131ecfd8,81781985250000000000
0x6d98a7399e35c953293f8deb5cf3eeca190345c3,81556955680000000000
0x07a3d8087754716c18354c650074a42779222501,81266304130000000000
0xf6104d0d6e2172e95bd8d44036150982d86e0765,81251000000000000000
0x2cd25dd8691d159bdb3e7b2e869be5e80e85339c,81128000000000000000
0x02a75852df085cd869621070ad77ebe934628b15,81081716160000000000
0x7be0d5abc78a25db5895a2da3a68dea43ac39fc6,81026637100000000000
0xcf2f9dd8accecf1ddd7ee6422a2d9bc75d783a8b,80915571896398682336
0x9dfd3a1a11ca13edfa1cd160d5f3c1082f30a675,80667000000000000000
0x2469e7270a94b0020b47a2f73a388d7c808982c7,80335054750000000000
0x8f43ee58c4a609702418bf5e555fdd37594cc549,79999104890000000000
0x9d425093d3d22681333e786676ecf2a716a21c42,79840000000000000000
0xc6408c939d758655a654ebfcee052a044d1f431d,79709624983899069628
0x04fa5e01fc5b75644b583e676646d79c055022ae,78719271043204584135
0x607742f3ae3eeb9f13786fe0ba720a46ca64a2c0,78128898140000000000
0x3e118795305c87f82b8d41cccb3b8167eec1a469,78120000000000000000
0x10f1fc45172527750d84c3891eec6e66c648fb15,78000000000000000000
0x9dc43a71626fe5489d79680c82596a7e670d6356,77914369760000000000
0x37ca1f95341f2e6687139c2fcf698a123c678223,77851182120000000000
0x7cc3afcad0c3dbd3c7690032c87c29d4075b19e5,77761000000000000000
0xd6e06c821be40ae248632ff617e3bd0f70adaa7c,77415625052475765348
0xb53520b0df13c3fa0deba3cfdf348d4aa6d82983,77089031393497256096
0xbee73362691c5c1fa871d8bfd47d1edd9a430cfa,77079000000000000000
0xfde103fca362bfe904dc3a09aa794a385d101627,77000000000000000000
0xc950a1b6b973f4e3da5500c8ee5226b0e50d11e4,77000000000000000000
0x5134e251d04679756ab9e73ac38b21f199fb5b3d,76981720600000000000
0x1aaa5ad606caa36f41cd5e594e17bd2fdc06f66d,76880000000000000000
0xb802515bea397bdaae315fbff51a43695859136b,76854349450000000000
0x8710f2ff62bd5f8fc713a070fb57cf0881b9fd08,76771098340037572533
0x01934af08db8c6b5290331f074c949320db2f9c4,76750546300000000000
0x356ccafca2b30a410db845e3e4c771e271a6d4cc,76422010900000000000
0x03a1ef6c04ee5db2803baa375dd8c2ef638d9b69,76320000000000000000
0x97bf9aa4bee9f263ee2c902271ba0cc665ff008b,75862470730000000000
0xadf71e2fe4b24f1bb394b0e94b43e0b5093da2cf,75820000000000000000
0x0da026fcf50a680dc2ffd7a2eb8878d31fcf8c1c,75557069500000000000
0x57e94e50b60cd067811df1386124f6f799224e09,75490710260000000000
0xccc5414210aab0a92dfefdcf135539e1744ce2ee,75000000000000000000
0xe72f0a2f272cf22a23e0f1b711c90d3027228012,74764000000000000000
0x62465e4304dbeaa096a2077346293e0e05afa9b1,74379028289066974930
0xffee766bc50cf7d67bfe149105d977e8abb78fd3,74000000000000000000
0xc8df99c16bf90bfbc2f08b61e09fa225a44a9dbf,74000000000000000000
0x74923818728a5e511a17548e809c12aee5fc3671,73840000000000000000
0xcc12e5529bcc71475d3bfbe24c9d0ed5e235662a,73611158060933903118
0x15aa42f25e046a9e042f7775841eeab0a4006dbb,73241416164737340098
0xc4280f318a045c7bda1e79b2c3d258cf81ed7a71,73110776340000000000
0x70189e660ffd1d0d81ddfa6c4d07cb04228f5e14,73097612800000000000
0x44006e4eb5a1672cbf6f66f5e491619d0034f727,73000000000000000000
0x3fee4847bb593d699650894e43016c899480bf00,72702066698852329004
0xee2556bba960c3aeeb3c515b46f587a2c9382d21,72670000000000000000
0xbb0bcbc066e0e0526af500016223d3c1b0a394fe,72455881580000000000
0x1ad0f02859745f5ff82295af8c4579f34c6f5e8d,72038300000000000000
0xb88d326926ba3850e752ed86d7ce2dd7b095c72b,71453973500000000000
0x7715be3769db550e20cb505cba47b795a9ceb433,71404893429676014713
0x7208fe1757ff1108fce863bf41a07553bb704fee,71048000000000000000
0x1ad0d50e4dbbfc08a683cbe7e50eec908f332000,70898500000000000000
0x2dee8082d2ca86ecb8003ce079740a73a3e059c9,70188225488582899651
0xfb9a5b71870d3b1110a67b4c8488831975fa7a91,70000000000000000000
0xac8e86328b5826a8e0b9414130fe569f5a0b2bc6,70000000000000000000
0x8fdee4a15cfd8a7de1e65b789362843afae06baf,69946564520000000000
0x2f26466665e1288b4938765a07a740a58f279bf6,69400000000000000000
0xe07b29ec9aee889849e6ce29003d5d3fbb0e2905,69400000000000000000
0x09ec4a0b65437633d4d62d7fea838e36d308827a,69342133265790620442
0x12b630b3a44a09ef0cd13cda265a1fb0ce85d096,69248060000000000000
0x9b32c1bb40f183d9f40ef43a53b2a4a274a647cb,68840000000000000000
0x1de89be3a01cec6cd6b0b3550785fe15261d7975,68840000000000000000
0xf21e67e63569260171c875c9a7c94c40cbb14684,68840000000000000000
0xceaefcedcaaf922552c2e089bab28083167d2e0e,68770000000000000000
0x99fd77c82e651f15f1666b7788bfdc1b1b73626d,68770000000000000000
0xaf2fee4fd56491ddb44eb5330f5b8c548b111678,68343908280000000000
0x85ee9ab56a08cb5a7982e2a18f5a2b1a23ee14c5,68331158168272398118
0x3e3bf14d4e0f339babcb222b1cc1c76f69ff4358,68203905750000000000
0x96cafc56d88dc015a164b5435719e75098e45670,67739412790000000000
0x0ba59cf28f103d3008775aaf4b28184085a22040,66901000000000000000
0x9eae269fee54961f86c63a03679163c801386546,66840000000000000000
0x57f54f5e58c8f9f4fede05a568af6062a8d57f98,66798192382485774895
0x7a7b9d4b877a4a9563a68f0cece930ec388d0426,66509175549937791238
0x8c19bac2853eff95380df8899f8e237fec6fbe4c,66491194444756466933
0xd65b0aa91fea770da17fdcf468b632f57ff81d44,66307799479108845114
0x1a7894a0eec813358aca8ea1836d57a2e25047f7,66040000000000000000
0xc35fa395cd1cabf43a13d62b5e9a42f24e06a495,65977938827663268051
0xafd862fc620527f1c809b6f246c9f029c6ed6df4,65840000000000000000
0xf823109d073618daa07b86ffc8783f26b1813b36,65772165055038895963
0xa46c3b99da24fd47fa6780422b522b2739b4d21e,65359328476104246838
0x5b8e79b5d35086a99f212a15ec02d7ac8783a235,65358695680269901866
0x43fbad68d9024343f1bc6ef555f09b3c7604f5fb,65290988810000000000
0xa8ae16a1dbfb0b67f1fac0886b32cd60ecbf3da9,65000000000000000000
0xd13acc9c850e95d08934af081b97ab12148c6941,64929072197128117977
0xbb5c9470724a6521022be7f26704ff4fc9abdf33,64908596701821061517
0xebbcb52dc0de36b3d9a60070c363599e8b0f6407,64840000000000000000
0x6812e29a460e13bb89c36f7b665aff40105f5f19,64726890007549261517
0x3c1fc0d097d398c98873540a9ca5c64f81babca2,64516735330000000000
0x615da5d67e471a208b69f5d40d96d610d45dd91d,64060000000000000000
0x36daeb4f7ce4518e19acc23340ebbd986aacb71b,64041582310000000000
0x24675a5741a71f705328bcd7f3c25efd86ae0825,64013455090000000000
0x0b2a1e74a2f22d5f26c8b8c785a70a43c3df0c2f,64000000000000000000
0x5707e73d46db5bc9fbd77fc74f39438086eebb05,64000000000000000000
0xabb414a5a84cc222e2957f6d585d2081785b6d9a,64000000000000000000
0x24408dd990bb9fbca8facd91a1d3d5504c99d064,63900000000000000000
0x63d79510f84dc271d1b8cc495433c55fe69d1d43,63016692450000000000
0xcb194a8fa916a6eaa29a6d14c80a734eb88282ae,62883772490000000000
0xed59b296b117930e4cd8355b6b71920b65f06c1f,62840000000000000000
0xa3e23af0d002aabfeeb36333c47861abff02f3fa,62580186150000000000
0xf662fc481a974d723dfb8326df197ec162b5d9ed,61723974390000000000
0x93d9534a4d6f5df4e5044783d233385e426165c3,61496316000000000000
0x083571affba7d58bd582fbaf0e66548d671de0df,61428285016168162962
0x37abd9f574bc3a1cf50f8bbca8bdf550b9323155,61248000000000000000
0x0628b08c1ff9dd79bd4f118e897c571e523486d8,61210000000000000000
0xcd6fb0f81d1e8e77841d158278d64792f379b715,61188000000000000000
0xf4971d7e9448ce6ff65ce023d28ff59d8c571f23,61123246353654407276
0xaf07398f16b93a9965ea800c6ccffc1be152a9f1,61120000000000000000
0x90102f09a2fef13859ccfaca97eda9a36faf1e6b,61018656940000000000
0xe7c73ffbfb1ce04fe61346335693d260508d497c,61001653310000000000
0x58ece668cb5cb460baefcc231d0a368813c15b54,60944220784278645303
0xb3df782c28eb41bf2a6d1b6cdebdb66782113350,60790000000000000000
0xe98112169e27a38dbcb0f376dd7bb8eab74a1aad,60778000000000000000
0xee755690000950410c0f0e3e6c7798d6aa6dc999,60743443420000000000
0x387ecf87c7adb9bda3710e1f40a675ea81353115,60520980259317174511
0x02db36a10e497aaa6d45580a38ce502fddf2f8b2,60203350481630320660
0x80c71f0d55876df37c94e54df551e4e783634bb6,60184453356906891129
0xf6231d9d299cc7449526d5d42d4a36e8a26a6a00,60061160290000000000
0x644739b7eaac8bb8e0d7fbb4300f940f79c645ee,59994371510000000000
0xe17d1a3e2c5e8a37cbaee98bda81eb1904c925b9,59840000000000000000
0x26875b543ee42322e67379187fc79b6d3cf3f4fc,59796276260000000000
0x27f674a3797aa147e0007cfb098cdd484b0ab96f,59629371147527571694
0xff11a77ab28bc6da4ff7aef10fa88a3b02f67297,59528793080000000000
0x146bf090e8ec11437e9f19cb92323fa6f0dcc2d0,58379564130000000000
0xb7e771cefcd926d8f0a83bf3914fe8686def432c,58093777743745050415
0x9e6f0a5ae1c74f44d7bbb7d1e829cb8bf0cb802e,57858650350000000000
0x7e3f23a67c8488660cccc0a6b12fc8eed96de884,57841474545473100983
0xb7391bd04246e1b8a300fa9968a37dc6e9f0d66a,57600000000000000000
0x031fe14f45fafccc84ef51e7b7b4cab532a63334,57471471587998726885
0x6bd2847ba813b5c2910d9c222dc2edecf2505d12,57000000000000000000
0x63ee55db0c404827043a5397f48d0c63913b01d9,56911256790000000000
0xd0430acb818fbcd22af469aa52efcd7df67f43fa,56840000000000000000
0x945005cd39125c4cc6fcf9fdf51882653a6fa556,56341871674562981096
0x38efb8115c311782804704a6ff9af38ffbe3bb2f,55974198440000000000
0x983dd63e3613798979a466c1c560ba9b47eef4e6,55935100000000000000
0x77c8f801a98b471ad99d772109ff9ee7d4ec9a0a,55862998600000000000
0xd79d679eb7d01c0f8fd2b4cdb46edd66402b588a,55845000000000000000
0x3be52407ccef1a76fb905d8ca86a7493aefa1044,55825539911463145718
0x4683f30dbeb6c421fd5fd5c20a27ac4e2ce7d3cc,55556448059545683243
0xe963ed40456fb3a2bdcd58af73bc51b2fa3aed86,55000000000000020862
0x0c7ad75cddef5307120702a028a4c3ec1153fbb6,54847000000000000000
0xf937db8b1eb7e3fd6ff533e55f6cdd4171a6e2ca,54821014730000000000
0xb649716c61f9c2e3bd4763c150e84dd8e8d45f97,54700000000000000000
0x9bf5331ca5b804bd92d8b3de4156b7ae0798af79,54562819970000000000
0xd6b36d58bb4e1e1b6d0dfe3720abe17b2766ce38,54496538950000000000
0x4f02603d724e2ae7c62d1c960a2c130c31b475f8,54181816342003217161
0x030589857f6e3aa1040e841ab3c723a3f2aaac7a,54000000000000000000
0xcf2760ac77b19de6f900d4142ec1298b6ffa10da,53840000000000000000
0x43717f44b008caddc63d506f82af7ad6a684ab04,53766438341763643055
0x9b54b525643f08f92543b4aa727a13a9a42aa4de,53422767969568170032
0xbd9bd337dbc8667f58240de6a8c111a562bc9294,53401288540000000000
0xfafa1c727314a6ccff26e5cddcc599920a6c8446,53000000000000000000
0x640e4296dd3ec25cbcfb48af5147e9204b234954,52967212543320370971
0x04e48b57dc8d10c0a3ffa7d9dccf9e6a2375d4b7,52906000000000000000
0x852134a8d12910a6d615b774186b308937fd6b98,52396200000000000000
0xf14d108ac4d2f65f388df58b126be11ba4f5077c,52160386400000000000
0x8436aa043d8a7cd33d5927ccd2e88695f516a9c4,52096224480143462963
0x4b5fd67fdddc8ff8e2d7f5bcc0ee42befdce47b1,51932000000000000000
0x382ffce2287252f930e1c8dc9328dac5bf282ba1,51888278002535702425
0x3989b5996e4daeff8f674059a3307d2186465d40,51807212540000000000
0x81edfe768aaa652f0e9a27771c4821288085eb7d,51788012820000000000
0x4d0c756434f85887189ca96cd796b9e6b0a8e156,51572803323037220853
0xe417f8b69c4d84fd0dbe3886005dd4c6104ecee8,51390815550000000000
0x222ed0f31cb1534325716ccd8a3b36c371b257c2,51266600000000000000
0x2c6650933d124f12d17dfc2deb5718983378b468,51071314190000000000
0x66a7c7873c29684606c9365388f13b01c0a98c61,50960992275205223206
0xaa40a14d1cf40de93997e4b21945e8d84271c91b,50936866607613973612
0x8636177c7bdc412641f517f73f274ca8e95b003c,50927000000000000000
0xc86e934140a1be7c5166607354a089368193126a,50840000000000000000
0xb5cbaf48693dd1f7a4591bdfbf4b8d9c237bca3c,50749146797419851469
0x95ad5e2c65e0b9927ba2db93a8da02db65b57c71,50549227300000000000
0x951ed432ff70f9146af84f46cc15cabae6e211f0,50246178540000000000
0x49123c28fd7ba83cafe9bc2e7c8cace803de02a0,50000000000000009656
0x49056da2a91f9ed22bf21571ce2aabda3df754f8,50000000000000000021
0x802dce619757e6f3078f3d1b1726746abd39f5ce,50000000000000000000
0xda218fd737f6bbdc299c27c13418d55da580c4a2,50000000000000000000
0x09e79eb6fd5826f73e999d63f7fca69771591f87,50000000000000000000
0x71770ddfffeb5331447280f1084f8239784962a1,50000000000000000000
0x0cee3edf374a946c3281c6c77c3b133f2e22167c,50000000000000000000
0x44d78e9a8bc789cb3b9b69616471970ae52d7ab6,50000000000000000000
0x87a31fc830f51bce3b5108e2b5a6e21a21214dd5,50000000000000000000
0x4e22ab2bbcb3e7f74249c87f62bb35ef92c3d964,50000000000000000000
0x79f000c6ed1054ae6c9e61e25ce361d48a21e39d,49946299221357460124
0x8205807077cbc887b3c683003a1dda8fe5afabde,49809140000000000000
0x08d14aae50b7da86379b7f2c611cb7c4477bd41f,49320000000000000000
0x78137b2a3cb75815ac5c7b09ddaaaee843ebb0e8,48978023121117697629
0x07b925663e8e3a25031f4b6721cc3284cba55b6c,48880000000000000000
0x115e604085a2872ac3b534654c89335356d5a901,48840000000000000000
0x820f553a81d9aa1e161f576226edd4e7d0c5775f,48840000000000000000
0x7e4f1cc5b80004ba55c91ae305cce73a3a498782,48840000000000000000
0x435280ee322f0baa19647d5f1b80b0d4ca7bb97c,48840000000000000000
0x0bf3fe9f8998114017e81e7d85da968aeab90046,48840000000000000000
0x741a534634579d7ae27314aeedee2875cba80cbb,48797049881900656346
0x13be3dc0a144ffbec4ed6a5741782d604abf48bd,48704420534452363291
0xebadd729eda88eed58af3afff50ff105e2077063,48494568750171107504
0xef28e7df888a88f47aa07dfb5bc693d550a7f63c,48331806400000000000
0x6ea622c1130ea4ba207babadae1e0722a3ad7224,47820000000000000000
0x9be6d69b342c874c55a5ce4f67a30a3449782425,47820000000000000000
0x82843da0ece102c38a64ad6a5a030905de7f8093,47387160000000000000
0x89fc15d5a98d8eb6c9ceeeb29b6cd5e0421aaec6,47374373062315041064
0x5ea64f78e0442546de4e13e72cfa11decbc7510b,47331453338440890970
0x92c5297cca06daecc8645a15503fd194f823361a,47140857130000000000
0x3cac64c2613fb13c6fb653af276d14e5e163dee0,47121358310000000000
0xc146d3fa0f232b15c7b7059f8188bba8dca734b8,46607088630000000000
0x07e692e7d6277b536f04ba01b6e847b0409f2b90,46478124801892482846
0x30cc44ce448da0c6e079a491d120444bad250a00,46440000000000000000
0x20f15a89a5e7106d4bb016ffc958e6eeae35f229,46376500000000000000
0xefd2ae5c02cbd859df7a7d953d106049610733bf,46299869950000000000
0x48d49006c0575f52dae9008241ec09ad77370dbf,46246223460000000000
0x94b728c3cc4d43077d653373b4fbf5031cb258d1,45949844470000000000
0x84716ddce2c3216a4f3bc0f7d522ad5833270b64,45930000000000000000
0xc70b4c07e30ba98c7c611ca132a5b1c7e1356a8f,45308438900000000000
0x1f269bd3b6b45cf1c93ee3286372588663348714,45055000000000000000
0xb766ba76bb8e3f83dff6452096a0bbf4359e36f2,45000000000000000000
0x1e7fd03cf256dd5c77f518af97847aa766b2ce88,44907339830000000000
0xb548e591613852ea5c336bafa944166badb30722,44886407640000000000
0xb7ec413fbc1a3871a3044e9540ec4b361cf03d73,44875609890000000000
0x32f9c1a60d2322faf323c25b995008f4bc6005de,44438880153150529285
0x89641b0bb90d195995b1f5771480f4837510f631,44397231330000000000
0xbe1e6fc29cdcd88662c750cce7e86f0b6881a446,44330000000000000000
0xcddd4c54f5004fabca2e070f3d570142a3be33f4,44180000000000000000
0xff8a761c3ab1d1446ef244773ecddb20eab16b17,44115934270012370907
0x058f66b4557ffb69b1b32395e79463f10c8711da,44076995891799203741
0x50d7219be07beaf560373bdd8269a48a443226ab,44000000000000000000
0x28f29275bc37fe59b75266fc29dacb2562d79283,43536764774714954988
0x2a93beb45b296dbd53f783aaa9510e76d99f8fc9,43419954260000000000
0x05f186469b32ac7743fa5b2cb32eddbdef486110,43173490499997271867
0x564b68a41d0a877bc9a58e8c44afb384ac58a021,43124284180000000000
0x3814c8dffc3c278548b258d2af0d4a84acf90afd,42229134430000000000
0x134ac779c165790714f4267255464d96431962c0,42198114420000000000
0xffb5302616751700b06355e9c73afd2dc648b2c0,41961749860000000000
0x60dda612d10568b5e7770335fb5d0fa0fec167ad,41220000000000000000
0x805b8f5f8e9211cf8fbc1018a83b0f53a1566fe7,41000000000000000000
0xd79613ce3f6c2fe590431474b8505447b8308082,41000000000000000000
0x83fa4ea5d4b41c6c731340e2ed452712ca8aa8d1,40949000000000000000
0x1c4825951dca6a281ac49865ab728d57fae8aa7b,40840000000000000000
0x09631a9fc91aac93cb74cef6808f5d5da5b47076,40000000000000007820
0x26957109f49134c73dbfd686ee3d0c20926d504c,40000000000000000000
0x02af415983a93e8b84fc22ba6ca0803864b33cd1,40000000000000000000
0x5a3f0c478c484c48d9820e38923fad317a21a744,39954323050000000000
0xa836f23b59f46353a78387e5f2f85720c7532751,39840000000000000000
0x30043164ea8548519a16e2397b42f864769e1637,39840000000000000000
0x8ce4cc9ad7aaac62cd1c781b18e3881fa566c92d,39793131378346462851
0x4a5406fbce77f20c1af9500c309189eb694d4137,39621558446457578700
0x9f057abcbe50131ff3d58ac2667dc0f5cca8203f,39572000000000000000
0xb0ad5b34325e5c5c2ff5b2c53d594e9af9ab1ad8,39545211588283415515
0x117b1a1b180f1b53abb348c6d53f90837a3edaf8,39324072911749715060
0x94557cdb7b86b22b8cc85b0c1b1c915396f23510,39033814580000000000
0x68354d590eaa13d1085a7b77a7fe61150754f991,39000610000000000000
0x979d2df1dbfcfae32b6c462a2bf84f518a324883,39000000000000000000
0x5ec6af0a3e7b7e93b1e98c329dbdc31e05e32b05,39000000000000000000
0x2b6cee047db9417ca6f39f13dd3124372725eecd,38573889570000000000
0x4ca95e782389c8b69cb577d6749c3b845bdce1ee,38000000000000000000
0x467da98eab7729288a7f09732b278db11c9df9c5,37876000000000000000
0x0a871b09aeb9486a05881eaf5fe983ea399fa23a,37680000000000000000
0x1e809646b906fb89e328f439b48999d7d566cf9a,37470514186816794505
0x6501330f260b4a07f425b087a5a7e50c41da2e5f,37330000000000000000
0x9568350fa05f4ec9c7e4ff3f4689534f41624501,37319736150858844693
0xe900f119c694a9e339e758a7606ebcb49ab27378,36922557560000000000
0x9f64f76b95f4b3a812c3c2efa16163fc86609cef,36751997130000000000
0x600544c9854655aacfa7e08e19271c8cc55f1fc6,36618739140000000000
0xd26007ac0a81fb9e30e8ddd10da2d1ac939f3d84,36570000000000000000
0xca5671de483493f857a7c8709e461101a619c08a,36509747820000000000
0x1df9af1fdc00d4de2fef59ece9b4671d6d87e9a5,36475287200000000000
0xc0a257e76bf6b232a533c61f4a9ef03bfea669f4,35848630343081759370
0x9b69b82b91d9d610d53b41fc69146d6f96101be8,35817943925335513740
0x1584b75739db62554bd1c4c5cf22fdb286c029bd,35593835112406633486
0x00000047bb99ea4d791bb749d970de71ee0b1a34,35516712477068116205
0x55d8b3f241553648812fb70d20b3a6826e5e4ff9,35486077400000000000
0xbf1ba8f22a3b17b6b12d4abd4f135902643fa14f,35225070606272729622
0xa7856436799b130d6dd99f8e72272cc4f143cb56,35177710316961627183
0x3ec534996b366a339070168bf6395255145c68db,34608198530000000000
0xd1f996b20ec2ea12b4b8acfbd5b99d786405e690,34477007242741535390
0x239ef989c3260f1d965b4db384626c35aeebf82f,34000000000000000000
0x888416ffa469624f49b82dd8e6816cecf1d6cc6f,33981511960000000000
0xbe084d78dd292aceb0ed9e86ee0eaae6679d1f53,33853075554312710865
0x1b92ca6fecf70ed3f54ee2edabe7ba65cee6ff8a,33818928200000000000
0x7a38342166098790ce58df1875681ca5309e82b5,33640057355672532225
0xd8ea322e279f983731ba42ff1a83650c033192e6,33336900000000000000
0xf0c4126ebf63f9763c2a0bc6a93264ead0b9f1d6,33243018300000000000
0x2be336fb62f5589f595156bc3442dabde7c4f927,33193572200000000000
0xac6b9ebcc692a0223f3dd31dffff8519a773624b,33150000000000000000
0x2ea959f7289e4a2ac88c12bed89d3631d4036f2e,33000000000000000000
0x520688b0e769145e5cf7cab00e06548b3389e54d,32950000000000000000
0x100e6d805145997fa5d7323142c0bf635cb77a28,32945200000000000000
0xa29a020bfcdc4396edaf7e64821d8c23cb9d70be,32205868549397864618
0xd71c3b58e58d5932758e366e8dead36da6def482,32137530790000000000
0xe398a529dc871516fc174279fc13cfd0dc571288,31769700500000000000
0x069aa25a6938ecb188408996c81d9b948bdf65fd,31604505130000000000
0x8d836ec8246b5d702396fce5cc2a931082246ccd,31154300000000000000
0xc7ddeb65169fcf5c84223a0fc27a9f0510ae21d3,31135306335336681450
0x20c312e3946c4e7482b60488c8659415055be595,31021028228526263764
0x71221fbc841b3901434b2befa87aac7081bf8881,30573549574617404100
0xef0465a184225e04ec367baadf1bf62e3a5b2801,30557546377910334124
0x620bc67a004b4d9f1290049fe50b4eed6d16edab,30481229110000000000
0x634aa0a0348acf39162eb233679540b6e5825e4b,30064961750000000000
0x25f8d1a407f09a09e01875c08550a5dcc05545c1,30015069400000000000
0xf23dfe110781e20362a8986c36736fcbadb428e3,30000000000000000000
0x1d24a2f2827bd97dc69897d5371721a536801495,30000000000000000000
0xc0d0241b70aa9869145661837e388091779ad874,30000000000000000000
0x98e71761bdb679eea02b1ab0736c426c25471030,29907760838530398432
0xf8235a77a6ed07b97c2887ab1745ef31e19b3490,29840000000000000000
0x63591c21e42b09b260398fc4b7d41aea7de795c1,29359418677680948508
0x11246ebcc5de943d1d7c96ab2768ad8684ff07b3,29230000000000000000
0xdd06e436e4f37f38672fabc087c3171f304ae187,29173976382912073313
0xdae5cdc400ce61c25725692c199f52df0f1640f7,29061097690000000000
0xc3634c3cc747f42b36b74f72b1e36733be0102b5,29000000000000000000
0x143a48e4f2d423962d3eb650ac1bf56129429d39,29000000000000000000
0x481a5b52dd8397d5b6ebea258eecaa908dc608fb,28869846230677391917
0x9d2d6df8d7757d5eab2c80465164c58a79919a95,28574811240000000000
0xe0a616c3659be29567e08819772e6905307adf21,28078407649369490103
0xe5471beddff10e2f9a9eaf0c7233ab500cc4037c,27934368900000000000
0x914fbda40e436dfeefea3286d092af4ced7eca6b,27775163853122172399
0x5bd3b35faadaa8024d83c1a661baf204312dfb3a,27498875309072783594
0x3429d90f5f5e8b8655a2063357f8d19d47157918,27440000000000000000
0xeb585dfe6c21fbfe63511bbc800c3b8516c550d8,27000000000000000000
0x636651a7b0a67c059c9b5958d21ea4ce583581b9,26960000000000000000
0x386b4845571a39d7effc88655e83aade3a140f27,26582005236979169790
0x128306d7599c597b2489fcd62cd59a2a9cf0c490,26476203907496319985
0x202f00ab1d81f6373549843d88ecdfd926c9f438,25962000000000000000
0xb5084b1024aeb7d30a6abecb76df5db73b7feac2,25840000000000000000
0xa56a1435a5798e0950784ef075eab9c2016d912f,25710000000000000000
0xdeba98043f24ec46091705bbd9cb6161a985045d,25700000000000000000
0xf5f50bf6627702c1f44bbab4d08bb69525e37426,25306994993576190990
0xb45a2dda996c32e93b8c47098e90ed0e7ab18e39,25231907930148270390
0x42a1bf8e9ecd22f581cb134e53f6a0081ff4e5a1,25105973719128876214
0xa9e5df80afab4e79a07a6a400dc7a838237b47ae,25000000000000000000
0x44ec23bf6ce121e1c5209dca792278f600feb75b,24953782030000000000
0xc285d0a72a2f4971e388f3f89fee915150a084dd,24853938856064698208
0xadc09c4729db315d4c1b3eb5063204fd0210b17d,24776859872543414367
0xb41745cbde1c96005bb62f026a2cfbb664ff9411,24680000000000000000
0xd638e74968adb539c2bd34bfb65671ed9df85e02,24667000000000000000
0x0ec28ca1386fec3e34c584502d64f5f02c51d165,24330000000000000000
0xe9b2f0bd7438242dbf279698ab5fdaa64072ee26,24210000000000000000
0x36ca152339a6616f47ab7efcbea6d8cd9d019ca5,24120000000000000000
0x66d1c16c23e2b1540754e5f4c13e8762a8630dd2,24014237207686211393
0x2659a21f819de1d34f9acda1d2dd6ad12f3cfac4,23883642958546704177
0x27fb4258ddbb8ec6686e7d8c110a6488791a8c76,23813009290000000000
0x78cbbcaa85126be8b1e63e1dd8d353c68ca7e68a,23773167396484073570
0x6a4768081bd3d359de472afff62bad4eae7c745c,23737623510000000000
0x468fe7802a43ce3eb5d5f6859d892296f62a3f45,23639943233641083959
0xcdcb662c52daff69b697eca33718d434add481d8,23600000000000000000
0xa32c31f9551b989f6a91a48923a159de6f634d17,23415216405037768542
0x7365e37817592d433b6cb1f8fadaac9e902f2f0c,23396122014080869694
0x0968c0d9c1e8d2928d58c86e52edc2a1635679ec,23380000000000000000
0xdc2263a777ba3d950b95ba674c918006bd5f1123,23325233998620066533
0x70de2ee1785744cb07100f41486f790355578471,23077784327712280966
0x6c9613c918e97e95fba27e05e3daa1fb97be6167,23076047721170452349
0x08d0c753ec6fd82d5214dafe14bcac26865c59bd,23000000000000000000
0x1aa3f6d729e19a9d9c2cbb4ef2d01e6ea997cb17,23000000000000000000
0x7be85b7bf628eb6927c16b0c2ca3abedfa07c43e,22610320454746660127
0x8b1f4432f943c465a973fedc6d7aa50fc96f1f65,22556706918078072353
0xe1d37eedcafe86753efa5cc27b47d9f3bbcf3089,22273039420544378013
0x75e3e46f7c88d3fd8fd60b761a9a6f0bdfd50d85,22260230594451079701
0x829b40ca9f8573787fa264c330eee685286afa5e,22171515620000000000
0xa55c15492b264584fc9d2ad2e51fd718a4dcd5c7,22141180226984371991
0x087fff32327599d583580f18a0ae153967b94c0c,22000000000000000000
0xc294f31155675082ccc767b213ab9566d357c67f,22000000000000000000
0x53754ae92a2620e167c02bd42f54d46e90a60a98,22000000000000000000
0x1e0d9d232429997966a5b2f470390cd11c92a672,21992801355335384037
0x87d574b1caf690a166b6fb3c688d6d148e22a76a,21771939683590495303
0x634e705d1be2d60f376d2d64e57e94f57706d1ec,21570996810000000000
0x4ee86ac4a98b007770b1372bec8bfa7ba5ff92d8,21500174530000000000
0xa52e8a4b6579611b443f3eb0a6e6690641eeb917,21320000000000000000
0x2594c0356ff246a07e9812dee8b3f423881d1909,21260000000000000000
0xf097ec5f4fe096fbc93d2bc32eb4d5720f17326b,21177073190000000000
0x2818791a99726d97f0a8eb80371cb57def5c0aee,21176100000000000000
0x72ff58ebe2ed44163d8db36f4b6c40b868b99b49,21033459120000000000
0xf8bb9e3daaee6b771a22e4029f427b047b598bc0,20712598312908000153
0x105d18ca834b09f860f7836f901f01b7251c68ff,20657652380251552952
0x1e73d035935cc3032bc3ea5f5229346eb275a1e7,20421554700000000000
0x479aeea3507916a6bd7501820dfca4ff2fbe5e6a,20062007416009173438
0x834762a7791b8a7ac402cdcf0e4e70356208d2ba,20000100000000000000
0xa620f058f5d124b238c7298225a691c87e5d679b,20000000000000006862
0x50735288bc1c56afece583790da81f9b69a90f9f,20000000000000000000
0x268cfd42c4b2659ef990711dd59a71856bba208d,20000000000000000000
0x548d32d8b4d30d18e39b2551aef423ded6f6ef1a,20000000000000000000
0xdf58644f63d343aaecae62662575a8fa376353d3,20000000000000000000
0x48f404652384cbbf664b665af42b7752a97a6bba,20000000000000000000
0xd01d3b74b271241f8e7f9f9b5de8fad60c288c18,20000000000000000000
0x80a2280b1709c6707356220578e8d05ee1ab5b37,20000000000000000000
0x42ecc7474f0dd5ea9edab67826ebe5ccc25f87b0,20000000000000000000
0xfe8ea5acc6d487e8aefb9d04488bf2d74bfd77dd,20000000000000000000
0xb39946cac35bdb328fcc76f24dbe16377d88ee90,20000000000000000000
0xfbcb52e269a4a17685635062858b667d1d0cb152,20000000000000000000
0x05dd5eea288089915a0bf60ae6c2c886c89ec0f0,19996000000000000000
0xeb4af8a64070ef0dea6260e0bf2310748f014d88,19781596738717676833
0xbff036d1b7381fc9ff60b494cde69225b2f92449,19758484044214936450
0x244be596e73bcb313c45ba90fd0f74f53c4e9582,19751017680000000000
0xfa0421d0e95eb4c15de602575b1b6b8b35de937b,19745400270000000000
0x9f9b3476bf80d5a1fc8ff4e152ea72f0691222f1,19529674020314697559
0x052ba5bafb9c41869bf700ee760bd101d1ecffb9,19279700000000000000
0xfab49849d6fca41153159c50d24b298d54e73fb4,19242914490000000000
0x8d8a1db0e8c0fb2617b70b137c5e907106bc5d52,19238000000000000000
0x2540061d339c32f4615da4a32fcc2a4eef4a6eed,19101939250000000000
0xa9740a317a5c0eff21a6c1485f7600088d2f2c01,19093552503287470204
0x2bbf3406c4e04840f9a97aac8004c23f716f0868,19000000000000000000
0xe31acc59e74599fd2059071813adc3ff73ed654b,18984000000000000000
0x73bb224b888afef605ea8a306bbdf765da03fc29,18840000000000000000
0x38bb9d45a11e6915021fd045e5185e6bfe6967c1,18840000000000000000
0xab756897052e39122277aaf6408d84890c5b6697,18784080094575280959
0xbe1291c71ea450ab69b39c7e91c6f41b12b95f25,18570593612330825635
0xe732d7db1d6b9940d591b2f048acc08bb1ea8b0a,18452399864601082269
0xe311d872cf0dffa95f4c4702a1b6eb739b5fc198,18435279048224173086
0x7720a5c94f43f8d68c42c3cf5588dd9c74a6a848,18328471780624279178
0x28ffd4da35ebe4030aeb8e169b11e55ae17549e8,18300000000000000000
0x896ce8df88454fe99872730ab685ad71a4d4915d,18171354950526804605
0xc8bf0125f4823038857a03bed095e7be983b93b8,18000000000000000000
0xb9da48a9a95527f16fdcc738b5f2bee361bfb09c,17965236186247517744
0xc0129d0674d712933ad4e5bdb1d7a52ecdaf0f8e,17932452456958823727
0x7eacdee3979db66f3b9561615d742a38a9fca392,17901340738612819606
0x483c9437b5a8693a726c6353803630e31e54ca8f,17797536814717471212
0x6b75e58f2f98c86f6a682c94d551ba9aba37fd5b,17753733110000000000
0x003f855614ff55ecdd9b81f58d2f066933004d6b,17680000000000000000
0xa789e19e3fc46ae166cd03ea419ce358250e8802,17663756768158074107
0xb2ba043ee224a0b8802305b35ce2ca1e4ca4e223,17484412455567966671
0x9767fe305d1b028678bf8f20288eb6c84b293249,17452477598949996494
0xd9b73f1b98a874e29e362ce9fe3b16b0354ae9d7,17431634568063898582
0xa983835311e5a2327ce166dc7a50a70d6d124a70,17411301197378817692
0x471a18a60314e9030ada08fc559560917865eb66,17387535681296953750
0x7f895dfc3d6399dcb84dab1345d843d6ef9d1b93,17170081702719127989
0x30073f6fb0b004b92ecad66899714230a26c1f6c,17003105895496090666
0x1c23788dedc21cfb15cdcbdb2931af3ae365aca9,17000000000000000000
0xb1975186d8c253c406930b42fb74a96d89882f8d,17000000000000000000
0x87bcb2f4256165990d2ba6d114dc1e06af1b2a98,17000000000000000000
0xe33ee23d9660db5ac16f927e161039bb8c36f3df,17000000000000000000
0x4e7ab79a9fb27e66818220681e5dd926d723a572,17000000000000000000
0x7ce125eea1b8489fb4abe6281283f5c621c57f5d,17000000000000000000
0xd19e2e2d82ac6872d76536dc26bc9cbd55a0ade3,16977901787129879248
0x632de48ceb6a25b9e34c198bc179abf18d16c2d9,16969231970000000000
0x47d2700f47ef14ecb2569839c59407da5cf85bc4,16851237218395500322
0xf71daf59dfe3d0e6c76caa0341fef7e5ab3d34a7,16531678883753850079
0x9c18663a39f382ad3adc05d4d62845833fccba87,16421000000000786433
0xfb581110059c617741fe8c794e16893eab896a1e,16182629107900141082
0xe1d737ffde71ed8a6dadd8efc36e017f5b8dfc03,16160244515556624988
0x6088987be8bc6c41777b1a6a8a0e1d559fd25078,16143714755115869006
0x9ffbd269a9394369b05b9b8b68b934873116c1e4,16000000000000000000
0x1c71f9a0d26a180936ec089a2e6f67ffe56f6def,15943709866142092383
0xadcf45c87bb9945518ae2d8e94f3f4592718bcf5,15865863434275821129
0xe759c2748ad919552cdda53f55c27e9daecc9c99,15840000000000000000
0x01fa67592ae7747cbb3718204c24ee50abc5e1a3,15780680623666535085
0xca10953e2556e8f34a44d975fa3dbac3098d7a06,15708160420354741085
0xbd795f1090b87ea10b8e724e37314fe3f2918c60,15677096333985295369
0x6aeaf8546e7bcc646025067b0868d605232f695b,15575675179480011764
0xccb0915fccf7c19d1d3bb712d615ec52e042fcf6,15525768322892047180
0x170c792333916476e33546874ec454619f071c2b,15472650000000000000
0x79b745f73011ee8339e1ee8e6907a42ad6409d86,15370909330276468385
0x9965ae2cbeb6b03d469edea6dc5fff152dcb3951,15306717243010658878
0xe80c203db2c0e450f1427b859ffeceb6a4b0bd5e,15122174253234981860
0x3be8addbb3c290d639054cd60b2a002ef63b5bdd,15064750165600263248
0x732081611cf0eba92f1431a519a637a5592bbdad,15064386231641160835
0x3daab9454c4ae8545e30fb49ed3974ec772dadac,15055897029179355393
0x03a5b5ce227904610e5d6acd1884c911a15e1e3f,15025025925990527659
0x95aa91fb5ce1c556f270967bb4e6e4282f4420fe,15000000000000003901
0xf6f7997ce7fb71385ce5b928f1b8eb607853add4,15000000000000000000
0x967002781db7251801183aa511589d4b0d3f864e,15000000000000000000
0xddadbbdea499bf97c1766242f823ccec36b93bee,14881129215349623469
0x7742000b3d409fe1d7827c6b1510f9c27d470247,14871494839112005369
0x3169de0e661d684e0d235f19cf72327173e0be11,14826459485192232295
0xb61ef5e0ce585e0e3058857eda411276df9cffc1,14685489659880427785
0x24ffac836ad99e5d4ddabc242dd6bf4b6a88783c,14438369342542848297
0x22bd4c11c90dcb9c76d6a201e21886c29c21000c,14330000000000000000
0xcfa40e4c2e7b46c05560f34c1c3e251a8e0e85af,14330000000000000000
0xe0893549905c4b337d6021d3638723d92ecbb705,14290873620000000000
0xc66ffd83b9d6feba91750650e618f40318503be1,14176164797109810900
0x5c9233225e0df3a45336af5fe79230779552c23b,14000000000000000000
0xbb3a5dc7c41230b60a831bf4e83ea62f79f028d9,14000000000000000000
0x9745c9e2070b478e1dc05543e086db55c1b1cf7f,13840000000000000000
0xf9735295dac3fd66e143cee75db882d01aa35547,13809697497751640231
0xa55f9d333fb835cbb92ee2942e12b234370a7ad9,13801962327596885140
0xe23806abd772f89d9dc4b0be2fd69fd162baad81,13478242035326960618
0x792238597918a3ead5ef9bda787a74e0272768c1,13309368145466983538
0x437e8c2192ae5f913c015692001b9bc134e5e5c8,13246900000000000000
0x4b8fc5ce15b5548ddbcfad58de8adffaefdaddaa,13243523042690640800
0x7a55ed1e3d0a27fd87bd384d4cdab38ffb1d9f40,13240446770000000000
0x29ec12b8f2645ed023dd35142431198f7665c8ae,13188474793461940333
0xedeeff704a0c0ae871e615421dd86c769181bb33,13183518670588707452
0x28a3df5f8363e76c7376f29580991355bd070265,13159571893757488733
0xf37d2bfe242511253379dd8b578971ef84be9749,13109386441515413448
0x644bdbf21d94bf8fe00613c9aaaad90e1193b3ea,13085334344041017785
0xef345164e27e0020a9a2b848fca0334abd8d5c40,13071165700914759061
0x6c6f8e180948bb6da1f3f52232131d526d934d0c,13064377333387867514
0x33717da6449382e76bed0c5632c0355ab8e82eec,13000000000000000000
0xc05a66922b3f3642b1d883d37033b3ee99cca59a,13000000000000000000
0x3dc4a5ad2c52cfde79c63498faaefc13a420a9b4,13000000000000000000
0xf3d65be0f10ef19d514a339338222cf6d145e3a6,12930810603478191328
0x4acc45fab07278eb0f43bdb6242854b8b4136ff1,12920556200799399282
0xe99ec65c4b98eab59cfdadedd354fea85ff75186,12803393740000000000
0xc91d49e0e44a9784bf1a54cf087d9bd7b4ebbaa4,12715442695458042041
0x2dfe90b053066c539171d117b66d2501922c2912,12713034090076511787
0xed2397fcae09eef1c489a9d4e022fd04a221243c,12586498940000000000
0x018c9d53b612c5f154dabb45421c39fc7c92cba4,12565920151013142692
0xd536846f36dc7de12a7b9445548463bcc44ec43a,12480786727269610745
0xd0fdb020ea69b6ee5c84a3d3ae63ddfec1232654,12338400000000000000
0x20307a0c0a6e771f664c1603407ae29e09e6db61,12290411822972733030
0x645ddc108e35fe3fcf18b023db444f6db98bddb7,12236209646236375133
0x01600d9bd26cdd5dff974ac64016480073b59b1f,12216529914626780888
0xc109ed1689c3dee5f1caba2da3d4d1bddd140e14,12199422716645232359
0xf92c76efcc33c7664191ed74b7d5a8a1f7bdfe31,12170284198400254148
0x64d7901492b584b1921927cb38aae95bb6b77703,12136889352271628908
0xb086ffeb3ca3e714d11c75e6f7c2ef9229d488d0,12085871630934397425
0x313f45477348abb324a8c42c5416f3ee42bd5305,12051419065119940817
0xddccca6f1f60fffac6ad9600327c1e0db6c6e83e,12040000000000000000
0x2121981d4bb01878f107561dfbbbde15319b0d92,12019945775887726703
0x194cc0e00468ce1f20881b9b2ca00ba6af7eca5d,12018340326912851065
0x1319b284d91638f6d079e4d4422e09cebc2c23b3,12000000000000000000
0x03abf2016f162fa16043fd8ca1b9470c1d85abe0,12000000000000000000
0x9321fc3018062248a43c41e57074c70c914b181e,11971565296294863664
0xfdef90d003e3bd43985f2cacb62b14eb330e15bd,11968182877804775957
0x85e1552ee7451f6f86c652f2362b71892efd680f,11948315367810677222
0x8fd3eba7d09af7f64c34fcbc9a6a9a09a3c84f1f,11786967999785029006
0x4b39e34c87edcb610ed41983bda4d5518f8b292f,11780179995897470112
0x305d31130bb92177803f11f5d5ffc2c79a855fef,11760826400000000000
0x82bee0bebfc20fba4ecd121282c1eae68048a161,11755719390000000000
0x5c5b86263c6e07486ca900c014c890d9f23c6648,11721686418594637256
0x3c73397b640ebc5a2ddbe5b40e686aa3615ecaa1,11692007544203812583
0xe8b0a9a903ccb19cc2a236f5445dc05e7800a7d1,11683590550000000000
0x7c82852b9bae1d37a613ed1d42119c66dab7d3fe,11680000000000000000
0xb21a169214e9e87c10cad408f95e5056cd279a97,11649830317959684298
0x599af7526659f28830485f19aeb53ef85a332baf,11579992164318688862
0xd1a57508a1644906c8a523aa697f88e466bda371,11548474093630918776
0x10dd428fe179e4098558255bd6696f3d081d8055,11535215030000000000
0x8026931150498112e7bfdabe731c2f990dafedd7,11535203020000000000
0x2896f6efdd5f45853a97e0f7f83858215e38f631,11490000000000000000
0xf05db0960229c963e3061daafb556d04252913ea,11417710006209201603
0x4039da389397aa709028b579fac19e7c3d0a887e,11407250236800859991
0x915f12fb9953e0c58922398013ac74b6cccf0a02,11344700515912926312
0x6e9e546df406348059e93e941a31a17d535d2476,11322845762974480596
0x9ef116e1479306f7f3dcfec9e801a994475b4c72,11274120383937230267
0x75caa56a8d6870f46a3056664124c28b63554883,11141378884727023914
0xea68cb9bf44a07f6180f1343cdc973a242477fb1,10952583845955726376
0x77b3442918ca65060e1b301e1bf57c0f4a6a95c1,10938245268648071174
0xf285db77b7bf6bc89940253a82e2726840424d25,10924627715805158696
0xf2a7510aba2057dda39b3d40429bb36bc313ce67,10746272077387364397
0xbac663270f529b7e213984bc5e3e01876ed2787a,10689805969071417596
0x73381cbb9544e37cf123d3e1493d529c95e7c13d,10683110372062410962
0xc644d76bc39cb98910533f453ed60a8a9dbd0316,10660000000000000000
0x2e3dcf13102b55b01806c53aadaccfe50b16231c,10614892831584164180
0x22c2a0f43d69fc0838bc98daa00befb3f381fa00,10611377916141682401
0xfd9687c1937797c6cbb15c6830a0f37fe8e9752d,10528853400000000000
0xa4a6060d22d5ba61efb6227bfd70950ea8562e8b,10510609117882562759
0xafe626b592bf278338a5ab2d141e98b354617e81,10463399040349669804
0xcc23d8c38baff6c9c6449abc6102e1ab98a7026a,10421177138137627422
0xe50a60ca30f7374cf5577f93ad72b402d3a1fb1c,10356435270705145711
0x47fc7456c84a5ea03b9c031b83917645952025a6,10351352325658312590
0xf3e54661eeb53b8a2550a67e4693c5d02fdb4357,10350067694022399865
0xd254e61b842e63b13918b73b904396bd8412dc44,10237674740218706250
0x6f8371954fb2107f4e4779917694e264a43f77d0,10236716867754857257
0x94ee76d5f57b79653a34b64276c97b068964ad0f,10112469208457703115
0x85d34eebada95a30b379d59d07b9b56ae49b1d41,10065924363435378646
0x57fb97121c6a1620925a94a618e6c36e98622acf,10062480010000000000
0xe0dd8c3045f518846cc2687fa7d5b562b92e9e24,10045215093183727500
0xac2b675134b0c16c27f006bbf38100421d992b77,10003513126931952380
0x7dcd92f21160927b73e728504beb370cef83dbea,10000000000000008129
0xb6d73379a0d25c9ea68e373b2ac13d7104816259,10000000000000000000
0x166af15c48075f6dd484b9664dfb9aa1d73774e7,10000000000000000000
0xe604cde919deec3591e828a3486437be6ad42aa7,10000000000000000000
0xf5aa66fd031d3391622f487de7e85b5f79035e64,10000000000000000000
0x25e24a4bc637cb769905ba9b3b044d216119d1bf,10000000000000000000
0x8406f6f4bfdfeb89f13940c3b1a903a55396cc1b,10000000000000000000
0xd5519a347b08612d3b30fbcd0f6f58e854867673,10000000000000000000
0x3631c5941ded822264c2037b29ba5b8067093a41,10000000000000000000
0xc3311a6c298a839d51b07c39a2c734721166aeef,10000000000000000000
0x78c61b562c7bd3a225aa721e4405de9f2c50d6c7,10000000000000000000
0xdf2494e68c7f74a1eb9af03d3f5ec6fadb3706dc,10000000000000000000
0x31663f44658d2f4a23b267616147abf09ae28022,10000000000000000000
0xd41948c33fcf15971a7c5251d4b982df93fe9234,10000000000000000000
0xdcb314da2e29ec0db67e58e96324f44f176998c6,10000000000000000000
0x811628d4f69fca25194c406256c14540d2cdb60e,10000000000000000000
0x0dbc17e035c9fe3d737a6b879bf6e472633339cd,10000000000000000000
0xed29e0e07701794bd1cb9a6e824eb7b4871b1bf9,10000000000000000000
0x79e41d078896646804e2b202408220fc525eac37,10000000000000000000
0x06d84d7dbd304d922fab108f8a5028fa99d073b9,10000000000000000000
0x0198a3ffc5d05de04d2acfb2fc022c44513c719c,10000000000000000000
0x555e1397bbbff46efa6c9a3d97c0e4257573331b,10000000000000000000
0x1afed3ba43074e883da256942f1e3d93b79952ef,10000000000000000000
0x129ca3480112f8b7594cab26014c70c44e2a58be,10000000000000000000
0x59bb19f077824a9ee7c5730d36eb4027f3099efc,10000000000000000000
0x5a805e257ad1f9f288957197ab32e0b5b8802442,10000000000000000000
0xe5b9613f268a1eddde62986163a4b0c2bd36ccd2,9882177759517868884
0x546d8b56c4869c6e456254a2adb619f6c3dd3c84,9840000000000000000
0xab53b484686efc642d3d218456761dd24f96a4c2,9838866854293733801
0x9a78ffe3f5a4fb17091e2358eca7d873cf7175d2,9829000000000000000
0xecc53b4d8e4dac268a5aa4e15e5526ca1cea24e8,9802015150711448806
0x31a6c297f717d3ce9de751025b095cc3988a9687,9758268970235887917
0x79e86c6470f017f11082de54cbf2ac0b2c2503f7,9740288768958179958
0x1e0856e0973861fcc851f1c3798c1a3d65c8a6b9,9729837314955855193
0xe042cebb0585c576e80286516a35869623c9b01c,9724040888224320350
0xd42a8b3f1c44a87a998017a81e7d963022e2c871,9701997031152677678
0x50e88ad9237b03f1560fe889922c81b23dd8c558,9700527680000000000
0x15173376306d30cd85da533d3c751f2d5a61a375,9688927937293923012
0x9628c8583754756290c580938425ce58d9ca22ee,9683444509433651737
0x8bdbc8807c1e403a2a1185990d7fb8d969669025,9664980900030711816
0x4968b238f6e734349e86409ac715c18beb609759,9611738058670008936
0xe892d04b607f1ddcb5b12187155014cf1d481cad,9431171593192883880
0x2cf1466755de0a131a357440ce25503bcfa41fa4,9408281300000000000
0xec83d26b6f1841a6ff663191c13d18bbf4e5b01b,9385514490907688365
0xe44678c8f3a90e86d9b07409c3639fe0773fcea9,9381877616091293735
0xa926c04464d7a17d43a6276a2768cbb4ec055d4e,9360000000000000000
0xbcfe0e937bab56fd31067aaf0ff22e2870cf90f7,9360000000000000000
0x22cb071b1942e74f19a6c1bb980922b58c3bab15,9325888728288543172
0x52d2220f63b055962b052273cdd132aa77fb9517,9252788653785756526
0x3db5ad83871face49b7e8208cfe9cc35dac36c63,9221100199004711709
0xb4fa07a1a90e7676f2d6bb385c62e3a2a2e97358,9220000000000000000
0xe89773b707b219fd8374f62d8df2a333a6d7d494,9216923551486403772
0x12aa48d7010849708d5e5a3f86e0b100019cd120,9198014277370931150
0xc1ea1c322df8969c1864a74bf1a77f12274ed19a,9187714754987521440
0x55355fcfcea3e3df2bf70ee8db71ebff9c597c05,9185424470037967742
0xa6189fd6d029521d8253436985b69f39475f9cfe,9181878621512453106
0x444aa3758e04eb725f646047bfa02b7714bf9876,9147575929699395596
0xf27709a56140afc68bd472293d1adb82445bd3ca,9140000000000000000
0x5a7285b7dd632656d981bf1140afba02475ec55f,9140000000000000000
0x249b43018f46565640546ee08e6ee80924462b7a,9120000000000000000
0x031569b0477f13873d8a8a9519844f6b656c44fb,9083626640000000000
0x4649df5076b97d207c8971081294cdda99ff5f62,9082887650000000000
0xfb45df64dd60d4132ab62c9d9e2cce04d64fcd18,9082671105296142758
0xca2ce7d88d09c42d5b55c2d87955db2b5f506732,9070004899664171747
0x0e6efea8e1e031f5779be81614d260d7b72939c7,9070000000000000000
0x8c2eabc9f4cca904750a0f7b007a17d5df6eb21c,9053697113187178543
0xcd0c40028bf013660fe917bd4bcded4352bd1355,9044045900000000000
0x5ff5f276acbf8cd70a8e10aeff0dd007c8a56f46,9029029586178897252
0x325e48692d668bba1365962e51ce79b0319c773f,9025456117439288981
0x5368edf0492bcab7af0da2efb41491bbf775e14f,9000000000000000000
0x26c90a6c8a886f26ef7d81597746cc44b8f5f7e2,9000000000000000000
0xd07a572af02a3594c840b2ecd1632bcc6b48e532,8992000000000000000
0xa96ca55d0bf15b4d7dd7e44a51198136aa64d0ae,8990000000000000000
0x6bbc0e34b6c832ba898c06be1934704149df5630,8984000000000000000
0x810b1074b6fbb9ce428eb8615f4060b5171249ec,8921710000000000000
0xb87ce7d4c62caa75dcd12a4aed2093fc598cbe44,8919323156897508170
0x832a410813f9fcb034ae565a2821f36fe00024b4,8910617092326821325
0xfe806a8ff8517247a7fa49329b195b77f4cd05fd,8906263080148193124
0x7ed848961dcfd52476217447d5a24f4dceae664b,8900227707754033592
0x611c34d484b9e40a2b52d30bb9ccde77f2884ec4,8900000000000000000
0xd6e4c713de721e64addd3cd4d16b2aba74aa65b0,8891087539643950434
0x6205da4a2d04678c6f216bce90fc4df86aa936a5,8890000000000000000
0x291283596ef6093a9c1883d81b48efe1eeaf49f2,8870104311405012854
0xa0e3fddb1d70df78098a60e4a9313f17a8125460,8845471010380052577
0xffde6af232a5b173298162a10b74aa4f9fa4e868,8840000000000000000
0x84c761e7d55a32e9dfc1e4d88fe9ab42e1f43dfb,8840000000000000000
0x00000000ef7f43ce26fbd97714d3c85b9a80a3e5,8840000000000000000
0x2ad409b968d9cbb59511de96fdaca5e762144f92,8840000000000000000
0x50aecd8f2d9cc443d3662525951c37547889d99d,8840000000000000000
0xbbb4ef9fe425879b9fc0fc9463f25ab99d44f442,8840000000000000000
0x3815cf0b8807279bae5c62f5bd3b04215485e2ee,8840000000000000000
0x07adf4d30f6e3b61e75eb219439b1035d27eb846,8840000000000000000
0x1d14ac4454265540065c6a2eb5b17c9ede06b94b,8840000000000000000
0xaceb1807d9a924b4d632fce105a3b7cb7d4d5248,8840000000000000000
0xef5c919e5e6ab561921f86ba1bd2df6f7a97818f,8840000000000000000
0x69af81e73a73b40adf4f3d4223cd9b1ece623074,8840000000000000000
0x30f0e48c6d0ee06e3fc2fb0d7c9367a5ad2e50f0,8840000000000000000
0x0bb7d1b1817659d5ff94f9c20b94f95fde356eaa,8839184504697811266
0xfaf27f8897ebab7c16fc36ce26f335910b0fd45e,8806290380114745937
0x4ce49f7ff516e9f426d6a46c1de735111c294b0e,8800000000000000000
0xe623a918351ef4126e0d2f259720ed6373e34be9,8755089330947893504
0x192dd8dfc1bf6f59e030edb605273170e516daa2,8746565646067756553
0x79ca68860bbb7c3589095c90bbc8d3c87f6ac655,8742315639149961206
0x78cf7f92f50ba5199f63bc5be74c3a79a9020e78,8653000000000000000
0x3a80027cc8a46bafc76b875a007518f5ce729d22,8651734017210121372
0xe249955f7840349b5eb01c6b2024b77c879da3d6,8542295837367191247
0x9bed5db99e5beb9ebb11140d8e874c7ca3f70494,8521431014469526809
0x84ff9b5099c3b0e39e389ac7fbfb832ec65caeb6,8428845501309321149
0x6ed16c30b00b089a621bb134974e88afa8a18efa,8412701767703337037
0x8c8aef958817ae514171abd80289d59e69ceec69,8409009159990997070
0xd3bfe8f090e50785b02cc1465c11d6c93e8f9ca3,8344114329172618586
0x21219b3556d621dc5e06485795f8a25a285b796a,8297315347980007277
0x1f73a8f6a6bb92cf4309e5adc432e3bb0edcb511,8284523958089109074
0xd221322d9ef869a91a0d88b6d3dd3ac12994d281,8242216311090056835
0x6e7c777d0d66734f8ddd6964f6d1e6d9ba2388b7,8141440332125092890
0x72623733468540f046412186aa98f186b2f705de,8094760154237771343
0x016e230aa23d29eae742c65ec5d98965360ccec6,8078193754122624220
0x2633a3f4f8c06d44c55f7d5004d59b268683aa71,8078186130000000000
0x2a2995dd46512864044827b865e57fd99cf08463,8047741630656306848
0x19412c830bb02bb052c7a84134126c3ab1855a07,8037293340571642493
0x54cefed3be1e48c35f008a2504b14ff566776ca3,8020600032377182236
0x2bf680911dda735278996975cf70a47edb33a6c6,8011732266220709885
0xe34dbbab7fe6cf5674d8e56ef26cc232ff04e0e2,8000000000000000000
0xf2301207b0c5c32d3f22d88b2533810fc987396a,8000000000000000000
0x118b7fdbe72dbfcbd443d3e083da3a34d43e62cb,8000000000000000000
0xd26c16d3ced596e50b514689c48ca0de4d41d400,7909035822889544489
0x960554aa0f15c67bedb1f5978c9ecb49c65033e6,7904276366496877675
0x54b82c88f8d8f2fc43575601be4cf8c6e28c69c6,7900000000000000000
0x5ebfd30ef579fb3d5440f252a1fdb72bc12b09ff,7898174906448384486
0xe68b0e60dcd185ea4055f6e08e9e49a229b7595e,7865754441266451515
0x904380c9e1aab2045f3eceb8dd3befa546be6ba8,7840000000000000000
0x718283ef9b9e5b0d1a0a2298be510d55ed60973f,7840000000000000000
0x4eeac38473c7eab19ca0bffd4e34517e32bdbb2c,7819987145707295511
0x7959a96d512cc50bb685f97c5e27033ae181886c,7813814327609970037
0x6f48af0d383588d4c973b002336552b59246d13d,7806266395803840590
0xdb92930284131611f8c1e0beaa5830ae4046d383,7785816559880623246
0xf8e770f382dc3fe1a113fcd040bdb92452f72294,7782033836459614926
0x4d1547657cb89288744fa542a641348441bc63ed,7697562160112026557
0x9d8888394533cccd717d3caae6c5b173e1c2d8e6,7680000000000000000
0x2f616c14d8e6c9a6f731c8a624edb873f3dcb305,7679289244833588511
0x689c88dc6d5e5c2fefe9926f7493f0d20fc0b149,7644219476478585203
0x5f41fc073b51f2ba8b42fb008c9d8bd6d8bc409d,7633372641613932032
0x19bb2e6b7dd40308524706baf8222c2a52b60dd4,7602599298712823918
0x3548da05cd3ffa6eb3abb49b0337538b935b5de9,7513479046928489091
0xc69113c7dcfb1c001e28fc5a310037a074838f81,7466804421685157758
0xddb4c8a621b15268188bcc1f60c8b36ab4dd8644,7426395339080705839
0x0f2a3e43bbbfd1824e71bf20972ccfe061018e64,7401482664323945897
0xfae457d9abe09c23cd8f501a4176156440781bbe,7398220007749474665
0xe6bf882bff21defa36c4f2f5e3b8cbbd89422f5b,7367473984754104578
0x081470f623bbbe3a6607850c208b6b451117512e,7354086764771656262
0x9c41ad015cf2f64995880d7c38b2d85828e52d3d,7333200000000000000
0xa94de86176461fa61f6312e1dbc9166515528886,7250920000000000000
0xdcfe447812a20a59cea49204ee6137f018996155,7250301988154667975
0x4008e443cb737a45f9ab24ac83725fa21fa30863,7238840435340687651
0x14ee4874e6c0ba6ae7171037bc737250987c80fc,7229647694337489928
0x970cd34eb366b610114eb40d4af919cedd7e6066,7205472184854227757
0xa153c8c55643bcf1d31d3bc0fee2b5edf980b414,7190593480285575175
0x3673d643c89c6b32e9e2d66c132910b1e430eae0,7186399253721788782
0x9b1abb8832b469bf38e8a645024c7b29fe3d6e97,7174558633199302981
0x39016ab55d9955d9855a6b7029956faa18230814,7164019368574917744
0x88ae78b8166c29399e9cae994bb9abce2ac300df,7151792160000000000
0x562bf0ebc3e4aad825ff3b8729101efd646e9a4c,7135646000000000000
0xa71715dd1150b51d6d3f8af36ee6e4e4ad03291d,7132167188771929316
0xcc6a376f010125a6cc872258a2428c51fb603f4b,7129203695004085864
0x0aefd9c3dd34e6ae80f5af2fa15727e31f1d8bdd,7071128053936647349
0x8619e1953221156783ce76e976b5839634b1dc8f,7000000000000000000
0x3db07a70f4c4e6463d0c185fdf790e0fa3c8c97f,6990162880258723275
0x5d765dc5d90c846233270c011f364362290d80fd,6973417848286917706
0x1fbbedebb7f7a0dd7cea731aef312ac90f169d4c,6950000000000000000
0x017cc4752ab632e479be5d2a8d959417c6ef7f5f,6896893009370866944
0x8b1027b1a38faf73d5de0888cb31ccfa7db1f41a,6873576276713927574
0x271a6f470698301a7126cb83c51ebee1de631f6a,6863721824060578561
0x621aca27c0335002f09fccd55b277abbef45031e,6840000000000000000
0x252107f763171e02105c44762c5f54ebf491c541,6767180786545137915
0x2fbb44fd013a947149483c6332a4ad2bdb37e7d1,6675681515280625741
0x2cc9e8bc0d75305d555e822a0ad66cbd58d666a9,6673206348474299322
0xd682deebc2366b781266aafaad1661d88b1fd597,6617344179951459364
0xc67b6b706ceb5dbadb2c56fd40f92c78b7f33e20,6545454545454545641
0x09c2874200965b181d1e149ff830daeaee6ee289,6538453506892106793
0xb9e35119e4047df228a31e42ad4706fc2d431644,6501220827494729513
0x6669d7cc269a8f8e0138dfa308492c082f166666,6497000000000000000
0x3c796069684f67b2a1dbbd3d49661522911591d9,6417219998271759303
0x36f5e5ff480b74bb213db181700392729a93af32,6405033114545087938
0x4f8b53a657c8e4461dc256690f3a2bd7182e0d26,6348695983119665937
0x045f1942132492138d09254abcd2167984317a23,6306995575130922733
0x0a7619abc7f54aad17d162b79ee2e7aa9e9220e9,6300515810167107273
0xf233250bf5ab0593f7ff6ff9000c01e9e09a5a56,6182321647080000000
0x3c5fd46419a74c6da7326c761c6723db4042dcd7,6168977482852097345
0xaee1741006666dcedc30aaebc6610bb7d172e446,6151792160000000000
0xbbdeb13fbbe5bc9236ff9815c97c2bcfe94da0d7,6151792160000000000
0x7ec7904f678c2556432932edb61f21cd27edb496,6149590798947784883
0x1c863ae4a098c5261a146eedcb8a41145b8e6361,6120117258758274108
0x2ac8e75c61c35827cf669243b6a1d538ceb6487e,6061199894592774612
0x71c7afd3e89c7f49f0b1f7237a2c4da0c9b375e1,6023560629647950748
0x6d1d0ce900473c24a5cad086d73b775242be2aff,6010386434301318805
0x826a3b1399ed6ed6f4e2e46901e3192b981fb789,5999384142997675888
0x2314b2cf7bb86d915dd17ee292c5e08f2863df26,5970224195190607051
0xeb3b27db46f0bea7a1a85bf54feeab862dd28d6a,5938220684757571141
0xcc56002b8cd06a07bec10f2b908efc946d472b9e,5921317572213155266
0xc28e449caa819f4d82bd25ea29fbcd5514186c9f,5918697477800861226
0xe520c81fd214c76b7ed6870c78cb2a16eb750228,5901299033471525713
0x6d24407f880e8c1d246f23351c6bd178f26a4f59,5885430920531476122
0x8a6865adcee030c5c587a5d43c7887a179d0efc3,5867231225930891375
0xb5463a530370f88fb3fdd2b71ad7012a130d3d47,5852932680978720446
0xbe0b843c3e3c2b1d6d399b4b30fcc2cb5b41d490,5790342769627451929
0xca20792f7dae4f740c929034b7db650faff073d7,5760563057295141499
0x31ab1cb0c38bf5a8575e8c927922509fcefc1e9a,5754960353501916303
0x6d8abda5115afdec3f264daba02512b8129380c6,5753870075110970144
0x31212faeba58889b3707d0fbfb32dd7f3170bb7e,5740210333022103861
0x38b28b98667a7ae4718fc78693e0b470ed5b6ba9,5736828383427612368
0xf7cd4468d4ed0935e7cbee441dc561007f15a0b7,5657932440000000000
0x1888fce3b6d02e69a8ce77678e0d8ebb7c1da413,5621496958430443978
0x73352bf6f9fff68da95f9b00a9acc86310ab95f5,5614562458948598534
0xb3335182eb94866dba19eac8d18039c0f74e6ef9,5586689345931423916
0x51004a3310586aae5870e5cab039b8cdbf0d6b53,5579312932404389552
0xf894f5738c6ba9c55cebe12a3b5ecc22746fe2fb,5571137793539253638
0x75d0291ff89305d56115560a838719752881f99c,5521713616150154056
0xb2c9f40681d4d874cb13eb66b3631730fbc5b855,5504279594893856866
0xc61be8a71ae98d4040166a99efe95a6283aa8d02,5498232663813250546
0x96fb7d93331b5a101f1b049eb6f605f0a7ffce48,5454296469258781442
0x6eb633458709c04ee482cbabfa3738d31b58d0ad,5414460232117941221
0x0a4df9124d65fec07d945d940af45c816c11c416,5382908964943619717
0x22a4a2827aa0a60c7b04840c4825e6ef39a9ea87,5360000000000000000
0x1460231dd5d5999a026af2ceb4298aa602197339,5347981589284069702
0x97d56963621a738ffa7c8b5ca11cc1d91c5b91a0,5330000000000000000
0x31104cd06d4d9b714365a21f1bf79b95c3d743b3,5330000000000000000
0xf765f6590fe0d2533225df11e32564797b504020,5280215910635925880
0x153ef9442964416e8c3367ce4a09cbf1454ea2cf,5268328534306191501
0x1c6544e172be8a3974da965c8f0cd08ad9ad6ca2,5177128843373194911
0x2d489c04a319af958727c2c183a33376cfe476c1,5127345754279644204
0x2455168dd2b883835db42ac04fbddf903353b083,5077982762702768689
0xe885b0f76eefc52355b739d25e5b73f00e0db564,5041154063967912769
0x7928b58968702d2ffc601d523da903614e57f51a,5040000000000000000
0x7d16053f9985c42fbaabd3e35ed33f486e256b02,5038239913530000000
0x8f81c4cc69d330728275e496880c33b80cb40432,5037877454315217420
0x495f1de49ee5b574ee961d7dbbc195ab6b32841b,5000000000000000000
0xe7af96be39881f2f584c15105009685dee7ab52d,5000000000000000000
0xe7b875d294ebdd9991a57ce36a53768186a5c371,5000000000000000000
0x0f44d2292f22dbd28f599f18a1f457fb502c10d5,4917983826235223489
0x77777d91c0b8ec9984a05302e4ef041dccf77fee,4911583299974778728
0x8ae91ee8a9cb2f3a9f29edfb3a0225dcc6eab866,4879759900000000000
0x8ed62c10b3e95a604178f25680f7518477f4da98,4858557090801074338
0xbf7381fb4efb706bd2b4e373290abd231e19996b,4831258326075479010
0xbbeababf97e19a95db57d763d54db27051e4b3e6,4816428180493283329
0xa573736262cb837686faae4ad7e3ba656b646270,4743018513799992821
0xbc4306b02dfa4e5fddfcc94164840135ac7b1a53,4718358708241234856
0x87c1d24d507c2da2757b48b892f52dd0767ce884,4687543815635626801
0x97d72c0bb2fa0333113da163de6526eea77fcf3f,4657788512278793077
0xed64097983841a92d8e521718bc87074d67365ef,4644724602894655277
0xb4592b03d4a6b62c6c571baaef6f067c96ed47cd,4629882397267183973
0x5680defdae81c88e58b6eedd0eef6e21e8d6a4bb,4577323950000000000
0xbd6c7b0d2f68c2b7805d88388319cfb6ecb50ea9,4483357520370000000
0x1b79ec848b79402cbe67f6cbd6aae73a4c44804a,4320000000000000000
0xd557610dc31a0f5c48c645856fb7c18bf6ed5bef,4310840000867787552
0xb1b9242dcb1a76f5682da4ef98db44897d4b2f39,4276814076723923700
0x318bb3d46fbe3cd20ee3d6ba17170fb61a410637,4243603231304230078
0x887d9dcb84ae7b5d627302acf8eafcb7bfb9e32e,4237300750486306159
0x2aebd2d3e3c4b6bbcd733d1bb355a7849f70638f,4160025490000000000
0x45d3e6ddf21aa4098c2845c6e2c6c96be8f1284b,4140000000000000000
0x837fc8e298b7fc4667a9ce4dc1199839540b1f8d,4131871635979800797
0xd89059a9087154486d833647c8d2c01457dd219e,4120000000000000000
0xed38a6a75c7c69b0a037b6731486878674b76619,4083724512604819802
0xc7c9b825cc504792ef7e5c407b2aea4d4ebe2b8a,4000000000000000000
0x723c83fd0ad66ca0a03fb2ee912b4028712cb9eb,4000000000000000000
0x46151c37152f90050891fa9eb5490fc6d02103d8,4000000000000000000
0x5bc1a1b7f68390a24097a1817bd7dc7334c05814,4000000000000000000
0x381463b3b37287b2935dfc190abaca2b6e37f47d,3840000000000000000
0x4958ceaaab9d1285d9e2c09c321fc9fa160ba971,3840000000000000000
0x585b2ff18d7a31841298256cde614ccc895665f6,3840000000000000000
0x3c4a78ed78cd43aef4ec2a051b5d90a011de98bd,3840000000000000000
0x7afc799855634bf62287035c3b6f8d7f0b6030f9,3840000000000000000
0x0ee6d98e61c43846428992a4dfdbf857741b031c,3840000000000000000
0x466b7e01aafadcb6e1d1251ecb4543764cfed9d3,3840000000000000000
0x4b43e1932305f2fd1d8da67f7d4887d97b63b9c8,3840000000000000000
0xc03862548203042713a3474c7d292b6e6d2f0690,3840000000000000000
0x89e9936c2ede9ad61e98f6ea9731987f292387b2,3840000000000000000
0xb7767eeca9839137d59210d1b0836b3776d52817,3782842070000000000
0xceea4132439f1d06e7ab239cd3c031b4247419fa,3680000000000000000
0x743045abd8bc040fbf0bb1f9c5308dd2568e489b,3634797661303686981
0x573cd770617634e8b3b559fb5ded74fad4f5967e,3600000000000000000
0x95697b933c43655498c9f14528128597c94dc0a0,3480627910787463551
0x096040d21113bddf912fc9af5118ea4b7aa3e06b,3480000000000000000
0x70e3d729b70b9d24690c424a493328587e45a0ea,3459994916796819360
0x4e96a41f0ee4770276c786e79daa3b03ce972202,3427966464946898045
0x111e318936660aaf49d485c74a77ffccb997d030,3407630654982882016
0xc1e92bd5d1aa6e5f5f299d0490befd9d8e5a887a,3403546266650352075
0x798506cfec6bcaadf02513259be9f7be250eba05,3352000000000000000
0x4308f1ce5a3b94ada007132a2233d5235cef67eb,3255000000000000000
0x89af492cdadb8e23ac61ee65aa49675b98171b05,3056990259171338360
0x9d2304cbfdb59509cbf90f6d12ab352e833af247,3000000000000000000
0x7399da3306bee581266a85d911c18826743da5c2,3000000000000000000
0xbd9bed91da60591007a723a39658f93996ca600e,3000000000000000000
0xdc5360efed6ab2bc6c9b0b003956d4143f5c9d68,3000000000000000000
0x4470ef1b18494308c66ff6b3a63db0d6a1fbb165,3000000000000000000
0xb225a072f07f0dededd84ba02e926601e3fcecad,2952000000000000158
0x1181ac8974aa01c5d9621552c1433a6223b4b41c,2935062519466478876
0x8c6fa8ee0da566db492ffa46c290460bab3833db,2916968027148261763
0x9a3feee966faf2e1679c111a0e3732a91acf38d4,2908043745188907244
0x33cc65a3fb7ccc534e363add8bed4faff5fee207,2773699166877164162
0x6786a9a68984b16032ececec230c4751a8d28d23,2545771765199827509
0x07a4156fd7f3ba0507c24ce1c5c1bd2c69e6cf04,2491306038762210579
0x1d4029c0bc87faa3f64fa38b044d5004d75e6eb8,2474220909636242953
0xd8ae7c5868178a120e2f23cbe04bd539142feb1b,2397334724387783493
0x95ec9bf914ab13f52b14d26cf16ae10a113fbdf0,2320000000000000000
0xa8a3773df4e4ccefbcf013139304fbf868693f8c,2260740424195793829
0xfb47b0c5c6db9ca1b391333a72a7d5d6c99c027e,2232502999639468090
0xce756947e3e96e56564daad9555f79f355d3f36f,2219983284460586361
0x1ac298e5811826a54af7052191c051b71d8ee2aa,2210000000000000000
0x3fc5967697ef253317596e85dadd03da4c1ed005,2084093153961642286
0x4bb3d53e90941446ea0481cc36332f04dcfc272b,2050550040000000000
0x93ae7f9ee9d7171e7ef1767d63585f40da0df101,2040000000000000000
0x7a612800413e44ff8fee8b8c4b3b3cde4d9636f9,2000000000000000000
0x4b74fdf3879ab5a1711d95565d631f6b67d11dec,2000000000000000000
0xbc2b854eaa3dd406a81365eca5c390afa94bef42,2000000000000000000
0x8b862aa23bdf0e6d2ca9375ad227de367ff42c20,2000000000000000000
0x1c7fade9bdb21b1570dd0bee1d17e9238bae5ad0,2000000000000000000
0xfc3ffc416256528b7573b98309f5eac6735d8f65,2000000000000000000
0xcd0c7949b263ff9d886aa5436675878d50b732c3,2000000000000000000
0x11f74151e2b101f2844bdf25860fb5adfab58c8d,1920000000000000000
0x4b0ba52894c479ce470b7acb0f6f57ae1b97bf7c,1877905731743859600
0xeb6d082a0fadeb2174a3626f6d3885e69da9e8a9,1840000000000000000
0x06221c2b5e7a401c11e103461dfa132db84593d4,1840000000000000000
0x5dbcae770b16c0e852d054c0e273917a914071b8,1840000000000000000
0x07557d703fe8f40aaeca9e2a9dd0d3b4489c5457,1840000000000000000
0x713eea368b2777e2601a27558cf21a80a49a2e40,1840000000000000000
0xc1a74c08f3663f60c62fa9d71f1ef87c82f17483,1840000000000000000
0xf1baf78f2dab74e5d0bbc2071667f57bf37a9c04,1840000000000000000
0xe46186cfdcbd1ff24ded4a27cf1c147ac6eba0b0,1721530000000000000
0x0cfe16f2e30bcfd91896b0394a4577f2500bff1e,1650000000000000000
0x29cb0ec9364d28b94ffebfb361acf3f5c36bbbbb,1636329877946560826
0x74afa078fa121ca8086d3e03a6e55dd2946b41f0,1628670540000000000
0x49089e0d1d6b1d0ec4115e072b1d21c980b495b1,1522145397106481973
0x266a9c92a6c03bc0cff6b19ecb68fd7dbbc29152,1417006237855771241
0x9fb0283556864851374d3baf6f0efd0e61b6478e,1340000000000000000
0x0def4e97874b68936c0dcd90312dd5350b470f73,1320000000000000000
0xa8e8e2c45d269bd394ee97b55777c25e4b025189,1300000000000000000
0xf360f33f31506c1e76e6cdf2c921e1f54426421a,1210000000000000000
0x14059762f047495189d2ed67135f357434414d3a,1210000000000000000
0x194dbf5aa1499d78bd80ff666588f9d57cdf5ed2,1200000477253119346
0xefc0f2ff5cdff6ef35ad9aa286893ae7378d43bf,1200000000000000000
0x3c68a155d9e9f1fe9efab2caec97e7edb8ef29c6,1197106106186181010
0x39041f1b366fe33f9a5a79de5120f2aee2577ebc,1192059761606692968
0x2eb60a488e0dee7f2decc989e00ee35d61ee44ae,1191599999900000000
0x05b643900289c13e29609f4fb24968fc9f43c28f,1170000000000000000
0xbb50ad421e7d0cc9cb9e29b107cf8b898ff39c39,1160000000000000000
0x79ff10e31e109d43e3b862fa119e8660ffd3ee96,1160000000000000000
0xa9c134207f9f01e326b1a1f23bcaa0297958ed55,1160000000000000000
0x522b1f9b218b75db39f15b55ffc3cceceed7832b,1160000000000000000
0x55ba223cc87ee3366a87cffa87c75c9b45207159,1137914298700569146
0xcda1c3447518c9a5c6fc875da0b674fc3c277311,1120000000000000000
0x7bf44eb9068187d9e44b29c719fe37d727ff5f70,1120000000000000000
0xcb0c2c94fb47e0e4173edcbf9b4462282700d8af,1118095532017004095
0x2a93b1d6869f11d4009ab9711b92e9d15c85b4dd,1066642365556664440
0x79a49e952e3aaf815d6d93710f7940210d3799b1,1052069535611647411
0x02e260bbc4502950816f5590599f674543174c8a,1040000000000000000
0xe6174ac94632ea87f19f6076134ef886540087ff,1000000000000000000
0x64bb72e331f8d13ce30172ca38d8574a0f049281,1000000000000000000
0x4f70a872d09203f604da7dc66990bea80d580115,1000000000000000000
0x90640ef77d627a6af9c9863d60446268ff55f985,1000000000000000000
0xdf74816a6461bd21584bb550b9dccf2da22a91e5,1000000000000000000
0x1989bbe5aa9f15f7bc8e241d103f563c67cddcff,1000000000000000000
0xb467091d6fa410abc609bc99599eef2abb2d7e3b,1000000000000000000
0xc83c151afdfd7b93e962eababd67e8b92a44e55a,1000000000000000000
0x350c868dbae43aa7b16fa174f48d1a0e54e5279c,1000000000000000000
0xedbd65ee35a04b69d6d1e6c4f57c32c6c7203b75,1000000000000000000
0x3b2c398ae1053d79441143849e36f116e1dc8f98,1000000000000000000
0x43cf6b22d9a8a4c7d35f12d0ed704efd612dbd79,1000000000000000000
0x6d7dd37fefa01a74c11faa2e31bff306362f08dd,1000000000000000000
0x5219d4467d733c7f43ab8c8b930b0a8c00699d24,1000000000000000000
0x7f1455a6551ea31ddfc19d4f78986643062c75cc,1000000000000000000
0x7fdb0760769618e53a46c0548a2fe15a6ab489c3,1000000000000000000
0x45ca25b0f29859eabcdf3289cf265498216052fa,1000000000000000000
0x17c328f1826c27678602430092b98c3fc98cad30,1000000000000000000
0x4034a1b5043fb42f2e0d903def66587fa5cccc2c,997632105429750874
0x37339016444d04e8c673a044c8e6f042d4298dc4,946021346020947193
0x07b127f66cf580abd2fc59b7836fc2cf6cec3502,941598386677548129
0x372cf27e00ff93a31e007faea8397594a88fc897,925226868958812648
0x87805983f1b3cca467660cae8badaca95ac13acf,921537283856119177
0xd9cbe38037a05fdc266490c5fb54f1fe562acb87,920000000000000000
0x00643fb7f187cef8060dc7d5d4a01e5c0cb97f46,919172100000000000
0xfe0c945a30ff6da04015b0f6a8e379ab604de596,918105000000000000
0x95893f708a7b9241ec317340f5a17c797acf5499,917503600000000000
0x2faf18697ddf626aac1e3e94849ff76f6e300c11,905999990000000000
0x9192eeaceb6f2374484ba39ecb0b225bb867f71d,905223000000000000
0x17a8be47a45ac814075ca32120a512b4d3991362,905000000000000000
0xe43014811db82186cc679aba6484ac6739ba7e4e,904025997500000000
0xf38b1f4926c13c540204aba2352c02765b43eae2,900000000000000000
0x504de77f6d6b3928ab5b875104ba0614b64abe34,897673970642410126
0x109d8070bc4a3b74c28d62e19024a72700000000,882273286890186752
0xefff3313817db91a1630b839451a8ad669645e19,875535984065086816
0x43cc74de5e5cfc588220957ae617a1c9fa51e009,870000000000000000
0x9ed1b0cbd20b1bba7a15755328a95253a280fea5,868658000000000000
0xf809a4156b5abd7b74a94d8a99c93ccbdadb7d07,859948107818754421
0xadc447663a11de12365d7030b50797a940dfe63e,854800000000000000
0x14b327be1eb2d41f7b650c928eeae3ee289010f3,846900000000000000
0xb42d63a398d7dfea85ba14f332af2eb5a50b4a39,840000000000000000
0xadb52bd55588cd479328b33e93e5fe2469d7b36f,840000000000000000
0xb4ba592a1bda7b37d2926fa9abfcb4f19cc3d8df,840000000000000000
0x686de86c9e019a659a29be7f83865a8153e4e57e,840000000000000000
0xf480ba1c3881ee99f30e5e20980523bab971fb17,840000000000000000
0x1816e458e7e2e97e467e5a76b9c27c99d3ef2188,825877530000000000
0x818201f36b5bf92eb943a4366ae9c9d0a88a77f4,820000000000000000
0xe2b1f427137800fc4eaf5e7e64bb57686410681a,813920910000000000
0xce64f35577303a807f6fa7a8b121e3d7c7a6b232,786912645484374810
0xb3a72bf9ecc66008fc4d50da06d1de69746f45a2,777762550358033877
0x516e2e86b2cd63ec9a3b50cd009fbc86c1d6ba03,769300000000000000
0x818c0ece7e222c7fd289babecedca8a1ccf5e1b2,764723610000000000
0x1b48ffed5a35d79910d40a0fcda687c7e0941028,760000000000000000
0xce64eacb193b0b8887cf509286cc693a9a8bebc2,754660000000000000
0xaa40a384e448ea70dedefde3849737ca1af294de,750289124173965191
0xe5f0d92eca553bc7e233084fb1185f0c8bbc7b7c,750000000000000000
0x12b61b82f441bad5a6e4dd86d74b92e8f15b930b,736480587691214868
0x689b4f1a0b1fa45fe51b0f5be83dd93e186e32b9,733500000000000000
0xe1d6298e4887f61d5aa1fb489a37fcbd5ba58a3d,730000000000000000
0xdbe9cb6927b57aa35e729299df25f20b522f9b19,710000000000000000
0x4f2d502335fbf83b781e281f6251a82c530b6856,700000000000000000
0x164a2c5671badf19dab61c9741c1e025edf2b0c0,691000000000000000
0xe09f910c76b3136588cb2c9c0d05575e93a6edbb,686407340000000000
0x0b4926f69e1270694dacbc00a2f8ee304802c5e9,684341000000000000
0x4900a749a04931725607c610511c9328d9208b9c,662347310000000000
0x714195e70253e9c4caeca1a557f468bb2a003725,658718200000000000
0xcba262cda19527b1fed4e772bd7a5e2e9ae19321,650000000000000000
0x020bb5792f67c0d2edca9520b51aca17a9800afb,640000000000000000
0x6ab3d4820d2a39a3895f0abebb8b2caf980876bb,638000000000000000
0x69aaaff7419fd2ce58079f05ff06b2ff66d446d2,632736435891704704
0x1120e23e037db6f6709710e26797e5acb586d2ad,614144202693983837
0xdf08ec95dffd1ec450b0f7779abfe228d77b353d,595800000000000000
0xbdcd88b1967b6e0e47df420e5882286776e74afb,552856025186736813
0x348ddfcfacde2a80806a6664f6d6f96a64d2ad6e,548000000000000000
0xde8f3254afb0f0b4cbdd86a8b4ed0a171cdf21ed,541373030000000000
0x5589af2eb3e848bc20aa6691fdc72a6a52fa6d44,539777500000000000
0x2bc324fafaa206faf5526183738f17620d96c75b,520000000000000000
0x1185371945018c772108ee322be67cc6793a9d4e,510498000000000000
0xa1fbdf3e253fdae7fb67385f7213d6c799e098ad,504738500000000000
0x98d11b91fcfc9891a86f9af4f02c4a317bfdb473,497500000000013490
0x77fbd96e53dec82ce5daa57d0a1d89ca5b3deaf1,489423116947517693
0xd8afd29e67f0785e20970f04ddfac7395d6a9d0a,483273000000000000
0xf04f1dc6fa5e2ccbefc5e4eb9ec694653442f45e,482307000000000000
0xd3309cfe6903a69d16dc1a8764ae710d15211e31,420967300000000000
0xe6a0c8a31e242b0c889fc37789140364f2b2cf99,406837910184465265
0xc4e53dc57d17d0864a32cfffe6c316ec612225d2,398649100924594637
0x8c85a001c37cb370c095a938b8131bf0c8c843c5,393607239999737857
0x4466e5efa8fc86abf66457e75955090cece14a12,389065596608129314
0xd27013647f90520088f44bf409680e02c9fb7823,382320550000000000
0x34c18bf7ad48a5dd343b7371f464e651961cbb56,377357510000000000
0x78f21c46e649e1a77af1b7bb86470909de2ada93,376527908520748428
0xd94ed710a875d1eb5c4ad553f639706038c587cf,370254114709269280
0x8fc27286f614db79a429c68f3801c652b575b4df,369610660000000000
0x216576c02a7ce34053a5c9360dbc37ac76a0377c,366480000000000000
0x7a772f4c495fdf16ea551c62715e8711ce3ae0fa,362121000000000000
0x49e46300b54394dedb8724fcab1d0df8a99d9ea9,354700000000000000
0xa4b91a1dcc335f4a9427a39a4e4828c7814a3911,337864410826545780
0x0fe269d6d9e04ecc659b6e3d582a7f35ce419e0f,330000000000000000
0x3ef8d7405ad6f99120bfee419a51373f4c1a7184,307507884110616490
0x6db280c5bf5eeb79e6b47028b4cf2d81e733e792,300718600000000000
0x31a2a7af69c6bb45158fce8b83fa28fd8edb2c33,289000000000000000
0x1018cf51a60ae048148f9cf7daa4ff28658c07c5,280500000000000000
0x42817c43ee14644dec85d759ce87e784ef996c29,273812000000000000
0x6259f868cd8c7cdff1fd5928dd7302e0c9126b8a,269870000000000000
0x1f267b095b15c8c1ebed3e352b7d2d9ffc1db86c,240500000000000000
0xb253fe794790e277c3cdc2dc0ec352d3dbd06bfe,240000000000000000
0x5c8c102766cf5f7d1b79294947353261a4b802bd,236469422241473007
0xe7a26bc7eeeb8e8183e5b316b98880d815b68aad,233500000000000000
0xa52e23c9948cf01115540a96f87aa6a559bc98b7,231796114054182564
0x8efdf8a414d6f66317751da4a35017c624f49f33,227030270000000000
0xf9af337982320fd38671311e71590f1297602798,221453990000000000
0x22d22664837c551552ca3e97f79d9404626b2ff1,220579600000000000
0x8c00ddf70d7239236370315242191d064bce66fc,215360460000000000
0x566a5d06ebbcdc9960b4dcd8abc8f9f2d6533cc2,196700000000000000
0x7b9a87d6f0c213cca8a18d52366ddf4fb95de1b9,191660620000000000
0x64c0defbce4f638cacb872af9411fe7005fd73af,184120146922803717
0x132a889a0f953412b702d9e32c5e39da94e817f9,179400000000000000
0x000000005d8a79cb944bb8e4b79a6f0c1fd9d1d0,176029663893573708
0xcd2923a3f677723a5bd8b3bc2272edcd2bf6aa01,169554095420209150
0x8ede3fddd51eaaea1ae9e77eea13123c0b061e82,168424000000000000
0x80281092342e129f4aceb94ce9b9d14b147cbb07,160000000000000000
0xf8b231e1a888b51b652e692be6f22d6258a60961,160000000000000000
0xd6b2782a38d06807f40f5814d8f3f7512d5425fe,144400000000000000
0x83ce56a6c07da3689f1cf639a27e9bdd8173facf,120000000000000000
0x34949ba493fc401d9acbf27a21b7d35659936d45,118775930223019337
0x88ec4eec37ee325c7d578813f5540afc096b5500,110000000000000000
0x268bb0b75080948ce335fea21798d059ad0ce6a7,100291615064555663
0xdde4259700e27872e6a631b5361243139f5db7b8,100000000000000000
0x34e4c45129070ef9528b1f7954737cf8366b4ada,98876727099357462
0x625dabe10e9bc70b95790d453f32ebe891e90826,97896130122726275
0x7986371b162f82260c270ae830397d2b0645f1a7,88531390000000000
0xe0d683c3f4c98d16b82d2f06c36421d401cbc64f,88113290000000000
0xb1158cdd1ece27d72a5334246cda723aec88a7d8,80649697481429673
0x605d9661b8d1965dd4b924931d998a98ee08ae82,80000000000000000
0x4f9f36fae978bbdd1bf888ce253f88463293fce3,73016930000000000
0xf01caf7f7b39fcf5109fc64797705dbcfc04b504,60925722074671285
0x76a70f399918112e8fa238ab42f2e9958db608b4,59186695889500000
0x0749c5345879ea717baa16f9cc24fb46c0920cbb,52677211987182667
0xd8afb210419c24c6d3faefb3ada219c73ed5ca45,50000000000000000
0xd83b3c2caa61a959cf238c1ca22ffb49375dae8a,50000000000000000
0x47115b2c43883bc7a026a432ea7244fdb878f3e7,49915980000000000
0xf38bd62dc355cc0c99cdc4a92d469eea8fdba477,49208531817608631
0x510a64a5f1f628e29be309c0152955b7493153a7,41619718974357100
0x4f82e73edb06d29ff62c91ec8f5ff06571bdeb29,40948075122154233
0xcc50bf2c25e43851b8817431a2434911581e7752,40000000000000000
0x173046dd0b9f8d3a996d0bb655c9cad92d4f6c47,30000000000000000
0x4ed4ad45d14a8e2e152447421f060256bb7730e2,27087439262390242
0xa78528385e4987f5d2fc2c455cc0ee9df74bb592,25424325623528069
0xb2d008153989d8799ad241f8a7ae0bd3a50ae416,22119069914620055
0xedd4b1f4836924ea0fae83ca8707b1cb180403d6,21916419756801442
0x5022d4a2afcfc276445d8a0e2659b8f579ec2042,14414353705086383
0xd5b927956057075377263aab7f8afc12f85100db,13974263397972393
0x0ec5fd4cf712398f7342611c039498ae84a7ac16,11719654507385489
0x7ec10f0e5e5918013c6750d331b3cec01fa4c117,11449914111102287
0x430fc9f3f5deea6fa85c2dc4ceccd209f047f531,10000000000000000
0x6ca8dcaf14c803527547b218a01dee5e1e447858,10000000000000000
0xfd1b7088dd283b3afee48b4173abf757f7aac8cc,9820000000000000
0xc0a18244bc64f1473ad1a8e9fb9324e8651632f4,9556400489564476
0x000000000023599274812f77725fbe7a8b4bdd47,8444249301319680
0xb2423de403f9944cde3799daff8ed2f6d78f8e76,8418073220549933
0xec88404c463596a66eae5d3d8d3f7283719e3cf3,7836204627490750
0xb28bb8af797e924c118ea40bd8993b0d0fe2154a,5549082587207475
0x00000000001a22419314fc795964148d4e49faf1,3940649673949184
0x200e6e8b9ad9e2eb5fb8674f511713460953aae9,3885194207676465
0x76b5f918085a37d0b284c392720d8fb6f6b6f030,3806706079789328
0xe15bd5adca443428b12cd5adaae3fa195ab35e36,3560000000000000
0x5d216dbe33820400d672b686382de75ba00bd78d,3066478666323587
0xa1e315594ca342ee8e4de9a640f689d8084aaec3,3066399340220217
0xc2b2db04aabf36bd854ee0660d2d588d16b56065,2907978734222399
0xd3ac4584c2966da9101b7c950d0daf69645a680a,2816948790362112
0x26b59bcb578b8834c88fc4dc9e947345fc98d16f,2738300000000000
0xdec930d90d520e0ceb959c8bf1fc6bc1ccc3a01b,2040000000000000
0x36d01d042a2604326b8e3fc20cb02b06cf56f3df,1800000000000000
0xbea72c591e16f5e1d885f1fc576a5cfa2bf458f4,1437870000000000
0x0bf2407339b01d312f35759938fc3d15dae9ecc4,1101000000000000
0xd83eb40979ca0dabe945e22629a72765dc9a39bd,1000000000196608
0x87ab908a53628cd662532167ac5091b3bddb7700,864917061864614
0x7ee0b1bf555c40fa205716c69ab1ce7295bf995b,805552846994219
0x000000000077577d85294d1936570f2eca8aa821,562949953421312
0xa413e2a2a07a824dad7f43cb3380d25daa324931,503950000000000
0x7b205c97f6532b6f775c4b68f2691e1c0f552a0f,500000000000000
0x3b1bebd6b190afc9a74c61ba592ed9fbd9c6ff77,370000000000000
0x40e163f31941e3656a05934816a10c435683c717,360000000000000
0x4bad65bcd24d1b6ee00aebbb67ba063507dd86b4,341400190521413
0x000000000000b6b4c2dc4f3f12159df0163f67e9,334251534843905
0x597fa3ff286d653e895bf1c66ed84d735cfa9773,300000000000000
0xb9b8c5050b6f8b319fd1440a539c0bdd412219df,281474976710656
0x8d5f6a51abe4039411d0a985939b6da4d1d63df9,238569664157749
0x78a6f0edd28c4b5b41f1aa708e5506eefbe7e06b,115609311419079
0xaf311d388a729f514070d52965e85f91e9a957ac,100600007251335
0xcf2ee3dd6cdf783dda3865fd6b25272ec5108682,100000000000000
0x45b09700055d94483148106186f11195fed9b0ec,99050000000000
0xfe7577ec6e90b7d2f781341021ba80d07caf028e,84371566632219
0xed26d9968091a494726a10f06ac7b651c76810ea,77440000000000
0xb6e5967aad40b4a42973682cbf136da820550989,63137668413859
0xdd6d87afe95a659f4072e6a240e24c540d124565,62335201542259
0x69d41cf3a47ba797c5ea5e63294cda0f7046a1a5,38100000000000
0xd0c56f8a76988b42529cf227c5841c3c884bb155,33600000000000
0xb1ee2fee2abd5ff9a2f98c3ec72d53f85ccbc341,32949160951059
0xfb7866d29de1042a029c8534865db66e7b5ec39e,28933255734794
0xad36f44c6ee03788710861b013d2a5d95bafef2b,28097862810384
0x3bc33ab89a2c28e28ce04ce581e1bacc5e3f71e9,25762206272188
0xb8649190296328f636d6aa3f89b0a4c21e2c3111,22330000000000
0x1296506c89c1daf464f6247ff6c49b96aeb545f4,12320000000000
0x27f7eb6328d127b75eca240b3b573cf338a376fe,9972487284328
0x33b8d9e8362e8be79366fe36e07058c7e5317234,5144798886810
0xb09602f120bd1725ed377945f7f229a230b567d9,4540000000000
0x32563e1dfe005c872bf39ec0d7581804e6e30688,1099511627776
0x44b02358b52d7af2970710e46a711048e6812dc4,1099511627776
0xf99303458619425e88a562b2271c4518cdfa6015,990000000000
0x4b500c904aa76c4c23494965b942119a6ef166c1,990000000000
0xc1e1b6ce22f1c8b2a43c183bca199def2499020f,990000000000
0x33ab777d1f13eaf789ad7f527ca88982ad3af471,990000000000
0xfe49f0ae166c6ca527a493d580d7ff7b416f6d94,980000000000
0xd28ad90a1d27cb4c65ac36358c3b6d818e1e596b,970000000000
0xa749525ae416be106ec829f82cc8f16d3b10f989,960000000000
0x2db91ce21654298e4567abe4ab65e6c686fb03e5,950000000000
0x53651dce59150465478479482226397311a1a6a9,940000000000
0x60152d3ab4f5989de66a1563f13eb3a8711c458c,939618558552
0xeec00c1b3393fbcee5c03ab380a3fc8d298f35d7,920000000000
0xbe3826db756a2d37196e6c86f58bfc52670e4dd9,905461341227
0x8ea81d2a42cbcc2950c04001be0922318b88cb53,890000000000
0x70b9741b2257353a8523ee4a3f8eda0e0fc99633,853413765554
0x07dc0f49c9b2eda023eb07983ea706a2a7399137,853265256846
0xda7f9af1ae1e190a935be0459202d973df4e8e8c,840000000000
0xf711418b1f904d0573c54ab0cf86b3dc02a64750,820000000000
0xf73d48445c42c3ca115fb0367a80ed2cd8a21e80,820000000000
0xd6b46f38b0ab44085674e1f53a0a93e5badfeac0,810000000000
0xfc74ab9120ede98b367d573ca89bff1bb1d8c216,802547450480
0x181da0f0fc5cd1fd6bc552e7fbf5a8ac329b75d2,771573436579
0xbba8a564747df74a5498c2cf9ed5c35d427b9c99,750000000000
0x2966a135800a11540efc80e4c195220c1a78acbd,750000000000
0xf7f7d78b667a81d066d99f59bad268ee34a43373,740000000000
0x90a56fb16c169151e6578ca8dad65b852a7a6b81,716984883647
0x6f8d3e8545d54fd9ab930b8270a65aaa3b46a1d9,703027024280
0x1b27859a849b67cf63925fdec393fafe81397fa7,700000000000
0x3d143b0f19bff51960a52d9ee483f4c28f525cc9,680000000000
0xd8a075e25d43f3bb626ced020c0e5baca119830f,670000000000
0x2e211973afe3f1075e7c4b215891acceb202530a,660000000000
0xd51a6fed66c31ea6680885c1d5b4c4a076916058,650000000000
0xcaa71646243f0cb936d81d5c28470767d9556b9d,620000000000
0x8dfe20f64679a7d9a412d8f477bac65bcbca73ac,600000000000
0xd2072fd4bd4eb67dd9488e538f6876c6053559f8,600000000000
0x4d563a89eaa61dc91cef6910274bb6de55387720,600000000000
0xa65387858e0c953febade557e2680f80aae06ea1,570000000000
0x511210330a4dab97869deab5866833be00746e3b,570000000000
0x86995b7675618754a16e140765be940b9312cf3c,520000000000
0x0205a6ffc66f567a75a9e65bcf5cb745b3a88e49,520000000000
0xc29642b2ce71413e5d76b081d2a7ce57bdaa5ade,510000000000
0x0e3b4ac332f359767d53e1de081796ab950c46e9,500000000000
0xf54326974d13f17544cd8d2d8827427f2517888b,500000000000
0x399d8135f708da472e2f141477293f746e15de64,500000000000
0x201846dc29b2ef5b07365e4cdc2c75cdd9eada5d,500000000000
0xc4adcc899c7eee96a8429e6d43f0271582efc2a4,500000000000
0x51873636195772706719a3505933fb6396d8a06f,492627003652
0x29da85e8fcdfa77c6c226b380cfdb5429a630802,490000000000
0x6341ba848983acb5f46152478ebd9f94f5498662,470000000000
0x2eff3d49530d262d32e9a9c3c7406d542250885f,440443318485
0xa726f7a3fd6431bceb03ef3f60a6e3f444375071,420000000000
0x6e2c4fc196dba26bc3bdf67750478b1ac38082c2,403497488601
0xc3875fe377243ceb4bcd2bd304b80c2547e53dd9,400000000000
0x9f8d5b0731a0928adefc0e82725a926568807ec4,400000000000
0xd490b19541881c65739e5d048ee7ec8d152c4fc3,400000000000
0x36b3592c17f93bf98eb44c30f396e3380e838308,350000000000
0x61259b1f33791c87317ccc8786b67af261e47702,340000000000
0xbccbbf8e12a02a3955e80e2597f932a6c34fbfea,322799460025
0xcb221241ad4b46e223d00d17a9b3f8afd92b7a54,320000000000
0x24edd95588531bcd53aad7bc31c855bf2d84c56f,320000000000
0xef181b6e62f1296c3ec3e51e2080664b165171e5,320000000000
0x783fb80c4d53c0a97df6664f2450547f71793408,300000000000
0x60ce83bd2bfe7c355509f0fecc52e0d027636d3f,299130096036
0x368331ba9283809ef22a33f3c068635c748dc374,267751860702
0x00fc2727805eb79e987b20c032ca4facb0646c95,253798490433
0x5da05415677d1703736eb3a89ed8f7af956e5545,237747993770
0x66c08c314bcab6468139003d6b15ac3ab282cd8e,234055896219
0x2a3e299acce21d4f4c08d25ec70203069f3a081e,230000000000
0xdbf6246f75d02a36fea284312bce7f0ff43e3424,219300594898
0x00fb12005ed6cb0efad94ce9a808800000000024,210094188032
0x0387e9f124ddc10710a4db78477576e35717715f,200000000000
0xf9bff4f211002dd2ba351d45af166c8ecadf8dfa,200000000000
0xef49c263973c166a4c39c57c2c72155f6f3776db,200000000000
0xe1a0ed421c48989603e99c73c14fa211ceb06dc5,200000000000
0x8fedb0419972781dbf790c0b790aa2494822eb57,200000000000
0x1eaf8eb8436f6909efde270cc5eefc708af9ccd2,200000000000
0xc9cb6a050dfbaf203315787f68864c30c7e822af,190000000000
0x7392fe7893691b0b98fb809af0b7a347b610a627,190000000000
0x8d10fe5e39e3ded9448e3e2650d00d078cdd4e21,160000000000
0x3c354c60c4bc6ac537e5b58a4836b5959983c15b,140000000000
0x5319e3d5b3d1506c0e949996cea8769e1acdba41,125704944135
0xa1077f834c665f177bd54035aea2c6c0181e0f71,125566588700
0xb30d80d22dd4883fab5dbe6e4aa059505a963a5f,124573728847
0x9e0cbd116f03a0d768d589ad3ee3b91452662e98,120000000000
0x5aedaa52c398aeffbb22d26e249b8f4b9ac37f2b,110000000000
0x7a7ceb8e2d775eb535a885f2bd3836cc8f0d1de9,110000000000
0x14b3cc32c8e50f8a66011fa958a21e09f8979407,110000000000
0x5a594a5865666e69d384556bcc70f2062eff879f,90000000000
0xeb09970065202eda2cac9780cfb3786253c6404b,80000000000
0x667a1c2f0a47cb06b30c7e19d8f668de1dd95dba,80000000000
0x4beddc281634ab9355c61e17be5b4cbdef69b07a,70000000000
0x8f85241a02241b7ebbc4287c1d9d175acb8f5452,50000000000
0x1eb94f87394448621c6599960053325cef419a38,50000000000
0xb4eaa428980dfe789813f8de4f06f070d737dd36,40000000000
0x74e3bcd6720ef6ff859723c1538b6a438be2b33c,31686949420
0xffedf092e6bd6411b01cfa671fd3c764ba10a68d,20000000000
0x7aadce88095494e6117f1aa51fc9cc01beefdf80,10000000000
0x3040a5828cde05c77d909d40e07fb5736f76d3c0,10000000000
0x7212e5660d54604f5775ccca2588294a89d82f9a,10000000000
0xb286cc6bfb66f0c5974fcc8c84ae0f7de6d8f3bd,10000000000
0x67839a8f3016ed901ad5ca11d034ba0803b115f1,9999868928
0xe62141fbe061248c46491ad62480f4ca83ffcbef,9999328256
0x323faff02af3da3b5563b5689289b9a104235f73,9995071691
0x848deba560838822ba37852208f47446f2f8ecf8,9891337842
0x089a4055b37e033675538513d84841b99a32226e,9771854135
0x285bc5a7cb915cee7079378b971879416f2a0053,9401918219
0x87ab5c85fa6c0dcf24e661f88b7b60ea1f4b2d65,9157571892
0x1e2dca36c7bc31a3c730ad65c34b89112f567215,9032297612
0xa00c3156c010ef79f1cc04967263c5d548ca6eb7,8915139660
0xc86b1587b07201b6e9b6e8b6bc756c5e84e19694,8561296582
0xd40801fd7004c8be95d3e7f661c959d86bb67bcb,8468312294
0x3ee93d3750782e271d46e5d380f9c2e78aa11049,8335415146
0xb565820cb31adbebb5520118d4a786208fac3887,8210701543
0x399e53df170948ec2d0f3aef1053995774f5c024,8111538176
0x46d91278dcee16a297b51cf3d2b79ae2cb9cfabe,7409277758
0x90a76ef0265c98f72f2b1f2d6a341be46e0894fb,6900791172
0xd406056ebc52aa0d18b2eee6ed4a04d7a1b1b702,6872562335
0x22242bde5936556f0deaee69ae21051a4fa52d64,6791373445
0xbc1a7450fbe29fa3679def90faa36b9a714e3001,6617744856
0x0289c16586de65162036e04c7327edc47280f160,5935142293
0x974df6e970e3824c50e538cfaefef0c211fa4176,5779604817
0xad08f481bd0d2f2eade9ac9a90516caed1ef8708,5447013530
0x58bbff65a217d21eec35ad02e839656ccc11d0dc,5183561067
0xa431c620cba1bbbdca34c80811aeea02118160d2,5155195660
0x5c1a321bc1b5c72b94b248873be49ce122c21626,5022411102
0xc5529d9d3b81fa6bc89c1894ca7fda84f9d05e67,4894888997
0xcec1e08efde997191da411cde955109ab6d24190,4748092964
0x996d52016a6723528f6a55bd39940a76435a3862,3858683503
0x5271bcaabd641e4fc5b4dcb92c9b4b324e7042db,3775394060
0x15c8f61b88f9cb85456fb4b3d9d0420ce0f1752a,3460411723
0xf3e5818adafd37c01a4e4c26220a9be2f29941c2,3325114555
0x276cf94ee5e2b5689f9f5bf3603006282576e033,2537355788
0x8fbced0aa45b8da2cde36d57bb4d5f13d96cc0ba,1831828073
0x4681c58d198862e8b9d6460fc5890ae6856907a7,1781297854
0x94b114688f62d016eb41052c470ebf42f0db8e5d,1208687688
0x9278d7ea94f5064dcafc9e57e7a66de3f3261fac,750675931
0xeb20c7b5b86c0ae1f7b314892ec1e2e74fbaac5a,345276789
0xdf940f2372f50cc706b4028548d9d0f7457572f8,239617717
0x390924579e6e1412216d5ddf3e69a6eaa7592769,146677394
0x2eb7e7adda15c577b77aaf8ef7ad4ec3d71e7829,99999976
0x7ac10657e63d2e4cba9f3c8a0da3f26da15339a4,76015661
0x89388ea5da8334333c868551521c3ad7546f3054,42650517
0xaeeabd35c92f979945f11a298f709f33d084d1b5,39115548
0xa855ace74fc948ed4c48ddbaba6a2421ff5b3352,9895936
0x4dc0aff896cd498efd930093831d3ead3ed9fbca,8261092
0x66c2ba838fb51aa15833de97fa9be0dd10d2bcd7,2162959
0xe6fcf02563aaebe5661569842e008811f02bb3fc,2000000
0x5da12e99749ae98cd64aa092045ed210a517f99e,925964
0xde3dbc866e6434a6fc7711d8701d2fa006de16ad,765785
0xa80103394e117bb1c4432963b53105d264e5fbec,726910
0xe1e0221eb210719d58e39266b0b649ba542cbd95,680335
0x627c1b0584254269f9c8ff7049addbb4c399d502,595887
0x88c2aaf68c16f2c489dffc9a6699b6b3194551b9,535510
0xd0edcce813250f9b234e107ca3bf2fa0d2c77f25,343439
0x86f6eb5bd6f07f5be1cbac63eea2ff84b43efd12,306866
0x7986104ae63943b489d3fe7d57722cc3c466a1db,298314
0x8bcb90064a64d76c5c4f3bce26beff0aa22634d0,209713
0x400ace05a7b8f66a32e16a26bbfb8a5901f608ea,190807
0x7618563630183e4ba40106d3ea44a5392e2d6f93,134005
0x20085c7c6235c1c64f6d3decd488547de009b6f9,99870
0x7eb27b964584bb72dd9dc640eea491b3b77b820e,89386
0x79bcc16ae58011b33998c70bdeca5bdfcaa28935,65536
0xc12c1f1a2ab205db634d32012b5f574fa47317c1,35778
0xeabea54e1699e8828f913b8dd0eb9aacaffa116a,30870
0x81abdb667c6b5a855928cfec1a5fd89b3bda0c00,26040
0x64dd12694c3f7c691b913a1c8bea6fb59b19e120,25011
0x60ac476a2440e499e9e701667d9470716064aa07,19544
0x6acafd94e1a4348ae82931be77733d2066dd6ba9,9915
0x493e0c7fc5dc1ece0319831bd9154e87c404b551,5951
0xe965f3c7451fa7982afc9c931d1ade8b740fa0c6,2840
0x34e1fd05cd86e76916b2f90d536a2bb5aa0eb74f,2308
0x8c43fa389703c08d3049f71dad40ad585236a97d,2027
0x86d859062deff68fad78d2fabd64dea2e1e43cb9,1732
0xaa0a4b642ba089226b4496fd24ad2db239d97c22,1462
0xcd29a988f47330a01cbcacfb4c3199a01513f9b7,630
0x5b5690123a9eb3a0efcd72c4cdee4fad967319f8,610
0xc6da8f895c91483e5a9ef628f834ab07d2ad0890,558
0x96794f03b3114f50b892b0dec79d753658c931ee,468
0x6827ab5b01b02a594d9d36f2ffa787f6c7c5a72d,372
0x3d06667a038791f116612e66a9d2c069bebffb43,166
0x27f9f6fda8f78bc50c8f51289114f727b8c0a8b8,112
0x5fca812874fb3c90c4dab0d5cc88a36018ddc74c,75
0xc548b6642bb4ac8cf11b1bca2c5c07087658c65b,48
0x08c1ba77c6f8a444743ca65628980ff2c5221aa3,40
0xb9b9161c6440353d30e06f6a3f93cd43bd1e3907,21
0x3e5ac0ca2f9285592faaf835f648a943b456ea47,19
0xb5cb0555683fae26b05c0fce65fba5699e26e5b7,17
0x0000000000e715268e0fe41ced1dd101fc696355,13
0x3e58dd42d7908d8924a599e5e28e15f4f58c4075,11
0xf7cad107c572bf7b1c3f957576e13aa3f18e5e77,8
0x26eb17cbcb2726dd62ba2d62b5cac3c40be16be9,3
0xd43154ca8e7e1b769218d1fb202b9efc18ac7bcd,2
0x661d4d4785c302a56d7cb8a92f130d319bc25e4a,2
0x9f0a69adf9ad90aa1e4c888fed9c8c3c0a23ecf6,2
0x591f9501709cc39d1e3815b09b516ec721f24570,2
0x927f66da8a9c6d5f33c2af683c6b72fff09198d4,2
0x0985cb79ad6e1d1e744f29a1cf6fcb3753065ee5,2
0x713492458406541c5e9e591eed7bb329f1a9a3a3,2
0x0000000000cc1ffb95df1486af6dacb26d6d1af0,1
0x0000000000007cf14b1600832c7a2f4fbe143033,1
0x0000000000016a723d0d576df7dc79ec149ac760,1
0x000000000000d43e334f64e2ae7a8cf488f9ca91,1
0x0000000000001b0ead393ec554c5230004590aa4,1
0x000000000080bfb4319a2d940140bf073cac846b,1
0x0caadba255509f1089b6013e3287622d7c18305e,1
0x000000001c0c89098a4a2e32b922eb935a2731bb,1
0xd84760c47200ba3ea72914f6cab668c4ce17061a,1
0x3362f0b423d306520d3be7f46c1cc989f7536805,1
0x874116519a26df29991bed5f04d5547d4beecd77,1
0x000000000016bebd9223491f2394763c60a58431,1
0x00000000013ba09898c0b3ad61a204834c697e9a,1
0x1111111254eeb25477b68fb85ed929f73a960582,1
0xeeeeeeeeee1022c0e53a97fcf01d4673b9a094ef,1
0x00000000007124b71d5d286b3863ec8dfcb516f1,1
0x0000000000dba7f30ba877d1d66e5324858b1278,1
0x000000000000e1c1468bd432d570daa4ab5bf246,1
0x03c179bd168b2e61deded04fd37e9417428241b7,1
0x16fdcfdc2a5d713415da009d349b53117dcb1f72,1
0xa52620ad5eee45d158e4a5ace8dc23b45feb25a3,1
0x000000000091c4f781762b78ca44e68ff1ed84ae,1
0x7f9e3430880580713b03670046c7e89a0a91403b,1
0xbd491e84fcea1bd3a829d0f39713ac3563ded8f5,1
0x14831f12fccc86c4f3dae41c769593df766e4353,1
0x0e74658bb50e37f67dad28c3f65bcc6ee4bdc00d,1
0xeb3251f1cef4f8abcb28b1c66dd03a3173a0dab4,1
0x00000000002798269a42b725eb4581a87567db87,1
0x87d8a351ed7d9a076879e4d73d8c65782cb77219,1
0x1ff9c5eecd38de16ec228c801c351665a99f9a5a,1
0x000000000010a18a73418132384a45e457e75dcf,1
0xa08aa383a21bdd5584bfef72e8d1f02c0fff8412,1
0x0000000000275508225df0cca6a8a5ba83357a9a,1
0x0000000ef0011744625ff309cb2b6ab7b5e4a9d6,1
0x000000000a7324cfea3542673fd52b4f3962fd52,1
0x9ac1ff00cf057e173b4393bb02f318cd81cf6246,1
0x89c050cd95c73a9354fcf02dca36e70d3cc8d200,1
0x0000000000e0c43ee61460ce6f2bfe79b69b1b13,1
0x000000016618ec01b08ef100f3e79bda22830420,1
0x00000000009e6b0ccb80e7fb1cced2d773428756,1
0x0000005593693b59ace3e0c50981aaeee42c528b,1
0xff63afb97b2612dc86828997eae6bed5d67cc3ba,1
0x93fe567f19c9cdea1f6da70d2a03999f6c953fdf,1
0x0000000e98f8706b3be5c1baa85ee508cf88a7b2,1
0xe37e799d5077682fa0a244d46e5649f71457bd09,1
0x000000412a24ae1a912de572a5ccd707b0c07fea,1
0xf081470f5c6fbccf48cc4e5b82dd926409dcdd67,1
0x7aeb43a79574a00925736993cdbce3642a71e755,1
0x511aaacd5410eb908d0ad0eb9f25190da4ab84c6,1
0x0000000c6e715f038b33a8c99e0be1c8db24d70b,1
0x0000000de9107fa6727cb4f6db2240d93143ca32,1
0xbadf00d92a1b0d5cd354c20409dce7da46bea8ca,1
0x0000003c4ec5e9107de442f486e7dc4143170fda,1
0xb317a35e9be94639e999a0c7b97100c3098176dd,1
0x00000002c2738581f7cd7aa930c1ae1bdd46b071,1
0x945de09a91390cc2b4fd3768e4a5df068d68875e,1
0x2b7baff101d22c52833da6441779acd36649f545,1
0x52f209c6ae7f43e50b0f6f70bc9fa119a5701798,1
0x0000000320e9b9069e667bb26e57e8e031912725,1
0x17de18316a6503546ae79a98f6b187b50e81aad9,1
0x00000000000a00608a932e463a3e0be7d9a1a190,1
0x0000000987b5eb46e01b07653135a2dabe483f4b,1
0x0000000256cdb6d26cf9fd79229976b0feaecdf4,1
0x0000000098c14c87dea366a372ccecd780b325cc,1
0x6a000f20005980200259b80c5102003040001068,1
0x6bea12979e435d764e50ef158745cdc98684f9bf,1
0x000000005f9c3cf45e9ab1608d6fe3c391ff458d,1
0xb42f3b5cb3c2b7c2e093d4e61ef5eda59a0a83b7,1
0x2949bcadf1f8f408095d05cd17888a2803c5da5a,1
0x00000000a3a0c92e5384cd5ab495db13ed07311b,1
0x7693517008eee395e93dfc8e784d48e667222fa6,1
0xd367fea31aa026a3765352d474ca030b41d93f91,1
0x00000000600f2f3015d1371c009a409538d81c19,1
0x000000005d8c78c27251a80634fb826da34020e1,1
0x79f11b7f2b5a9af57b41207b1b68274afa8637e8,1
0xd2cce0dd41107a7ce066f66c8582ce1f70440aea,1
0xf0f27f141991405621f6c572ac33b675a8735535,1
0x9da073ce54aea1de002b7d70737756a6aeb477ea,1
0xf722907704a49c0f8e9fe06a92987bef48f7d7dd,1
0x0de732e56b6366feef9141aa104b39daa2551552,1
0x48b7520dbc82ec93f42965ae3897407ee3557401,1
0xf386ce27ddd20085e79a80ac5297cebebfd65384,1
0x4ca5a6a43e08c548b6bf8aaaaea40a585c074686,1
0x39a0ba1ac5d5e3a36d6abb8c5fc9a352f915722e,1
0x0000000040ac064de24cbc1cb9fcbcbc033ee5b6,1
0xd69d78743573197533270b609c7d7d15c76bfeee,1
0x000000000074bd6ab0f56809e53c590e24f8b8db,1
0x4a50dfa71ef3dac520a685427a1bb8bbe30608a6,1
0x695b257c0e67b42e675c3f9552a0b5f19ec38c08,1
0x0000000000ef40f5e9e32ed6c4d6ab4993c0e850,1
0x0000cafec60cb34ad15e580a3eee06a6fe1a1cab,1
0x881443a59a494d630c60f1adbc46136b712d97fa,1
